path,label
data\processed\Allaple.A\052db292506fabe9377eb3a659cde479.png,2
data\processed\Allaple.A\0017228b48d9c78d62a73ec443ad1d98.png,2
data\processed\Lolyda.AA2\00778047cfd4b61d67a726eb09d2cfcd.png,13
data\processed\Fakerean\0599d3f5321617ee964e0cb9a10bc572.png,10
data\processed\Yuner.A\03923594e27a9266824169c6fcc058eb.png,24
data\processed\Allaple.A\088bc17b1680cd890c4ae807563387dc.png,2
data\processed\Allaple.A\0682189bf33dc3d28b939f525350f7c7.png,2
data\processed\Yuner.A\010ade66e7fc02d2fb67f84417b458fc.png,24
data\processed\Instantaccess\01c6ec20304698d39b53c566b85805fa.png,11
data\processed\Allaple.A\060a35da4763bbf7765e29c977050526.png,2
data\processed\Allaple.L\07334bd2d14279912b0beb9288d3ec9e.png,3
data\processed\Allaple.L\03cca9db7f694f7a6d793072b64556a9.png,3
data\processed\Allaple.A\03d753174cc1c55e3d4bba0644d015f8.png,2
data\processed\Allaple.L\01caa03c7af15d2d2f396b61f55a5d63.png,3
data\processed\Allaple.L\0334913c6828a7f135ea51a1bc7d4c00.png,3
data\processed\Allaple.A\044597b0149353b96e4064792d9b1ad7.png,2
data\processed\Lolyda.AA1\00b824dd25bd75a6b976466a89ea131a.png,12
data\processed\Dialplatform.B\0116d6efaac0d57e5e23b1595334c5a0.png,8
data\processed\Allaple.L\0632ca759afa1bc74f4efc638e07ba1d.png,3
data\processed\Allaple.A\012d5a7504d89da3f7ffb1b2a22343dd.png,2
data\processed\Allaple.L\08556b70b4b2a82909b58d05c692d17b.png,3
data\processed\Skintrim.N\00b1de90c05cb1e0841ff8c491172dc9.png,19
data\processed\Allaple.L\0836da95a271c36aa3aeac8fe1d0099f.png,3
data\processed\Allaple.A\00243387fbaa04d5bff98e6cca552c96.png,2
data\processed\Allaple.A\017bd34829b86035c7990cc65f1a8649.png,2
data\processed\Allaple.A\00337f76e1d23cca4f255813f661f2ca.png,2
data\processed\Allaple.A\04feec4cc468207d2f1c3515872a0a69.png,2
data\processed\Agent.FYI\07310a8e5541a217284dd9ba48f99721.png,1
data\processed\Instantaccess\0505f72c71960043dae1c637bd8d7c29.png,11
data\processed\Swizzor.gen!I\04ea400082107d1b3cd9831f29cdc945.png,21
data\processed\Agent.FYI\003b6c6452b02e5575c101557032f8b8.png,1
data\processed\Allaple.A\07356bccd5420742a9a3b772fb97289d.png,2
data\processed\VB.AT\00f7cc1bbfc88a2f1580a2b5db34ce36.png,22
data\processed\Wintrim.BX\00e6b2fc5461089541fafbe51d082b86.png,23
data\processed\Allaple.A\04d6716dee0fe1aa466c12c9ae8b3344.png,2
data\processed\Allaple.A\0878307f02fc1d33b23cc70f04a64b39.png,2
data\processed\Allaple.A\00079889a786b8385ba154a3ad77cb34.png,2
data\processed\Agent.FYI\0088ec78f2ab6a71a542621d65001ed2.png,1
data\processed\Alueron.gen!J\0195bc49e39a8fbd455e20abc8ae1e94.png,4
data\processed\Yuner.A\053ac74b6e1233fb7979975491daf59c.png,24
data\processed\Allaple.A\03c23461f16cba50c7306f49340f9289.png,2
data\processed\Allaple.A\00757eda0c06a23c7652bab59a130078.png,2
data\processed\Wintrim.BX\00f2a8fde8a16ad3302fddd660a1cd69.png,23
data\processed\Allaple.A\00ddd2c060aad28b5982cf8d2c86e285.png,2
data\processed\Swizzor.gen!E\011968e144033913efab3098438e8c1a.png,20
data\processed\Allaple.A\0320efbb04d55997cc449f94786cf350.png,2
data\processed\Instantaccess\07dbce5ec7f6dcb0a63ad6d28b7d28a7.png,11
data\processed\Allaple.L\002333edb0cdb4373bbdb0098f675448.png,3
data\processed\Allaple.L\062b813ff9471c1ea04494fc1e0cd247.png,3
data\processed\Fakerean\0304bc8debc7f418b17e21b4cc9b44b1.png,10
data\processed\VB.AT\0745f407412cd346b65ce1915f545728.png,22
data\processed\Allaple.A\033edb950a21a112d22a8b639d382bf2.png,2
data\processed\Allaple.A\086794463cb5e23b5159cb3f2e6fc6cc.png,2
data\processed\Allaple.A\081b3c9c944fca183ace5598eca083ce.png,2
data\processed\VB.AT\01d7ad767bd3da9de0958e0aa19a8c05.png,22
data\processed\Skintrim.N\003970c6836945433b0791e21c343395.png,19
data\processed\Allaple.L\06524f125eece7a54370609287188980.png,3
data\processed\C2LOP.gen!g\0397b1577751402b5c1c5b129435252a.png,6
data\processed\Yuner.A\07050f03476367d284f6e026838e223c.png,24
data\processed\Allaple.A\04d04ad48979da8e9462c5360afa4c3e.png,2
data\processed\Rbot!gen\0a93d76ce495bfebb9f54e2a1e9d4c17.exe.png,18
data\processed\C2LOP.P\00807a3977367e87eef7927ef2e40404.png,7
data\processed\Lolyda.AA1\01dc528acbbc4485985afff8436da596.png,12
data\processed\Allaple.A\0172b2aaaf14afdc1ff947b73bd44417.png,2
data\processed\Allaple.L\0408d31bce9c8d3d3c6f86398b960a07.png,3
data\processed\Yuner.A\08725f2c5e6feef0bf0d5eef88ba766d.png,24
data\processed\VB.AT\070e263bf671b6666ed3db0d59ab0bd2.png,22
data\processed\Allaple.L\000ec32116dcf1a5e73559bb2db256c3.png,3
data\processed\Allaple.L\007787ddda9509b2761192b53ddce1d6.png,3
data\processed\Adialer.C\000bde2e9a94ba41c0c111ffd80647c2.png,0
data\processed\Adialer.C\004935acac9e9afc9ffbddb20d5460d4.png,0
data\processed\Allaple.L\0518c52c8ff3676d1c98ba5fc4affa7f.png,3
data\processed\Swizzor.gen!E\065fcd252b4b9a2a7fe5b00ebb54e5cf.png,20
data\processed\Dontovo.A\04a141d6e9fff1d90d47b7ad51f12029.png,9
data\processed\Swizzor.gen!I\00aa8400f469ce3b0603fb4a77529f42.png,21
data\processed\Allaple.A\0822c71a0ac54801fb58ae4c3bff1bb1.png,2
data\processed\Yuner.A\00e8553e46cfb131a647d7ffb2e91dfb.png,24
data\processed\Lolyda.AA1\0030b38f37c96f36cd25c124a62444a7.png,12
data\processed\Allaple.L\00c50782d78ad18522e44db13fe88f86.png,3
data\processed\Allaple.A\009f4c084a72a0ee599c432a063ea2ca.png,2
data\processed\Allaple.L\03d83bbf66d1c870c384d0323dab3d6d.png,3
data\processed\VB.AT\00d0e254bcd0fbd5277192ae5df5115c.png,22
data\processed\Allaple.A\0872bc70c884d16db213177d897c9009.png,2
data\processed\Allaple.L\039a8ded51fd6659e8cad567d69f6567.png,3
data\processed\Yuner.A\040ac3a4d2fae393f805ef990db0858b.png,24
data\processed\Malex.gen!J\00ee1f67264d8149384f37bf728596b9.png,16
data\processed\Allaple.A\04b02c9e29e741aa5c33733797958102.png,2
data\processed\Obfuscator.AD\068e95cc9cce5f9a0bece43789f85c14.png,17
data\processed\Yuner.A\040c49b5b9e2c413f936c970c886a039.png,24
data\processed\Allaple.A\03adda83c802bdd9db16a29bab57407d.png,2
data\processed\Yuner.A\01c6bd9bee85f403c268ff1784cfbe63.png,24
data\processed\Yuner.A\04e984b63053bb30eb91a0b908018c46.png,24
data\processed\Allaple.A\002b1ba055e29bcce911520c0caa7728.png,2
data\processed\Allaple.A\0752ea1a538fccde5ed87550d01dbdfc.png,2
data\processed\Allaple.A\019a3b3478d95622f0373f5facc1fca5.png,2
data\processed\Yuner.A\001f1c55e044c642f5ce08feba9ca682.png,24
data\processed\Instantaccess\0631ecf8d4d80154b6ecdeb23dbf34db.png,11
data\processed\Allaple.A\039ffaeba5564781e39d8d9d0c25a7c3.png,2
data\processed\Allaple.A\017db2c5c8b789fc192643cda8b72a9d.png,2
data\processed\Allaple.L\05619bcfdb8d49ac08c75c4e200170db.png,3
data\processed\Lolyda.AA3\00676620667992a6bfdfbde7e25fe29b.png,14
data\processed\Allaple.A\036bb61dad09e36eb8ce8ea41b4c3469.png,2
data\processed\Instantaccess\05cd288462a658760873a3040e2c7480.png,11
data\processed\C2LOP.P\069c6a032d4db73965b94cf240fe15f6.png,7
data\processed\Allaple.A\057281550bef274e15dd112828dabccb.png,2
data\processed\Yuner.A\01f79096705b7346747b8c0e0ae2f256.png,24
data\processed\Allaple.L\0138e586eaa06d93c559a6ca616310dd.png,3
data\processed\Allaple.L\000187f141bf092749b73f444d616612.png,3
data\processed\Lolyda.AA1\00c5bf7d361509b0f82e682bece06933.png,12
data\processed\VB.AT\0788d68bb73b5ef7140c1795aae12537.png,22
data\processed\Yuner.A\048e90962ced23fbad10ea344412bee6.png,24
data\processed\Autorun.K\03a817e4029c5c0c62c33b1ce75bcfd2.png,5
data\processed\Instantaccess\031b0055bb52808297ecd230ef902799.png,11
data\processed\Allaple.L\032e5087816152acdc17c483a347755b.png,3
data\processed\Dialplatform.B\072bfa69831bc7b961303724c2978c6c.png,8
data\processed\Allaple.L\00b808b81bec5ec8cd6d88e8c1171b73.png,3
data\processed\Fakerean\0073d0d754fe54482b8e5dc7356032c0.png,10
data\processed\Lolyda.AT\014f7e54ff1e945ac7c56c1ca3175c51.png,15
data\processed\Allaple.L\03203c1804b0a5e723909ba3f1bd417f.png,3
data\processed\Alueron.gen!J\0773b15bb45ca8d340ba846a4ff50f4e.png,4
data\processed\Yuner.A\03f56f720a1814bf7d1a63cd9dd6f44a.png,24
data\processed\Instantaccess\037a2b33bafe37ec3311ed31f8e023f9.png,11
data\processed\Instantaccess\06127b2a2432d4ef3b196a47373aa6b1.png,11
data\processed\Allaple.L\063e1116d5c5adbf49128c579e84a7f3.png,3
data\processed\Allaple.A\067ac41854a1263765db0e46d2093273.png,2
data\processed\C2LOP.gen!g\0148023bbbdbb44c1e4b3806f27a2e88.png,6
data\processed\Yuner.A\005692799799a1aaa30a16d2cc77e5d9.png,24
data\processed\Allaple.A\006a84130e324eb1068a6f9305fe44cf.png,2
data\processed\Allaple.A\030ff5a3245a3459ef2920d0a0a104f0.png,2
data\processed\Allaple.L\058910e8a2c1e23dd9b140572aed632d.png,3
data\processed\Fakerean\03e9b1c50e145a40347155ec431e6dce.png,10
data\processed\Autorun.K\00a06968690df56539240b7766781b7e.png,5
data\processed\Allaple.A\000012cb3104b542b482df95cd31cec2.png,2
data\processed\Skintrim.N\0004312bd9cd6545a9abae5558cf4541.png,19
data\processed\Allaple.L\00f36b402b6f09a602d38eafcd1b6a74.png,3
data\processed\Instantaccess\048e2dfecc48c51ce89990d2fe832440.png,11
data\processed\Allaple.A\00655595bdc58cd39bd5845bf72ebf71.png,2
data\processed\Allaple.A\00c50cf97348fdcbc76e4c5d97062bdd.png,2
data\processed\Allaple.A\0638831a591fc8801d38bbd476ffbaac.png,2
data\processed\Allaple.A\019e7a5a8759a2b700ecc1464f848242.png,2
data\processed\VB.AT\035a3f8b0f91a71b3b6c617b4024af30.png,22
data\processed\Allaple.A\013b12dae78f3481863e533396ff8a3c.png,2
data\processed\Allaple.L\03264ffc4eed1c02f57e75329fcf3c7e.png,3
data\processed\Malex.gen!J\01fd805c2ef6f5727780b15d06b34e73.png,16
data\processed\Allaple.A\0366d7c03ecca903674d4273bc138f65.png,2
data\processed\Allaple.A\00f0b9eed40ffde912e8193612ffeeea.png,2
data\processed\Allaple.A\06264be2a8e72aff6d7b2bb3503b2185.png,2
data\processed\Allaple.A\05388b0cceaf4787d9abab61c7ed041b.png,2
data\processed\Allaple.A\03ec1582d2c94c1b2c82a8453c0e6ac8.png,2
data\processed\Allaple.A\00d86ffc706f3c96fbba8d3be115eebb.png,2
data\processed\Swizzor.gen!I\03c7df3d6f90bba5e1a4eaf2ded8ed84.png,21
data\processed\VB.AT\056d77c06537195feaecba8d86ced5ac.png,22
data\processed\Allaple.A\0376d2f66cb669ca9dabd1abf23e1666.png,2
data\processed\Allaple.A\08b15e90792f874a1e795f90da64d5f1.png,2
data\processed\Allaple.A\0306ac815ba0905ce1a6f9075f4b4f61.png,2
data\processed\Allaple.A\05472affdc7481b4f810d475db6efd48.png,2
data\processed\Allaple.L\068fc6c302a3a9d3b8eb61dd035f800b.png,3
data\processed\Allaple.A\07e833646f7a8df446d9865f4eb16902.png,2
data\processed\Lolyda.AT\052aa1312fb26a8e3d7321dc81318c1f.png,15
data\processed\Swizzor.gen!E\088ca9d0608d7170fe07bb8a2c249910.png,20
data\processed\Yuner.A\052e71603d49a750dcffb6578d8d2b5c.png,24
data\processed\Allaple.L\05250eb92e7d329a17dfc8e76f483c4b.png,3
data\processed\C2LOP.gen!g\0717e33a5378359aa9c47a5dc8ae228d.png,6
data\processed\Swizzor.gen!E\03be983e1c28332a016aae08c52f58c2.png,20
data\processed\Lolyda.AA1\00f3bf78b54dea36155c9d7268ea9da3.png,12
data\processed\Allaple.A\01210fed20839faf6654b02e78cef557.png,2
data\processed\Allaple.A\07bc80c1bc93d610b126f60cdf2b69b8.png,2
data\processed\Swizzor.gen!E\07ea65295a9adf0c6b12b54f057fb109.png,20
data\processed\Instantaccess\00d917ec66e3f6ae378f21fc6356e5f9.png,11
data\processed\Agent.FYI\0621339939e5ca96f252edc667afb011.png,1
data\processed\Yuner.A\0773ae0fa6c56a53bffa5437483a29cc.png,24
data\processed\Lolyda.AA3\0080e7f7435609fd07b185bd5400c898.png,14
data\processed\Allaple.A\00af10aa805d9c46e5374c9feec77819.png,2
data\processed\Lolyda.AA1\007bed2d53209e27dd8538bc966dfa62.png,12
data\processed\Allaple.A\000f15e50be78993a45ced90d510b7a7.png,2
data\processed\Agent.FYI\03f4c9135ff35aa0f0e2045c10220df5.png,1
data\processed\Allaple.L\014a4d972383915e749b691bb0cba00e.png,3
data\processed\Lolyda.AA2\003580aaf135dc61258992ed859ae31e.png,13
data\processed\Lolyda.AA2\005d928dff7058093a62cc9c91dfcf5f.png,13
data\processed\VB.AT\04e8f06ace3f0f9c66591ac8a5e912ed.png,22
data\processed\Allaple.L\031941126f67205630978d22d4977c7c.png,3
data\processed\Adialer.C\068f9e521028f506b8152b923c4bebb7.png,0
data\processed\Yuner.A\0147c4d86fda100b3237c44f278fdd28.png,24
data\processed\Yuner.A\03c88a09703dbe531fab927510e39024.png,24
data\processed\Allaple.L\03ebbe5316d0544fded59abaadd20942.png,3
data\processed\Allaple.L\0651671ce760ffbee5e9433b80724f2f.png,3
data\processed\Allaple.A\048976261e53bba20998bae4a6d78108.png,2
data\processed\Allaple.A\053d0997e65f1fd9bc9c628dae008a07.png,2
data\processed\Allaple.A\05dbcdebed779a4635f0fd7329c2c1d1.png,2
data\processed\Lolyda.AA1\007280d1fba27a3448bf97cbada7d489.png,12
data\processed\Fakerean\071aecc76377414872800544a291f565.png,10
data\processed\Allaple.L\00f7ca3ae53efd6474968f8034289dc7.png,3
data\processed\Malex.gen!J\055a5e41a45e0f655dfd5c0f57826c21.png,16
data\processed\Allaple.L\06848a8b30112dc36a43de67ebb96eb3.png,3
data\processed\Allaple.A\03c7b9bff0a2a4bba13839fb4aaea262.png,2
data\processed\VB.AT\00feca3278fff1e35e4ec55e00dd643a.png,22
data\processed\Allaple.L\0833e3892e54d386882bf12ad3fa8166.png,3
data\processed\Wintrim.BX\007a54dcd7665cef70d314381c0a22ca.png,23
data\processed\Skintrim.N\00e1d05e7cd6b78b87d389609b50382b.png,19
data\processed\Instantaccess\02e3208c4ca4e868871784e0afdac15f.png,11
data\processed\Allaple.A\01ae600edb32b99955e2b8d9a29f8bbf.png,2
data\processed\Allaple.A\01c735a15c06779921e784e7f1d11579.png,2
data\processed\Swizzor.gen!I\0477d4fa3ea913fddef482e5ba50bfe2.png,21
data\processed\Allaple.L\0550c5f6b5aefc447410190fb7163e2d.png,3
data\processed\Dontovo.A\0029dbe8dd8e66d19401d3f87ca6f2c1.png,9
data\processed\Allaple.A\00f2a4738e04423db6eb6ebdd282cd94.png,2
data\processed\Allaple.A\007d59798bfac7d387ea2aa05e68045e.png,2
data\processed\Alueron.gen!J\04456fa3f197924165fbd5d1aa0b7992.png,4
data\processed\Lolyda.AA2\00f501db94d9969d1b7818c5144cfead.png,13
data\processed\Allaple.L\07c7198079375177ed9ae2bdc0b67c3d.png,3
data\processed\Allaple.A\05618ecb39dae501f53763df25ce697e.png,2
data\processed\Allaple.A\063b5e06a5e7464824b485b6ca51a4a4.png,2
data\processed\Allaple.L\0652f1f4bad2c5c928080bc90db86ed1.png,3
data\processed\Fakerean\04cdb32f4cf5266af44595168341dcbb.png,10
data\processed\Instantaccess\00533f65cbe708a2d6f6682f6d3bc285.png,11
data\processed\Allaple.L\087c386aa8074550ea09c5a47c46d2b8.png,3
data\processed\Fakerean\00e4bab9f1cff021cb489382101bf198.png,10
data\processed\Allaple.L\01d95ff1c1d85e31a6ef20c070fd3389.png,3
data\processed\Fakerean\0809ff96228506aaa471b30bf3e11c63.png,10
data\processed\Lolyda.AA2\00fd72193c29049aaa3c3df779dd86d6.png,13
data\processed\Allaple.A\04508eecd55e9c40e7f7c7ec68da5fd7.png,2
data\processed\Allaple.L\01953e4216e09c8075997a03078a4fba.png,3
data\processed\Lolyda.AA3\00897e4d046d4f69edc97fde33d8c9ca.png,14
data\processed\Allaple.A\077d331719a171d70651832899fdc920.png,2
data\processed\Allaple.L\0450dbcc34f6ec60571bada147033cbd.png,3
data\processed\Allaple.L\04804a18cd674f9a1fa801e8810e2af8.png,3
data\processed\Obfuscator.AD\0040d69d93995e414fee32ccbc3fe4fb.png,17
data\processed\Yuner.A\0194f30b4816504129063dc382aa7b6d.png,24
data\processed\Fakerean\00d8021719adea3b056cae12c3977fd3.png,10
data\processed\Lolyda.AA1\00d9b7dc28030b749ce2c65ac22b2ba0.png,12
data\processed\Allaple.L\03fabe003824a1136e81e34a145661fc.png,3
data\processed\Alueron.gen!J\0015861fa39157f8631663cbfc3af172.png,4
data\processed\Lolyda.AA2\00a5ec5fadd25f082d28c7a07e0e08c1.png,13
data\processed\Allaple.L\01b440ad25e6129cfdb37da76f7786af.png,3
data\processed\Allaple.A\0093321350707fcb8ad4cb29a0fed05a.png,2
data\processed\Allaple.L\0815130b763009a61bd5deb344304d5a.png,3
data\processed\Yuner.A\046a69a7fe7c6340665cec1df664910c.png,24
data\processed\Instantaccess\06403729c87547011afbec27459c04da.png,11
data\processed\Dontovo.A\070e01ef8b03a152a971f0b6bf3dda09.png,9
data\processed\Allaple.L\048fbdfa863b0fec58c431a6a20b62e0.png,3
data\processed\Lolyda.AA1\001801cef0f6617d6adeace505bec216.png,12
data\processed\Allaple.L\06598930132128de200841974164a858.png,3
data\processed\Allaple.L\05671072e17159f16a91dce5685a8340.png,3
data\processed\Allaple.A\06b5fd18907278c09f42de0929ec7dd8.png,2
data\processed\Allaple.A\0445ce0bacdb85c44104c8be320f389e.png,2
data\processed\C2LOP.P\078ea45a5bf7a4648a1449ea4e6f2a2b.png,7
data\processed\Allaple.A\0703529dfb97d1d80ac32afb4164b77c.png,2
data\processed\Allaple.L\01f6cf6a2a0355f8f58c13da19ce3018.png,3
data\processed\Allaple.A\06dafe31a7c724878fd92f0448d09807.png,2
data\processed\Allaple.L\016de5f9f4645154d9609d81c395b818.png,3
data\processed\C2LOP.gen!g\05a31bcdd745b9b09d62ed29aec50ac0.png,6
data\processed\Allaple.A\004975844e373841d108aa5cf8796292.png,2
data\processed\Yuner.A\06254798e11c358cf0af40ebc8bf41b5.png,24
data\processed\Allaple.L\03fbe9585a5f49cc1d1f7acfd64305ea.png,3
data\processed\Lolyda.AA1\0005c5d02e947dd3f5e5b7acba65faa5.png,12
data\processed\Fakerean\0166ef4e15cd88260325a0abb3e6380e.png,10
data\processed\Lolyda.AT\00036955722f0041d91cf4ce4f70e94b.png,15
data\processed\Obfuscator.AD\06592e1e270bbf2c4861e46ee58d4665.png,17
data\processed\Allaple.A\06650312a4ca894572ed2c87f0804d90.png,2
data\processed\Skintrim.N\003e1a34d9cd23cbde83764808b9f58c.png,19
data\processed\Allaple.A\07b30ee19cc7f17c2d6b7534df2a0ab5.png,2
data\processed\Agent.FYI\00437f29168dfaff92c46368e278f38a.png,1
data\processed\Yuner.A\053a1400e86eb67eeacc100c2a37d323.png,24
data\processed\Allaple.A\0692972f0e61649babed876c8a527f0a.png,2
data\processed\Allaple.A\05a5a92ff4f49f6c939304da3f60f3ef.png,2
data\processed\Allaple.L\074b1b4b835bd3b7653255f8f6817ce1.png,3
data\processed\Instantaccess\020a22e1651bb9c5c97289dca0261039.png,11
data\processed\Allaple.L\034ca4a18cb4cb51f270bed60abc3163.png,3
data\processed\Alueron.gen!J\0011e21f52b98e75d34a0389d5f54dc4.png,4
data\processed\Yuner.A\05ccf306a94eb8aaba7b884e8d441175.png,24
data\processed\Lolyda.AA1\00ddbb261851d4d7b1a0b0f6bc9bbf15.png,12
data\processed\Allaple.A\030f4506fb1a52b72b6383338f564925.png,2
data\processed\Swizzor.gen!E\0407cf156b841fabebbbb4841aef786b.png,20
data\processed\Allaple.A\01bc4da92e212d4bb1cfe4cb1b259a04.png,2
data\processed\Allaple.L\004954ba5720b8b0d550935874922767.png,3
data\processed\Lolyda.AT\07641877eae07edee064a657f427f741.png,15
data\processed\VB.AT\088b5f9d157f9af3c3aab95934f85728.png,22
data\processed\Allaple.L\05ebf73e558073cdd40211b7a74c1f77.png,3
data\processed\Yuner.A\052373cf74dcc275786a7654daeb44ec.png,24
data\processed\Allaple.A\04f7916dd3d823021bf93cba3d1a2d75.png,2
data\processed\Agent.FYI\00171846b91a5e0410557406098d77a4.png,1
data\processed\VB.AT\057159488772fa607f7b83b3061d555b.png,22
data\processed\Allaple.L\0417f4273729e0d8e0b68bd44bc560e8.png,3
data\processed\Allaple.L\0483101bb20a61312818b16f0559c3b8.png,3
data\processed\Wintrim.BX\00467019aaf072619d09578c499c5b34.png,23
data\processed\Lolyda.AA2\0034f0b45987a1193eb07b6060d10df0.png,13
data\processed\Allaple.L\0032993a858c8d4a6cc0708bee09c6e9.png,3
data\processed\Allaple.A\044b095d95130477399a0735b2732125.png,2
data\processed\Malex.gen!J\03cf26ba04dc45e024361bf782393b31.png,16
data\processed\Allaple.A\08ac3a857544de54d6b025f700add93a.png,2
data\processed\Allaple.A\068a213a5ea6ceffecc54b79988abb8e.png,2
data\processed\Allaple.L\00824684c3f8a586560012699b5cfcd5.png,3
data\processed\C2LOP.P\074d2915768852d4c49cc4d583642956.png,7
data\processed\Allaple.A\08b54a486aa9ea9d20e55053cfe1633b.png,2
data\processed\Allaple.A\070f54ecc483b8fd6cf382ad1edcd73b.png,2
data\processed\Allaple.L\01f2a4c8a00f516cf68bb81c92edbab6.png,3
data\processed\Adialer.C\031619bbc375ec88497672cf41463189.png,0
data\processed\C2LOP.P\06313dc9aba456ba6cda0893e1dadece.png,7
data\processed\Fakerean\0450b781955e87e64f596cd17d11f195.png,10
data\processed\VB.AT\030a9cd86efe59b8bac8bd8c1068f8c0.png,22
data\processed\Dontovo.A\032b3ef81ecee8452558c467b4799e4a.png,9
data\processed\Swizzor.gen!E\077faddbda78e780996a67d8766f1592.png,20
data\processed\Yuner.A\007edd16c7e4c13d43d47399478d0872.png,24
data\processed\Instantaccess\03f7850acb4cfcf71b0e466c02c0451e.png,11
data\processed\Yuner.A\0101d5713dd4d53d7ee74b48c69640ad.png,24
data\processed\Yuner.A\030fd2d05620b9cee01672d3e2ba1eb9.png,24
data\processed\Yuner.A\0024c54767be9b839f3af1b482ba25f1.png,24
data\processed\Lolyda.AA2\00adfef181ee3ba7fc74012feda02c43.png,13
data\processed\Fakerean\0820879df3bc40b00e26812fd2fde245.png,10
data\processed\Allaple.L\03f3b34d6a96e0dbd2d63825b468780f.png,3
data\processed\Allaple.A\01672375fbbaa715df187fef81ae0201.png,2
data\processed\Allaple.L\00ad0c0d088aa54aaea433a214c40c3e.png,3
data\processed\Instantaccess\016e0c5fd2cda3debcf7b874b97ba3f9.png,11
data\processed\Autorun.K\04538003dba9058fd32dd2980753fbd8.png,5
data\processed\Allaple.A\07e050197586d71d0a606531aea319be.png,2
data\processed\Allaple.L\043b6527c2b1966708a938bdc0bfb21d.png,3
data\processed\Allaple.L\05d34418bdd7613b46e0a081badd6215.png,3
data\processed\Allaple.A\0816cb5f5ec13c4c4cf7473166252484.png,2
data\processed\Allaple.L\011e5f9133b9e25f9a8d789d9aa40fa2.png,3
data\processed\Allaple.L\0525dfa4db6d9de68eba78de5574b526.png,3
data\processed\Allaple.L\0027bf8fb09784564bd4fbc2aa971353.png,3
data\processed\Rbot!gen\d55facf06a2e3ac04fd5643bd1a09d6e.exe.png,18
data\processed\Allaple.L\03e3a68c434a42e903cd876281752057.png,3
data\processed\Allaple.L\067c792d2dc394197c33a76b7e4b5d8a.png,3
data\processed\Allaple.L\004962dc7592b678550b214628e61d8b.png,3
data\processed\Malex.gen!J\0318483f282dd2bcd377e17980c86557.png,16
data\processed\Allaple.A\0041e346ee2c9cac3e5886c5851a459c.png,2
data\processed\Allaple.L\05d233b5807b8f054d673b1bd6a688c5.png,3
data\processed\Allaple.A\051bfc85b281387202cb79aa2a4a059a.png,2
data\processed\Lolyda.AA3\00f760c72afb7183d9544c09b29abac8.png,14
data\processed\Allaple.L\04e131731497c55c296e0aedf9240299.png,3
data\processed\Lolyda.AA2\00911ab4729d60f35263f6ce00c167c9.png,13
data\processed\Allaple.L\0703696d590dc96c8f0e3ee5029e3f5b.png,3
data\processed\Allaple.L\03778068a50b899fb0a0fc286ec36637.png,3
data\processed\Yuner.A\0687d894b176d35f2d3b8fa2f0996f8b.png,24
data\processed\Instantaccess\04520e09a57049505b18c175882e3cb0.png,11
data\processed\Dialplatform.B\04b6a5c27986e55fc70dabd80159563c.png,8
data\processed\Allaple.A\03c01d4e0655d23760fe44f69f7878c2.png,2
data\processed\Allaple.L\03a82979a8e594c3b5b19c6b6f7738b8.png,3
data\processed\Instantaccess\032e5b1a28b96e269cb62ce6871dd3c9.png,11
data\processed\Alueron.gen!J\007b8e84bba5bc642dd0c8a7d80db369.png,4
data\processed\Allaple.A\0684e02fe49f1497afcde20a62ccdce2.png,2
data\processed\C2LOP.gen!g\06d93637d01e31853906221362203319.png,6
data\processed\VB.AT\05571db1fc73aa048083dbfc7fb9b993.png,22
data\processed\Allaple.A\05c5598b9b492153089fbbe768937629.png,2
data\processed\Allaple.A\00089afd52bf1614ceae488334ddfc19.png,2
data\processed\Instantaccess\01422c26fdf8272da0fcf07d66fcc673.png,11
data\processed\Allaple.L\04c43e98e5df1563c4cb80df6e9b5454.png,3
data\processed\Rbot!gen\403dcb7257b6674e1b4c37f01ab5502b.exe.png,18
data\processed\Instantaccess\05d6e775d301b9b3e8f4bfe82bcefde0.png,11
data\processed\Allaple.L\01ab917b70c387945467214f9d5cfd84.png,3
data\processed\Skintrim.N\00e4fb438bb3204ddd9dfcc19b9b0d23.png,19
data\processed\Allaple.A\065fbd76581e9c8e3dc55af1963a42d0.png,2
data\processed\VB.AT\001a367410d9c1d72376bc81b27b1983.png,22
data\processed\C2LOP.P\005750afb3fbc75d4a40da12cd1c6b89.png,7
data\processed\Allaple.L\04154d9c6f76efcdf4b00b6ec5a40fb4.png,3
data\processed\Obfuscator.AD\0038b67fb01f0b9b46cbf5238fe017f2.png,17
data\processed\Allaple.A\004e0236b453f7e91e5d0a1c8e9243d0.png,2
data\processed\Allaple.A\03faaa5430d4ceef34f663374f453b14.png,2
data\processed\Allaple.A\05d90375dc429978396c6ad5056ba79e.png,2
data\processed\Lolyda.AA1\00326ccc07d491aefdb0caedefef1d1e.png,12
data\processed\Alueron.gen!J\017ef2e47483ef5469a55010d1669852.png,4
data\processed\Malex.gen!J\05dc051e81772c0edb10ff6ceda1b3c8.png,16
data\processed\Allaple.A\0889ac2c140b1308ca244820f0978922.png,2
data\processed\C2LOP.gen!g\031ecca0a0d3b555fd6e4d6ee14e9714.png,6
data\processed\Allaple.L\0021a7f47aae1ab08b813cb7d698dd4d.png,3
data\processed\Allaple.A\0397ce883ffa4fd7a4dbc2bb0a81e4c7.png,2
data\processed\Fakerean\022d7a104007ac898aea601336b47eeb.png,10
data\processed\Lolyda.AA1\001a1dd94def28d01066a783d755bd5d.png,12
data\processed\C2LOP.gen!g\06dfb2da4a6ee5053d18385da03bd678.png,6
data\processed\Lolyda.AT\03f4cbb35ba5c0ee2715bf60cba48278.png,15
data\processed\Malex.gen!J\03c49177d0998bebff40d596d0e0c0dc.png,16
data\processed\Allaple.L\04fe4b99d5dc9196962ab9584a93de57.png,3
data\processed\Allaple.A\0048c902b7bcc3a1084edb2e834da7cb.png,2
data\processed\Yuner.A\01a684f3798e3b046e98b05d4ae8fe6c.png,24
data\processed\Allaple.A\0317b7d5f60eabe1429598d3a5f21a06.png,2
data\processed\Allaple.A\0319475afb178a0ea628a6e21b1621d1.png,2
data\processed\Allaple.L\056878f02ef4d5199a4241bef51c4fd4.png,3
data\processed\Lolyda.AA2\00b55145f0e467be66403c1942db4fcd.png,13
data\processed\Yuner.A\0108f27bd1698804261f645cd1c7c274.png,24
data\processed\Allaple.L\087ffad4f06586331a94e5d128765217.png,3
data\processed\Allaple.L\073c8e523ac56606035deecaac23b2e6.png,3
data\processed\Instantaccess\0066ab49c5d5cdb0b81443d98f7be6e6.png,11
data\processed\Rbot!gen\6c4cdca273f03903064a57b310f33789.exe.png,18
data\processed\Allaple.A\019face8710863068f502e6d07223e0b.png,2
data\processed\Allaple.A\064d007a86f6e0ad16b85d3643760a84.png,2
data\processed\Allaple.A\004811591e3aac1e0b704c4faf189fd0.png,2
data\processed\Allaple.A\01e2bd290d5d5cf082c5530da7345858.png,2
data\processed\Yuner.A\03c615fd7c49171966d68d3b1f68bff1.png,24
data\processed\Allaple.A\00df6a70facd0a1cf8571bd399d88840.png,2
data\processed\Allaple.A\00e3c0fd1f84dacca383d88d765ae54c.png,2
data\processed\Allaple.A\01dedb7bfe90c36a4b7ad9c1c0ac20fe.png,2
data\processed\Allaple.A\000c146c95575574966f8cdc18682d2c.png,2
data\processed\Swizzor.gen!I\0879f4c26c3dfa931bef1a68949b5d86.png,21
data\processed\Allaple.A\08ab0397a21cec7026209fbb01e58e6c.png,2
data\processed\Allaple.A\01c05a96e4ed7b848875f6c765bcc816.png,2
data\processed\Instantaccess\053afc56f903e2f53957c643664f362e.png,11
data\processed\VB.AT\08612fb9be292e1e8c43c8df55d183e4.png,22
data\processed\Allaple.A\064be82c01b8292d066d0590d0f34ba7.png,2
data\processed\Instantaccess\02f7b033e5b27e34a4a807db73c394c1.png,11
data\processed\Allaple.A\0373e30899d2641d97f039dcf4ff4f0e.png,2
data\processed\Allaple.A\05d19669a95c7c1b405ab08f4280a7ac.png,2
data\processed\Dontovo.A\003c31e91d74c32b5a39bb3095d66d52.png,9
data\processed\Obfuscator.AD\06909f965b079ba12723c8f6913e78e2.png,17
data\processed\Allaple.A\07972c3b70c4d1810c988e637e19e52b.png,2
data\processed\Allaple.A\084d8d6bbe510d29e0140362c66ddcc2.png,2
data\processed\Allaple.A\06e0c5d4a90b71ae598af8ead7e5c8f0.png,2
data\processed\Allaple.L\059053d7c02e21ed549410f89830887e.png,3
data\processed\Yuner.A\075404f6ae6d3b80553f75d2bfcc765c.png,24
data\processed\Allaple.L\0033cab153c4cd52a50140310a9daf26.png,3
data\processed\VB.AT\08695d0bb02c47a66f1292541eaa89c7.png,22
data\processed\C2LOP.gen!g\0036b0adc3c0041755fb070113418903.png,6
data\processed\Allaple.A\00315f62f8eaa99f752900b66421d63e.png,2
data\processed\Allaple.A\04327effdadb642a286a4400ea58e3cc.png,2
data\processed\Allaple.A\001325a89050255bb5fc27bd4ec723de.png,2
data\processed\Allaple.A\07ee39bef7fc46f4107780b7e2ef509c.png,2
data\processed\VB.AT\047b8fca46a37fc648dc5b66ef1dc260.png,22
data\processed\Allaple.A\00be878fd3714a37be76b0365930356d.png,2
data\processed\Allaple.A\056f8739f220431a510ebb35af3cd776.png,2
data\processed\Instantaccess\02adb56dcb64da2eb517bfbeb228b650.png,11
data\processed\Dontovo.A\01adad18fedbc0ed2165ab2272c810aa.png,9
data\processed\Fakerean\02fab11f3f0e1dbd377c5db1b8e060f0.png,10
data\processed\Fakerean\00220dfb3cac9fd4205e458aad23e89f.png,10
data\processed\Allaple.A\00054d2bfb3eb31729401b6dfb20b2a3.png,2
data\processed\Fakerean\05c97c11f6f3dae28d1de02b31ebdc9d.png,10
data\processed\Allaple.L\008334ef50be9ab45f4d478c88183173.png,3
data\processed\Allaple.A\060d1d7fd30ae3dc7492a165d9ca4ad4.png,2
data\processed\Autorun.K\01f44aa9cccfe3fb818d54d4a95ed8f0.png,5
data\processed\Allaple.A\048ef572e8c26bbae8483cfc70c6fb5e.png,2
data\processed\Allaple.A\06be44f6c148652d1649d534c442f102.png,2
data\processed\Fakerean\00f6854badfdd6bfbd308f7be2058b77.png,10
data\processed\Yuner.A\047d846ad74a7fd79353752a15ee58d4.png,24
data\processed\Instantaccess\01326403cb582a1187de95ebb3fbdd4a.png,11
data\processed\Rbot!gen\90164946a88704ace0baae8587c578c0.exe.png,18
data\processed\Dialplatform.B\05682200e14fbcd182ebb01a583f9444.png,8
data\processed\Allaple.A\017a8553d289c61785b890fb48b4ff12.png,2
data\processed\Allaple.A\0537b157475b9b273d44f095ea43766f.png,2
data\processed\Lolyda.AT\0047e80b0e89841606a8b4e3d79be54c.png,15
data\processed\Lolyda.AT\06738e28f9cecd3c318976812c813612.png,15
data\processed\Allaple.A\05b76ebfe050e7456fc79763e4843752.png,2
data\processed\Lolyda.AA1\009a9e84013957ebfea24f88f508e01c.png,12
data\processed\Allaple.A\082c34d8429258bdbb998730fd1bf676.png,2
data\processed\Allaple.L\04c3ab65b81e06eb80ef52ff534cc951.png,3
data\processed\Allaple.A\038b5327e95c5dd8a1bba340e1178b19.png,2
data\processed\Allaple.L\0079027ddc234500a62201105afb2f25.png,3
data\processed\Allaple.A\000852c7f82758895b183caa3d427a32.png,2
data\processed\Allaple.A\07750897dc7be824702992c347d9593e.png,2
data\processed\Obfuscator.AD\0852c811610fa428b2b6c5653041c703.png,17
data\processed\Allaple.A\040778b4f7a5f34d161a2afd653e2ef9.png,2
data\processed\Allaple.A\00e3eb1ed1d11554c02a28312fb495b9.png,2
data\processed\Swizzor.gen!I\0052f5a82279e226a43bbd400d2d0cf4.png,21
data\processed\Allaple.L\083995f1aa7f468706a2d05e3f6b8b41.png,3
data\processed\Allaple.A\041fd39b5b40c0facee4f16a10449682.png,2
data\processed\C2LOP.gen!g\0680e12a7fce0e18d349b5fac5202177.png,6
data\processed\Agent.FYI\0598367e253bda7af9373dc911dc7e75.png,1
data\processed\Agent.FYI\06ea9cf93e54b6f0b9ee634c37261898.png,1
data\processed\Alueron.gen!J\012908c8a869a962d738c4cafd51af7f.png,4
data\processed\Allaple.L\00faa5c421804a5ef932e8ab866e1d4f.png,3
data\processed\VB.AT\0042bcc2a33ed59520ef62648f0951d6.png,22
data\processed\Rbot!gen\b195b4eebcd7acc33daa298cf610a8de.exe.png,18
data\processed\Allaple.A\0759d6c8d6760aef35e5af0f759d66db.png,2
data\processed\Alueron.gen!J\0447f6b81f7a9c23b08d7ae6f115c83a.png,4
data\processed\Allaple.A\059e09728d7b98ce47f4931fb79eae96.png,2
data\processed\C2LOP.gen!g\0498964173fa0f0d5f97e974b4d3798c.png,6
data\processed\Allaple.L\018ea19f59ce56c4c6cf57e500a32bb6.png,3
data\processed\Agent.FYI\047115e9fafecf8786d799ac488060ec.png,1
data\processed\VB.AT\02ae2d092a82606bea4ae2ce797dcd61.png,22
data\processed\Alueron.gen!J\0443ec8fdde7a35b24a5a450bf3c3d6b.png,4
data\processed\Allaple.A\0072791061a441edaecf1fe29d3f8443.png,2
data\processed\Malex.gen!J\007522a0b1f0946e717a23adad9f4135.png,16
data\processed\Wintrim.BX\004491bd86e5c14f3405137349d0d89b.png,23
data\processed\Swizzor.gen!I\070556e99ee4ef35d2369ea0c86c02b9.png,21
data\processed\Wintrim.BX\00d1e43e3179ddce3b489b3ce5fa65cb.png,23
data\processed\Alueron.gen!J\03eadf7fa152230bf6944a331f5c48d8.png,4
data\processed\Allaple.L\01d4b803a92cd0937f75a2f40eb4bb2c.png,3
data\processed\Yuner.A\040bba34310c473cd5c71339333a6a9e.png,24
data\processed\Fakerean\04578d8b54323c9e1e6da98129075c17.png,10
data\processed\Lolyda.AT\0785ca3aaedfde8268899d84d32525f8.png,15
data\processed\Allaple.L\08250bb47e6a1a091a1a0bd6a5b3a267.png,3
data\processed\Yuner.A\00f4c5f268fa725282b446859aa00ad4.png,24
data\processed\Fakerean\072cdedde800dc51392df3ccc02bf8f0.png,10
data\processed\Allaple.L\0307473a96f2636e3c244eb6deb9294c.png,3
data\processed\Allaple.A\078bed3c2c87e7cdf6332dafa8abea99.png,2
data\processed\Allaple.A\01eddf12cd23f6cdda45cf25b9710502.png,2
data\processed\Lolyda.AA1\0095f07bea498410d5f0a53b535cf462.png,12
data\processed\Allaple.L\061882d9671d1bdc5de95b87f4043c2a.png,3
data\processed\Adialer.C\0483b8c0362f7683795db91994bba025.png,0
data\processed\Allaple.A\01282e66177e4f11a2f2f53f2f6227db.png,2
data\processed\Allaple.L\017be908cb375daaf2a389c05220ed74.png,3
data\processed\C2LOP.P\06159b12407d55e1d6d6ec171b32d892.png,7
data\processed\Allaple.A\0408e6c31a401df0bc3a4c39de82ad7b.png,2
data\processed\Allaple.L\01f6a5b87a8f03010e7c36eff1023daf.png,3
data\processed\Dontovo.A\07071302467c6fbeb46761255614655f.png,9
data\processed\Swizzor.gen!E\0152a63521083be0bff0d34d7593a554.png,20
data\processed\Allaple.L\00d52c256856a5ba49a12bdade43700d.png,3
data\processed\Allaple.A\0788fe2d80dba9938bf10e07ee55e444.png,2
data\processed\Allaple.L\044daeee59110bd5cf9f6cb12831e6d1.png,3
data\processed\Allaple.A\07b5c22ad4a2c11191fdfe004f18cad0.png,2
data\processed\Allaple.A\00bda784761abfc87d01dabe7e1129a1.png,2
data\processed\Yuner.A\06246f34842df0f2b12a3b20c5d4e0c6.png,24
data\processed\Allaple.L\00a475df24ff890aa96e62a09847a2be.png,3
data\processed\Dontovo.A\08b205afcaaccb62087fa95978d105d1.png,9
data\processed\Allaple.A\0650507afa5dc07632d8d12386df4446.png,2
data\processed\Yuner.A\012e0c312e123f3d22890a9a08f01a12.png,24
data\processed\Obfuscator.AD\0140c3665b3bd049fc0e97a5d36bf343.png,17
data\processed\Malex.gen!J\0391160779f8b6fea0d17db88d5afe0d.png,16
data\processed\Dialplatform.B\029b80909f94b42a72e6019c4192d473.png,8
data\processed\Allaple.A\044361f6d44a63c0a091a256df7a098a.png,2
data\processed\Allaple.A\082e199b2aa967e934c248c82458d32e.png,2
data\processed\Allaple.L\049dc331ec2ab429aefc54cd8b335e6e.png,3
data\processed\Allaple.A\06af7e6547784db0562df38a89f6d3e8.png,2
data\processed\Dialplatform.B\083e79013f1dbbfa615c96aa3f5af145.png,8
data\processed\Allaple.L\0057f574226707b81b06916e37d79918.png,3
data\processed\VB.AT\0427934c688516d8a578d96445cd7fd9.png,22
data\processed\Swizzor.gen!I\039ec6b0cad44fe53708bdfcafb4dd6b.png,21
data\processed\Allaple.A\008ed4cef6e0bfe3be81a0043b3a86ef.png,2
data\processed\Allaple.A\01139506453efdb22b61e0ec16759570.png,2
data\processed\Allaple.A\00127d4ecaecc24325e372e612eb0a7d.png,2
data\processed\Lolyda.AA2\003dd379860a2d15c143f50611baab27.png,13
data\processed\Allaple.L\054e2ba8ad5f9098feda242b0e3d15b1.png,3
data\processed\Fakerean\042e980ef40c8b18b243bba93458b3c6.png,10
data\processed\Adialer.C\07aa3914019a338d84fdcfaea3525668.png,0
data\processed\Rbot!gen\091d9f9def2cb4a4032797c8cf85417f.exe.png,18
data\processed\Allaple.A\04de40f914821d3b85fdc0d32784b243.png,2
data\processed\Fakerean\008752c7b0a9f846f95edbbfcd241f9d.png,10
data\processed\Autorun.K\05063bd60c8aaf7e30f214bb1297a549.png,5
data\processed\Dialplatform.B\0181ecf4cc0fc5dc4def652de144cb24.png,8
data\processed\Allaple.A\065f85b729fdc48ea9e4197b08e7b14c.png,2
data\processed\Adialer.C\05cf8999adacf0eb47dcc1877cbc77b7.png,0
data\processed\Yuner.A\01e41a3d5addf4d8f52a02cb1ae80032.png,24
data\processed\Dialplatform.B\0090d445e2a4cdf2a964fdf8b9c39a58.png,8
data\processed\Allaple.A\00339966d576bde132ef00b3bdb52f90.png,2
data\processed\Yuner.A\0374dfb96c291ab5d73045b5ecb3836a.png,24
data\processed\Swizzor.gen!E\05959148c099e0ce8c89c3934d8d126c.png,20
data\processed\Allaple.L\06ca7b88b8c89c880fc57944ff72149b.png,3
data\processed\Allaple.L\051917ad8a69ec9cdfc16eb9c8ef4d09.png,3
data\processed\Lolyda.AA2\00142aed51d4a49ee03bae8d5dd24da6.png,13
data\processed\Allaple.A\042ebae5ae08cfddac7c19dc3ab04200.png,2
data\processed\Agent.FYI\0054971b8d88031a7f30c6fbc9a2552d.png,1
data\processed\Fakerean\01a2b66c9844017c02be1484fb618dbf.png,10
data\processed\Alueron.gen!J\01ecb6abb663f89547559818a1c3a6f2.png,4
data\processed\Yuner.A\079edb48ab0521417f4f9f0f8ba1f2ea.png,24
data\processed\Instantaccess\00fe07db86f76aeb4b9d13bcc7dfe156.png,11
data\processed\Fakerean\05d90929de4b984bfeaaee2fdd57aa23.png,10
data\processed\Alueron.gen!J\006d4096fd2a9330e5e3903697fef6fa.png,4
data\processed\Allaple.A\0389aa211a07e4dbac1df922b5104ba9.png,2
data\processed\Allaple.A\01c63de5b3b1a82a362bf686035497b9.png,2
data\processed\Fakerean\044abd6389b5ef06a7dd4578f5470b5b.png,10
data\processed\Allaple.A\003a7a440b0dca8952d52df87b10d022.png,2
data\processed\Agent.FYI\0003ae2d9a0236947a5f1bf87b9ecbac.png,1
data\processed\Swizzor.gen!I\03705a9b6d6497feabbdc609ffd9506c.png,21
data\processed\Swizzor.gen!I\00158c2c17ee2024e7b86fc08831fabb.png,21
data\processed\Lolyda.AA1\00d564967c6b9bebc09c8bda43217192.png,12
data\processed\Allaple.A\07aa92b2ccb5b60fadae70ad683edac2.png,2
data\processed\Swizzor.gen!I\00236c25f79b8940f2778582ba8b813d.png,21
data\processed\Allaple.L\01fe46be90938419def846caaffa5bf4.png,3
data\processed\Allaple.L\06ab2203b975de733385012f55a1c1a7.png,3
data\processed\Allaple.A\079167c83aee8ad097b6b80d4220a9fc.png,2
data\processed\Yuner.A\0473d8a4bcf1108529b1732ec8d2180f.png,24
data\processed\Allaple.A\0464e3522519698d3e3b7651076d10b5.png,2
data\processed\Allaple.A\04310ba6f631322cac440093725d8c56.png,2
data\processed\C2LOP.P\00edbfce1ca7b8068670cba2917c3211.png,7
data\processed\Allaple.L\005ed2a3b119224f4d3c2301f8d6eebc.png,3
data\processed\Allaple.A\049103a528eb9e1882ef82a62e91aed1.png,2
data\processed\Lolyda.AA3\00904c80ca25c6aa2a041dd260486d56.png,14
data\processed\Allaple.A\01c5f2b20dafe421779efe36c63388a9.png,2
data\processed\C2LOP.P\04af2de961069d43ebf72b50309b280e.png,7
data\processed\Fakerean\011634e5d10a8e20cd29a4e0f73d1ff3.png,10
data\processed\Skintrim.N\007b98afb6719d88b178bb5d768c0e52.png,19
data\processed\Allaple.L\0082b6b042e17ffe446f616f00792d79.png,3
data\processed\Allaple.L\056c0d7449d80c384c9905dbc2d0fb02.png,3
data\processed\Obfuscator.AD\075f210d897c29c3bb2fbd92e070e3dd.png,17
data\processed\Yuner.A\03d85fef50631015f5effa51ee926e61.png,24
data\processed\Swizzor.gen!I\05954221993c6c4a9cd6155ada714ce3.png,21
data\processed\Allaple.A\03cff403087ab962f365ea18c647d6a1.png,2
data\processed\Lolyda.AT\0020a8aabcc6c65cd0e8cece8dedb688.png,15
data\processed\Allaple.L\013fc001bb44d0c3f615527b4c772bf5.png,3
data\processed\Yuner.A\03109e2d8f74b5822256f985722c8851.png,24
data\processed\Lolyda.AA3\008b81e82e63dcc207781647d0b82780.png,14
data\processed\Allaple.A\04bfa131f0204679c1905f17bd4d26b7.png,2
data\processed\Lolyda.AT\08a813a71867d53dc60920cb9dbd7fdf.png,15
data\processed\Allaple.A\06591eb5c703e1af45ae309032586c8c.png,2
data\processed\Dialplatform.B\055954463430559ab49c0cdce22c828e.png,8
data\processed\Malex.gen!J\0501ba770eb11def9af430dc0a78a980.png,16
data\processed\Swizzor.gen!I\080054e05c78e07bf9eb6f87bcd42a3c.png,21
data\processed\Yuner.A\00cb84beab6d7ed3d4202cb7be8a0f12.png,24
data\processed\Allaple.A\0001e91fc21698b86996488fedbca400.png,2
data\processed\Lolyda.AA1\005d071db2ee0a52b3f925c7a19d7d38.png,12
data\processed\VB.AT\0143ea36712bcb46d1a55d0613cda60c.png,22
data\processed\Allaple.A\05d839a0c1f1eb342d075970544aac12.png,2
data\processed\Yuner.A\082f0c001410aee2576c90abffd5e84f.png,24
data\processed\Swizzor.gen!E\043553143126a433cc1bf346c378f82a.png,20
data\processed\Allaple.A\05822ce9fc912eba019519056db23fbf.png,2
data\processed\Allaple.A\01ebf6db4f3066c90c568e269daa6cd0.png,2
data\processed\C2LOP.P\04d77ad9bb5ad9756b4aa3e260a82dc4.png,7
data\processed\C2LOP.gen!g\05e959cb7e4546e85ca060e402052563.png,6
data\processed\Lolyda.AA1\00bfc126632f3fd7c062cf4928c0bbe7.png,12
data\processed\C2LOP.P\00052e46dc77c6e62faa608f656b4eef.png,7
data\processed\Yuner.A\03098965d441cac044651163498becc4.png,24
data\processed\Allaple.A\05370ba8e8412d69ed0c17de747ae22a.png,2
data\processed\Allaple.A\05a0031d85f01e1e824be41e2408e30b.png,2
data\processed\Allaple.A\0887c4f25f260887627c51eb991ec60d.png,2
data\processed\Lolyda.AA2\009738b061cdfa6965c520f70447a835.png,13
data\processed\Lolyda.AA3\00057a7620f327d90d1313c1f2198057.png,14
data\processed\Yuner.A\0460438a6cecb4afa9b906e23eb01f78.png,24
data\processed\Allaple.A\0428742a2c3984672fd183b8df17edfb.png,2
data\processed\Allaple.L\06e647c82ee026978f10c663865d07b8.png,3
data\processed\Lolyda.AA1\0024b623158452e47a27f7124cd69227.png,12
data\processed\C2LOP.gen!g\020ee4fd49373c23d388a7d5d0251f61.png,6
data\processed\VB.AT\01de411e53e832d6ac19d4dd4b4aec42.png,22
data\processed\Allaple.A\01ca1de99f5c3d070b76b350e4a17893.png,2
data\processed\Instantaccess\03615e33cb0119a60224c80393ccd9f2.png,11
data\processed\Allaple.A\07d718082ce9346d815e78304c580454.png,2
data\processed\Lolyda.AA2\0082f226948e4a9f2438cda454032350.png,13
data\processed\Allaple.A\0485fa3be417d6bb335373a2c3733571.png,2
data\processed\Wintrim.BX\009d9ef9af9c2e55e27ed3e174fa3584.png,23
data\processed\Allaple.A\0057ed31b31ffbd8b684890d43bc7890.png,2
data\processed\Allaple.A\0099396d312b02a658a15dd554321199.png,2
data\processed\Instantaccess\009bac3aad46e0166ffa81c2f1c189ed.png,11
data\processed\Rbot!gen\b5e48e0e1f2e6f80d6e15a700e162e04.exe.png,18
data\processed\Allaple.L\07e3e7db62c1bc21a620916c8b9010f2.png,3
data\processed\Lolyda.AT\00029d8264accf77a44fc9e5f6523e0e.png,15
data\processed\Allaple.A\0060f7b9a21b3d0b777ce774db1a16b5.png,2
data\processed\Lolyda.AA2\002107d6661c92ebd470be61c7219da6.png,13
data\processed\Lolyda.AA2\003b0022d4c513f03bb99181585b1534.png,13
data\processed\Yuner.A\05690afee49f58b9c80e29f76826ec99.png,24
data\processed\Allaple.L\00bba79501307848e0a7098f990fc612.png,3
data\processed\Instantaccess\0543bf2766711306104ff8872d62286e.png,11
data\processed\Lolyda.AA2\003cc84039b027b139de61296707b880.png,13
data\processed\VB.AT\046c82475fba8b1882044c2e64eb776c.png,22
data\processed\Yuner.A\0679560b4049ea5b474f999fd19d1b85.png,24
data\processed\C2LOP.P\00798f587fdee1984f85e08f213a7d08.png,7
data\processed\Allaple.A\00c58074cfdea82a015a782d17f99a69.png,2
data\processed\Instantaccess\03d587318870cece816ad164719f6020.png,11
data\processed\Allaple.L\052a08609bc5bfb825e6dce7405a5ad7.png,3
data\processed\VB.AT\01dfb3b207ca7363058feea51f3437f6.png,22
data\processed\Alueron.gen!J\0633e3152ce0d0945a00cab5ec917196.png,4
data\processed\Agent.FYI\00221d9f4bfd530abc23314c7b4dd556.png,1
data\processed\Allaple.A\0038cb48d05aab8e94f42880871fcb66.png,2
data\processed\VB.AT\053216d51b598a23c1a40ca0e9517d5b.png,22
data\processed\Allaple.A\007d6cb12558e9e53cf2c9acbf209a91.png,2
data\processed\Allaple.L\07978f3ef9a5a12f191f8c00a06f84fa.png,3
data\processed\Swizzor.gen!E\0712ce8ad838a3673498c5bb96778279.png,20
data\processed\Allaple.A\057ae3349f4832144cecd31e39d84f0a.png,2
data\processed\Rbot!gen\9b60669342bde4152c08841ba3d55a8d.exe.png,18
data\processed\Allaple.L\04ef71f696f4230e2767054ba7a8d8af.png,3
data\processed\Agent.FYI\00af28cf9b2debc8cf51523cf8f5b91b.png,1
data\processed\Allaple.L\04181428b06e34eed743bec8389fda16.png,3
data\processed\Skintrim.N\00710701e595f30e285411bf986230cf.png,19
data\processed\Allaple.L\06c14f332fb98004aa6b81397304ddca.png,3
data\processed\Allaple.A\0019cae7f205461d7b92ec3b2836ba3d.png,2
data\processed\VB.AT\0363a84718061fbf361a45e29d694016.png,22
data\processed\Allaple.A\0873ff4683bc8d005c1124fca5884a2f.png,2
data\processed\C2LOP.P\0547f0f4078b252dbb6ddcff91975c12.png,7
data\processed\C2LOP.P\0552f41d1b7cdd6e58294dcdd75ccbbd.png,7
data\processed\Lolyda.AA1\0694b2b274f8f3a794e770ac9f7450cc.png,12
data\processed\Swizzor.gen!E\003f6e4ed611fd310553c70d453c87da.png,20
data\processed\VB.AT\00dc13d9f8b4d679d69f99a67eaa3697.png,22
data\processed\Swizzor.gen!E\04e824a9480cc71d4503cefedc76b976.png,20
data\processed\Yuner.A\080bbd270e0c4e0c1c0d5fa03844a67e.png,24
data\processed\Agent.FYI\00dbb8842d5ed0fbf1865e08c5804e40.png,1
data\processed\Rbot!gen\100a686fb2a19e360bae078fcd21b876.exe.png,18
data\processed\Allaple.A\0066417de8e76398ef4df4d8820b05d7.png,2
data\processed\Allaple.L\0197ce7596eaa26fdaf1b562220be743.png,3
data\processed\Allaple.A\04854f5f42e9fee5dd2b9467c5a2c374.png,2
data\processed\Lolyda.AA3\00e7521624fce837f1bc1d820a628ced.png,14
data\processed\Allaple.A\04037e9efe4c796582dd840af0b2fdb2.png,2
data\processed\Allaple.L\01edd158ac4c3651ff94536249425ff2.png,3
data\processed\Allaple.L\007614dd7c0f284ba0a1e44f9dfdf5db.png,3
data\processed\Allaple.A\05966cbe2e3ee5fe68da1b561d236f00.png,2
data\processed\Allaple.L\07292f5ed3bf2599403033bc0589303b.png,3
data\processed\VB.AT\032470d835fcda984fb690b43dfcf21a.png,22
data\processed\Allaple.L\004b3f18d14708a281cc234f1900de77.png,3
data\processed\VB.AT\036090790b9b19743b56e0fbcb8ad4d0.png,22
data\processed\Allaple.A\0348e8aa1038bd6d6c5bd13247a9c58c.png,2
data\processed\Instantaccess\03ffa53da4bfb027e24aff341950ba31.png,11
data\processed\Instantaccess\07ae9e41aa791ea59bd92029c3d3e383.png,11
data\processed\Allaple.L\039ec54bb15d1130dc4f96903ef2e2af.png,3
data\processed\Rbot!gen\dddc425c55f01553648ba2230c2a1d8d.exe.png,18
data\processed\VB.AT\03bbb2c3a457bd2d642e1f194eaac9f3.png,22
data\processed\Yuner.A\04bdf68ae4a8f0829e460ef779e4ec29.png,24
data\processed\VB.AT\074339d5e1578c4f7f1be94e60bd0577.png,22
data\processed\Lolyda.AT\05994033e24be24acad851b9c27f64e7.png,15
data\processed\Dontovo.A\06bfe4f49dc14cb5ba4e65d8360ea510.png,9
data\processed\Allaple.L\00026fbaebca0ed4234dd8d4c1d5e0cc.png,3
data\processed\Lolyda.AA1\00bc56df4350974ce61c3671e740c35e.png,12
data\processed\Dontovo.A\03cdff68f939b90b2c32c7a5db664240.png,9
data\processed\Yuner.A\05b724787665744ca18a92bf26f7b758.png,24
data\processed\Obfuscator.AD\071cae8e752e94c3e501645f30bccb6a.png,17
data\processed\Allaple.L\080dd10d03cccafb8e2398de91290911.png,3
data\processed\Allaple.A\0564eea682a80279d3bfe9a050b4408b.png,2
data\processed\Allaple.A\003f8d7e9a4562c7a0bffc951a43d64e.png,2
data\processed\Instantaccess\078cc61469535b06488b9a6fb7aee69e.png,11
data\processed\Allaple.A\0128c3d7e004f33df1aa6558f24893bb.png,2
data\processed\Autorun.K\03a93c8cd407bcf3a2b66714ea22e6d6.png,5
data\processed\Allaple.A\072c8982f644271ab7cb066a4d1f2433.png,2
data\processed\Dialplatform.B\039c9d8ac88492293fed6741a9e006af.png,8
data\processed\Fakerean\001b2d12abaa0c767d67144b9fff5491.png,10
data\processed\Allaple.L\06b18dacc5277eb747a13864c2ec83e2.png,3
data\processed\Allaple.A\03ba140c88da774e6ea9395173c43ef8.png,2
data\processed\Allaple.A\014bd38b517d5fa2c09d1fc635b5f211.png,2
data\processed\Allaple.A\0526a6a1a651f66a13b43cd263fc2613.png,2
data\processed\Malex.gen!J\07527623158077859902df66668ad964.png,16
data\processed\Allaple.A\00e27d18db7acb2a3d3f116140bfbfe1.png,2
data\processed\Allaple.A\00e08f4556364cb86a64dd79e8ca8113.png,2
data\processed\Lolyda.AA2\00e2b2b666c1f5fcd3663fe05261b72d.png,13
data\processed\Allaple.A\014ca33192fd42ec92261a818edbd2a5.png,2
data\processed\Yuner.A\0570e8957c765158a75e97e1d974312e.png,24
data\processed\Allaple.A\031500dfc7fd8d1c60199fe67ca9f297.png,2
data\processed\Allaple.A\00cdc29877ed2d6bdddd420a770666d4.png,2
data\processed\C2LOP.gen!g\00140161c93a03158c5b838c1567f7d5.png,6
data\processed\Yuner.A\00143ebe7aedd20512c484ca11a9f11e.png,24
data\processed\Fakerean\00d2280cce213fea291eeaab3db42fe5.png,10
data\processed\Fakerean\02a2e8b189f029ed6f4dc1d20d02b226.png,10
data\processed\Lolyda.AT\00af127eb1e69ccbbcd458e738e093b6.png,15
data\processed\Instantaccess\056c412cd056b44697186df9c2e291eb.png,11
data\processed\Allaple.L\082bf82409782ed467028750f14c6e4b.png,3
data\processed\Allaple.A\003c7e083a19a0d2625a9b9e195e5445.png,2
data\processed\Allaple.A\06527ac2e8f722432ce6b9fa916f8775.png,2
data\processed\Allaple.A\070cb0a7ce3b24e879e1aea14360ca36.png,2
data\processed\Allaple.L\03c8f7ba8ff97514362d88e5191b7512.png,3
data\processed\Lolyda.AT\06579927c98dbf02738bf5927382eff7.png,15
data\processed\Allaple.L\03e57ce807479edc8682117cc787757e.png,3
data\processed\VB.AT\059c16407e7ffad01992a86250512a6f.png,22
data\processed\Yuner.A\03fc45004475ce77cd57e128ade84cc7.png,24
data\processed\Allaple.A\07c621a57d5bd59068604407cfa64f5e.png,2
data\processed\Lolyda.AT\0222cd9910a190472747c9109a74c8f7.png,15
data\processed\Allaple.A\081a1f6c39f635ff5bf9f76997b140f8.png,2
data\processed\Allaple.A\0815f6ddc91b5c06d309c39f362fbd24.png,2
data\processed\Allaple.A\00d27e8175246e20879b06993e94abfb.png,2
data\processed\Fakerean\057835a2c263a6b9954fb4885e58dc75.png,10
data\processed\Allaple.A\0526458beacdd4f434038b653f22d635.png,2
data\processed\Agent.FYI\008c1911f9d6c048d6aca6ccb8cca2db.png,1
data\processed\Allaple.A\067b51bdfd83a983acfee6a90772521f.png,2
data\processed\Allaple.A\05edd6d2bbe2b88e51e53334bee4477a.png,2
data\processed\C2LOP.gen!g\063fd383daa131e0ee729f94afbf7d5f.png,6
data\processed\Obfuscator.AD\03963e53d62add116bb9a69cfdbff32c.png,17
data\processed\Allaple.A\01abf5150bcfe292b3a973422db32eb3.png,2
data\processed\Autorun.K\086c50b0330732566bc096101b2c0b9b.png,5
data\processed\Allaple.L\0615451f47437fdcfe69cf6e4e1be52f.png,3
data\processed\Dialplatform.B\017df829a1558136b01335d67573e934.png,8
data\processed\Allaple.L\06c77ecda8e17fdc570a6306176e2634.png,3
data\processed\Autorun.K\05afb43ba16432506237f51d8b478188.png,5
data\processed\Lolyda.AA1\0021731bb31b87e9b2eb1754936cad41.png,12
data\processed\Allaple.L\062ddd982ba6758ca6a4a5d8131696d1.png,3
data\processed\Allaple.A\075942b6bf994e639d1e9ab8bb99e3db.png,2
data\processed\C2LOP.P\03eb7167387ca602c2d03a4ddb37c41a.png,7
data\processed\Fakerean\050c604cec411f3f98623a6feff226a7.png,10
data\processed\Alueron.gen!J\06b1e646130394aced3c030ea28a5720.png,4
data\processed\Instantaccess\001c5a304e3e064499610b56fe607cd0.png,11
data\processed\Allaple.L\07bb1d9d4fff0ec2fe797a666770cd36.png,3
data\processed\Allaple.L\07254c38219c8a7557613fb8b7b97ecb.png,3
data\processed\Fakerean\06b2e65eae0404d1952a28ab384745ce.png,10
data\processed\Allaple.L\0848d5948f544d6f6a059671cbaef434.png,3
data\processed\Rbot!gen\680f78dc42b0aa75d1ae0208944c0864.exe.png,18
data\processed\Allaple.L\00f23f59e93123900e1e66453bbdaf68.png,3
data\processed\Dialplatform.B\054446fa4fc7281fd491d121454d319b.png,8
data\processed\Allaple.A\038dc1494f4c07f6b1509d0090cde06c.png,2
data\processed\Allaple.A\009282a9bb5334b8a565f9b54578d2a9.png,2
data\processed\Allaple.A\06e47306542684aacad364f4fc36744b.png,2
data\processed\Allaple.A\083325be20c4cca83c5a327fa77d3dd2.png,2
data\processed\Yuner.A\083a1cc99963b8bb524cc6fc1c482cea.png,24
data\processed\Allaple.A\06dd1209e98062db37e688ddb605ea8b.png,2
data\processed\Agent.FYI\04a347372f8a3c2514a5384712e5141e.png,1
data\processed\Allaple.A\01d460d360770edcebcc69366892d74e.png,2
data\processed\Allaple.A\07b0f395e21efaaf46fd829d42d41f6e.png,2
data\processed\Lolyda.AA3\00b7419d6e37cc73531a9354d6de8910.png,14
data\processed\Allaple.A\03a02e81a27f3bbf3c43e0cac33a1aa0.png,2
data\processed\Fakerean\05b84e63cbec01aff6cf0a8542909507.png,10
data\processed\Dialplatform.B\00455be2b5e7a3e97295b4886649b623.png,8
data\processed\Allaple.A\05cef0b4ee84135173374b4005e8e3b1.png,2
data\processed\Agent.FYI\0090be6dcd06d9ce3e6df63db340c754.png,1
data\processed\Lolyda.AA1\00214fb94288c34da6aa54210e4cc177.png,12
data\processed\Yuner.A\05ee89e2912a51d1fe2d76c4e1d68011.png,24
data\processed\Allaple.L\00c079b3d364b68838f2a8a190ff75ce.png,3
data\processed\Allaple.L\06851786b24c18de947ccc56926aef1e.png,3
data\processed\Instantaccess\06e137392545f9795c982944a77108da.png,11
data\processed\Swizzor.gen!I\0531ab803310b356f2d25cb7d8d65609.png,21
data\processed\Autorun.K\03efcdd32c80e8a4f3d53d50a25cda9f.png,5
data\processed\Malex.gen!J\018b24fc64d0e8e9b7a9bd23b8932838.png,16
data\processed\Allaple.A\004102c3a258f5e03fc433901c73844f.png,2
data\processed\Lolyda.AA2\009752f5ca496593e851f01df59590e9.png,13
data\processed\Fakerean\02d9f15cd9750ecd173eb661cfe4c6cb.png,10
data\processed\Allaple.A\00ac9ebaf28003a50afd86e0d9887696.png,2
data\processed\Adialer.C\00f505d965636db4d021f69747dd4281.png,0
data\processed\Lolyda.AT\050e04400af5ddee85cd61db3ed5ab78.png,15
data\processed\Allaple.L\00dc16ce45aefba7d8db163c4638d3a4.png,3
data\processed\Allaple.A\0664d57c5cbb716255be7c0f118d7781.png,2
data\processed\Allaple.A\01352cf89b19273da690f453fe5306fa.png,2
data\processed\Yuner.A\07c3217f4b1f45c1b672eac04bb50340.png,24
data\processed\Autorun.K\03888d1859564a432bcf971778a5a388.png,5
data\processed\Malex.gen!J\06a578aeef976e5fea2bf08f9a120616.png,16
data\processed\Fakerean\065bc65827977db44d3b4c953980cb66.png,10
data\processed\Lolyda.AA2\0013481cc00b366578be7070a1a260f0.png,13
data\processed\Lolyda.AA1\00a2dac2cac41ca56e5eaa4473645630.png,12
data\processed\Instantaccess\00cb484add2e839baf2d8167f5b8e168.png,11
data\processed\Lolyda.AA1\009582ae829a0740ec73c18efc36a9a9.png,12
data\processed\Allaple.A\00825c0aaae86d257a00080a417a9111.png,2
data\processed\Allaple.L\03c358410d4e3705e78c99484d45bf19.png,3
data\processed\Malex.gen!J\064ee931b959ccdb3d6624c8acd40782.png,16
data\processed\Obfuscator.AD\0607fbf77c0838390515196112bc1efb.png,17
data\processed\Dialplatform.B\001c938429453603b52c2325a507ee57.png,8
data\processed\Allaple.L\00b20d54f3f5f01f4ae01264282ca29c.png,3
data\processed\C2LOP.gen!g\05cea0d19dc4e52bbcb868860929c476.png,6
data\processed\Allaple.L\04ab901e2c41c52ecc68705e0e6adefd.png,3
data\processed\Fakerean\08a39a2be4eb441f19b8a1aa54152a1d.png,10
data\processed\Allaple.A\045805e83e0417407518ca7db1364c04.png,2
data\processed\Allaple.L\011cf6eabe658b69e90a49c384e58e88.png,3
data\processed\Yuner.A\01ecf62e544e2908d7590b1338bf9b8b.png,24
data\processed\Allaple.L\07949afdf933cb0d4bd80cad1d8d6210.png,3
data\processed\Lolyda.AT\022e210b2a17fe8a5f9b072c29595367.png,15
data\processed\Allaple.L\05d90b15b4f826cafb202fef7b4f1449.png,3
data\processed\Allaple.L\031f9ed060be5d72b3ba0125ee86a65d.png,3
data\processed\Lolyda.AT\040f672253c2577350ef675aab5faf13.png,15
data\processed\Allaple.A\0046ed427ba8042c9e45722834825e00.png,2
data\processed\Instantaccess\07c5141ba6138d402ad8d9ca4b27e269.png,11
data\processed\Allaple.A\05eaa1f21ced93bb7356f6fb9dd19dd0.png,2
data\processed\Yuner.A\036183f07dca07e46be4929254f9619b.png,24
data\processed\Allaple.A\0497bf4f7c805f101a68bab8bd9859e2.png,2
data\processed\Lolyda.AA3\001ab49290ad9b81b115fa933c3efc99.png,14
data\processed\Fakerean\00fa5020e21fc76abc4984f87e5b0ab0.png,10
data\processed\Allaple.L\01dc341439b65ef576aba4074e5095f0.png,3
data\processed\Allaple.A\073af4f1a124ca827f60d03b408747cf.png,2
data\processed\Allaple.A\008812dc204e5db1dbc8054934093293.png,2
data\processed\Allaple.A\0728c5e5ac816b241672dc0ef83f014f.png,2
data\processed\Allaple.L\087f323e6f4e8c75b3ebd4bb3f21ab2d.png,3
data\processed\Allaple.L\046e7d55e154496eea57b240e8d279fb.png,3
data\processed\Allaple.L\0485de911d3a074d08bf4f3abf1b5629.png,3
data\processed\Instantaccess\007de27b850aab89fe5e76fbc4e77d16.png,11
data\processed\Allaple.L\007b98b38df23e618f0a20f143a80064.png,3
data\processed\Dialplatform.B\04a7295de27a600564ddea6d3932f680.png,8
data\processed\Instantaccess\02fa49e4ff969430236b8a40ca797ed3.png,11
data\processed\Allaple.A\08b235b13d82dcf1d8818c2d575c17c1.png,2
data\processed\VB.AT\0017cd1ee68ab634b69c3b4c520e794d.png,22
data\processed\Allaple.L\0005b4a15516402a0f75e0a0004bef7e.png,3
data\processed\Allaple.L\04100e68d6f00ed9c6924d1a11ef51cc.png,3
data\processed\Dontovo.A\000595677f4206cedfe26ce298fc6153.png,9
data\processed\VB.AT\00cfddaec7c2c14ba5dd2f7fb6f300bc.png,22
data\processed\Agent.FYI\0339e182a5c9ab81aa5dfb8ad4aedda6.png,1
data\processed\C2LOP.gen!g\00834412a1e47cdc56d0c9f435ab7bb6.png,6
data\processed\Allaple.A\0402d34593c5ef2e341682c7980dd870.png,2
data\processed\Lolyda.AA2\00c4dcf290328490ea9eb2917bd54e40.png,13
data\processed\Allaple.A\0654f09be5450a55ef1f407c2a043ca9.png,2
data\processed\Allaple.L\06eeca933de8d1caa34351ba821b312f.png,3
data\processed\Yuner.A\039475a3e60c027b62d7f386bc0130cf.png,24
data\processed\Alueron.gen!J\0175a4f6ac041432020a5d223d0c361d.png,4
data\processed\Swizzor.gen!E\0825bc024b50798ec4ff7c2b69efc867.png,20
data\processed\Dialplatform.B\012c81eb5c6aeb81291bafc584ec3784.png,8
data\processed\Allaple.L\0741905dc36f4daa4464870230d4427b.png,3
data\processed\Allaple.A\03324df1c6e04f51939753042e3aaf1e.png,2
data\processed\Lolyda.AT\019e6ea5d3a455991b165283b72439cd.png,15
data\processed\VB.AT\013c8cf1550ddf6a22ce393bde976ba2.png,22
data\processed\Yuner.A\003254f7c5f80d963fb5e74e937c150d.png,24
data\processed\Autorun.K\00fbe599533c720c568f3bf35b17d981.png,5
data\processed\Yuner.A\079182166c8c0d36e1c80eb422e49a74.png,24
data\processed\Allaple.A\05c49542eae5cf6700ec5db122d419b0.png,2
data\processed\Allaple.A\06eaef9d4570b5f14f568bc4c8a41e23.png,2
data\processed\Adialer.C\053f41978f89e436244c691072f4a548.png,0
data\processed\Swizzor.gen!I\00f87b16629390d936cffa6a7bcba459.png,21
data\processed\C2LOP.gen!g\01f7222193626a98a00bce8dc38a95e4.png,6
data\processed\Allaple.A\03b497fac0fe3e8c87f7afbe8136c4de.png,2
data\processed\Allaple.A\01a524a29896bffaa67b2c4e970df0c2.png,2
data\processed\Allaple.A\039a1507a80599749b0ac8a8b6a83d9c.png,2
data\processed\Allaple.A\01eb0696e6de77e83435cccb7d6860c2.png,2
data\processed\Lolyda.AA2\008e34d9e3bb22fbc5c820201eb85f57.png,13
data\processed\Wintrim.BX\00c74bd3fd744117be54c26881cc36b9.png,23
data\processed\Adialer.C\008cadcfa4ca85c4a4aaf901a70868cc.png,0
data\processed\Allaple.A\003b42599269831dc938ffb1956660b0.png,2
data\processed\Allaple.A\011a6fec25e0f7049e7e36c0a8f4ac44.png,2
data\processed\Instantaccess\068ebe7d8f9a40d7fd9bfec385a84a39.png,11
data\processed\Allaple.A\07c9d13cca587ee059728a9ef0aa2f76.png,2
data\processed\Allaple.A\04dfeedc3b8d9ec1494680f36f7fddf0.png,2
data\processed\Yuner.A\0078bca06f70fd79c74c57c126b4322d.png,24
data\processed\Allaple.A\0009adee261db5f9a3f1860795cd8e78.png,2
data\processed\Fakerean\05233bae072c51c28ab8be71176cf20a.png,10
data\processed\Fakerean\07cccf817d23adaf6c34e3d48d6745a4.png,10
data\processed\Dontovo.A\046df8b0094534a1c9b0cf69f1acc4b6.png,9
data\processed\Instantaccess\05df93caaeca74fb5c822e4a1c22d2c1.png,11
data\processed\Instantaccess\021edccf5e6bcdfc4e43cb88c939e12e.png,11
data\processed\VB.AT\006d0edb43098ae9335b7f1ce700b149.png,22
data\processed\VB.AT\0229ba8297904e7f0d28b5a208eb6a97.png,22
data\processed\Allaple.A\06a3f6c695d31a3f79650c1660ae1fe5.png,2
data\processed\Allaple.A\00c4ce7460bdd6385cdb1f92d326bb07.png,2
data\processed\VB.AT\00ff0955b5c177729436036ab966181b.png,22
data\processed\Rbot!gen\2692ad68f2acf3e1118bb60335f5a2bd.exe.png,18
data\processed\Dontovo.A\00399e9a0f031d9dc3f1932acd84fb0c.png,9
data\processed\Allaple.L\03fdad6a469809211858f3569804f785.png,3
data\processed\Allaple.A\0395e298b27f40c9d1ef3af1ed20cf26.png,2
data\processed\Allaple.A\006a7217f8280b2cff134ec65a04cd96.png,2
data\processed\C2LOP.P\004d93c37d74c4d9c014840a7be2a9bc.png,7
data\processed\Yuner.A\0433679c43c3a6cfdd02b72cc917b3f0.png,24
data\processed\Swizzor.gen!I\008ce7c1520b2fa48f937865f825946d.png,21
data\processed\Alueron.gen!J\066becf2e6e5bd99737fd5d36330c986.png,4
data\processed\Alueron.gen!J\00daed58456c112c970591dc9b272163.png,4
data\processed\Allaple.A\03f4fd10f8e551a9b78586cdca656680.png,2
data\processed\Swizzor.gen!I\038d9768eb15b797549fd48ba3bb9b3f.png,21
data\processed\C2LOP.P\04c56e60924f97fd32bfdc7adb129419.png,7
data\processed\Fakerean\08b6a9c6af925e52a417252b2225de25.png,10
data\processed\Dialplatform.B\078c833d2bbe841c6b3e329a36140f20.png,8
data\processed\Allaple.A\00bb033d243aa85695ad82955312467c.png,2
data\processed\Yuner.A\050925811e2a022a4677c60a21b00ed5.png,24
data\processed\Allaple.A\04d1d73a90083ce2d8ecfc4ff01a18de.png,2
data\processed\Allaple.L\007198233c8199609f3044471228321f.png,3
data\processed\Allaple.A\069ee88d1070f9bca3cdcc90d5d1a436.png,2
data\processed\Yuner.A\03e7324cf554569860725924486bfdae.png,24
data\processed\Allaple.A\086ab1263b5a81c824b59851802cae37.png,2
data\processed\Allaple.L\03a33f1f6d1eab56aa5344974a440534.png,3
data\processed\VB.AT\0429b8c2e95998ae04f8e49803f402e0.png,22
data\processed\Allaple.A\008f7c4a031a15ae1176c17811a6f08b.png,2
data\processed\Yuner.A\032fdf58caa3ad61afec7bff323a9aa6.png,24
data\processed\Allaple.A\06050d829e98f36fc17e4858d4ae8177.png,2
data\processed\Instantaccess\047e1e4903e78390d141aa0d4c68307e.png,11
data\processed\Allaple.A\038f8fc9e091171df7a328bf3d36b83d.png,2
data\processed\Allaple.L\000e5aeec36235875d2567ca83d3e37a.png,3
data\processed\Allaple.A\072b78a24f955cbcc630d5dbc239480b.png,2
data\processed\Autorun.K\036c4c82e2f6756c974041b9e07e85f4.png,5
data\processed\Malex.gen!J\01726aa0fe600e97d411fd45201a9298.png,16
data\processed\Agent.FYI\039107be5aa223a3331b3d45fe2bc839.png,1
data\processed\Malex.gen!J\06d2609e352c52ecf8aa4fc58c959778.png,16
data\processed\Allaple.A\080efa055fcc310cc802f5a1d1a7e228.png,2
data\processed\Yuner.A\001dcd7215ee0691b4e2c1057da21c54.png,24
data\processed\Rbot!gen\7a56360fbc738d37569aedf30acb6f1f.exe.png,18
data\processed\Allaple.L\019433d9b646c126f63c185d80e16c6d.png,3
data\processed\Allaple.A\047ac9be9f351c0b9f742a17d725fce8.png,2
data\processed\Allaple.L\06ec5dec86750c4bce857c5591d91c62.png,3
data\processed\Allaple.A\06c4faeb951f9621f1349943b06164cf.png,2
data\processed\Yuner.A\002896c342d3d5feee665cb52eea89d5.png,24
data\processed\Allaple.A\01d264c341b9e3ef808bfe62752752e4.png,2
data\processed\Allaple.A\0035bf16af06d2724512092c786dc7d6.png,2
data\processed\VB.AT\00bacd3d0bf241c5c9c3a422363307b7.png,22
data\processed\Allaple.A\088fefe9bdf539e99aef79eee7ae3740.png,2
data\processed\Allaple.A\0110359bfd22c34730bed63ab46cf423.png,2
data\processed\Dontovo.A\056e92e7cfe74c28cda6f4010c68ca3d.png,9
data\processed\Allaple.A\062c35ef472b02cd7bc30a825f654274.png,2
data\processed\Allaple.A\0519ad6b85735ea60772fc23ca855277.png,2
data\processed\Lolyda.AA2\00ac9e9194d5502be9b54a30b578b513.png,13
data\processed\Agent.FYI\071a0519c246e4243b3463ddf82a47a6.png,1
data\processed\Malex.gen!J\041d75a135f53d0f774c179f9f118e29.png,16
data\processed\Allaple.L\08af50962d4d619d47b65325ba7baaf5.png,3
data\processed\Yuner.A\086c6b2e381dcea21f06912e8dfdcf58.png,24
data\processed\Allaple.A\050a60ff590dd10863290c0af964b9de.png,2
data\processed\Allaple.A\082109739e294c9fbdf3889a9867743d.png,2
data\processed\Allaple.A\016a2a22c61ab9282f2e98b4b802c432.png,2
data\processed\Allaple.A\069b384a54ba92b210ed2b2cd9e3a53e.png,2
data\processed\Allaple.L\03d63c84e1fc2c00a296569a1df76c89.png,3
data\processed\Yuner.A\084a0a9afd0be6b7ec297269ae9d5dc1.png,24
data\processed\Malex.gen!J\0839c4d98167ff4c706c3d1fd4601449.png,16
data\processed\Allaple.L\050d2578a9ea595d03ff739b9c50d248.png,3
data\processed\Allaple.A\0423468827630be547ab37f63a1ee1b5.png,2
data\processed\Allaple.L\066d485928c1096fdd6e9f29eaed0d87.png,3
data\processed\Yuner.A\01cfba11427b8f7d1d571f770d5497ae.png,24
data\processed\Allaple.L\03dbe6f9f5116b93c2a26e7a4e40b6b8.png,3
data\processed\Fakerean\00ac6fa07572445f9bee6db32273b121.png,10
data\processed\Malex.gen!J\05dc51b757b0dc6c1037bf9a31c57682.png,16
data\processed\Instantaccess\0324410b26fd138fb0f385c8e11dbaa2.png,11
data\processed\Yuner.A\089d58283a42c57f9d0e54b37177c596.png,24
data\processed\Lolyda.AT\0711e331bdc1c647c40d29c75d109ddb.png,15
data\processed\Yuner.A\01e162e378f919470f72c6cb602f04ed.png,24
data\processed\Allaple.A\05b3e0ea8400cc177bcc46804221e89f.png,2
data\processed\Dontovo.A\03e52e6dfa8ef26105a624a318dcd8ac.png,9
data\processed\Allaple.L\0766033a52937bfda7841c6ad2639080.png,3
data\processed\Yuner.A\00be657f26f39d4999169bc9e57fb7c4.png,24
data\processed\C2LOP.gen!g\08213e7347a573c71490e138584f65f7.png,6
data\processed\Fakerean\06eb27cd6aef046e0d5f1bba39cf7f78.png,10
data\processed\VB.AT\021c00b68483785b502e5a13d9bf3106.png,22
data\processed\Dontovo.A\003e4ac37539328e8aadd02e3252e265.png,9
data\processed\VB.AT\051bf321b07d1ec74364b73cfad4088b.png,22
data\processed\Lolyda.AA2\00763e42faef9a6ef234f0d496f15a5a.png,13
data\processed\Wintrim.BX\00d81817a94204bcac5037b02abab2f5.png,23
data\processed\Dontovo.A\0414a58b8655ea8ede94b6e8afa46081.png,9
data\processed\Allaple.A\0052e31ee0774411b62cb2461ad1317b.png,2
data\processed\Allaple.A\032edbfc6f0bca46b06f135113242140.png,2
data\processed\Dontovo.A\01c3de8f13fd6cf40c52fc72488d494c.png,9
data\processed\Autorun.K\0545cc9085fab79794efe01b88990da9.png,5
data\processed\Allaple.A\00776d034a346a560cb3daee02779161.png,2
data\processed\Instantaccess\0587c16e947380ea959a4c2b6ae938c2.png,11
data\processed\Allaple.A\07c6d194ce46250812ca209a1370db5f.png,2
data\processed\Yuner.A\013bcefa6ef657659e71ccc578db043e.png,24
data\processed\Dialplatform.B\0104c10579e5bad7ec81dc0d3db79231.png,8
data\processed\Lolyda.AA1\00ae238303e732b5b98004708ac26632.png,12
data\processed\Lolyda.AA3\00b100f1399bea72cb7f43973011c6fe.png,14
data\processed\Allaple.A\006bf48df3470d2f77d1a0c85164eb79.png,2
data\processed\Instantaccess\03a0f2d7e46d3fa0e5c6c42dbeeca07b.png,11
data\processed\VB.AT\03eb7ce5cd20310044468e3525dc894e.png,22
data\processed\Allaple.L\000c4d9de4b50ec41a6434936ce9dea7.png,3
data\processed\Allaple.A\073065c857d3fa11f1af8537fd175332.png,2
data\processed\Allaple.L\05add640823f8368ae30d90b86f0424b.png,3
data\processed\C2LOP.gen!g\042cc98373c5f8a704ae69c531e8e09e.png,6
data\processed\Allaple.A\0696dd219ec8e47d42fdb72f11b8376b.png,2
data\processed\Dontovo.A\014be6e9af2534a74533007f28370e79.png,9
data\processed\Allaple.L\014229a3973ebf92bd609e21953c5d38.png,3
data\processed\Lolyda.AT\019abbb3067ce5bf5602e7353d1819b6.png,15
data\processed\Allaple.A\08b2857c795d2beeaad74083d361d538.png,2
data\processed\Swizzor.gen!E\05811dfd341d039ba2439bfceb5feca6.png,20
data\processed\Wintrim.BX\00158d5c63a11267616edc8244c2d70e.png,23
data\processed\Autorun.K\01d34acb2656dda27f12001984eb0100.png,5
data\processed\Allaple.L\06429491ead628af0fb05d405fd4d187.png,3
data\processed\C2LOP.P\085fbc91ee6d6a13c29688f06a7450dc.png,7
data\processed\Fakerean\00a3e47ccbd3481a9d71a11a2368d253.png,10
data\processed\Allaple.L\0741215cd0ae3775656b3216f2eb98e9.png,3
data\processed\Fakerean\0566bf7e81afe0db79087e8f19e98f28.png,10
data\processed\Allaple.A\002a731f6a5235f9f9761a061ba88e89.png,2
data\processed\Instantaccess\07beaa9e9fd69e62b9040e7521d280ed.png,11
data\processed\Lolyda.AT\0341839f84029a1b56a610f7b237c711.png,15
data\processed\Dialplatform.B\032ed6d70b3cf69bfdda4816cc2bda53.png,8
data\processed\Dontovo.A\072c25f11f3c884700b4a363e61010d6.png,9
data\processed\Allaple.A\006d26b5f205639ff292b97e7de4b2ad.png,2
data\processed\Allaple.A\004be96808136a2f021754515e02b9db.png,2
data\processed\Allaple.L\00fde32086097ff2bdf89003c3a587d0.png,3
data\processed\Alueron.gen!J\03efde134a81bfd5e4529f118d922e29.png,4
data\processed\VB.AT\0468e34a0099f8390b7e32bfeb3b7042.png,22
data\processed\Allaple.L\004ad9af8b8f426265fbc65603ee4ce9.png,3
data\processed\Instantaccess\01a9e7dd2a95ca6326f1558c5356601f.png,11
data\processed\Instantaccess\00856fdf93297ad07ede5896dd53afb0.png,11
data\processed\C2LOP.P\00d18e5b626720ac56d890a5e8cba61e.png,7
data\processed\Allaple.A\0335d73b4260c729aea75021ae997bbd.png,2
data\processed\Allaple.A\0802feb673b78f4e687d4b043cd986e5.png,2
data\processed\Allaple.L\06c74386d7246ab0c8fb008a92f38c7d.png,3
data\processed\Allaple.A\04ebe79706bb5860444144fca0ec4776.png,2
data\processed\Obfuscator.AD\03710517c2b46d522d0c0e5d476625cb.png,17
data\processed\Adialer.C\06e21af7e2fdd67622d0122e113b0d53.png,0
data\processed\Allaple.A\07c2baa56ee28f1e382dc5384fe7c193.png,2
data\processed\Allaple.A\04346a906aa3257f662a1fb19a428e6f.png,2
data\processed\VB.AT\001ba5f7099d5345de3a398d04ab54bf.png,22
data\processed\Skintrim.N\00662e13f77a433adf62c947e7502454.png,19
data\processed\Instantaccess\01b2641ba3b8788e31316d5815944c23.png,11
data\processed\Allaple.A\03217ce934d84dd3c7c3dc82b649b93f.png,2
data\processed\Rbot!gen\bbe4051cca48912279ab2a63ab8d38e6.exe.png,18
data\processed\Allaple.A\04e56cf631ec911970982320268d3f97.png,2
data\processed\Skintrim.N\00e6beeeb33f5d287df7378d8634b949.png,19
data\processed\Allaple.A\06b65939600f93f1f7d8f94641bdd728.png,2
data\processed\Allaple.L\00c1a9b6396f7631e5c95a163c902347.png,3
data\processed\Allaple.L\00cdd556e187def11bc9f7b07f5df524.png,3
data\processed\Instantaccess\01dd746a8bff4ca8d6157ac3dc06e370.png,11
data\processed\Instantaccess\031493f45070d9fcdeaf913b2ab19838.png,11
data\processed\Allaple.A\037469339d3f30ba34cd6c93f83f4ab5.png,2
data\processed\Dontovo.A\0790c525fc1e89afdbcdfcb68064f749.png,9
data\processed\C2LOP.gen!g\00e9575c0dae9058fb0395372ebea272.png,6
data\processed\Allaple.L\005d5f8991e3cbeeaf662883a07c7113.png,3
data\processed\Allaple.A\0159105338de3795466c13832f256ab7.png,2
data\processed\Yuner.A\07300c1555fbb2f23d0e37a32a11e626.png,24
data\processed\VB.AT\00016fea77362103e72eec6198da7ba2.png,22
data\processed\Allaple.A\01995e74003a52342a4326616b37d54a.png,2
data\processed\VB.AT\02d81ee513b2d49f0ddb2fc9316ba49c.png,22
data\processed\Allaple.A\00325814ac25c20127201c4335e38462.png,2
data\processed\Skintrim.N\00c133fa5a153ad3bbcb0464669726b0.png,19
data\processed\Allaple.A\06c587a691fcf40238b85b725481cb90.png,2
data\processed\Allaple.A\00209653b8e94e5a26f448e3ebb334f0.png,2
data\processed\Instantaccess\00bcadce59a7c5c21bb1d8cc4666b435.png,11
data\processed\Allaple.A\01ee5ebbd61419de89b91fb3dbbebef0.png,2
data\processed\Yuner.A\03c5826746b97b2d70c71886f047771c.png,24
data\processed\Allaple.L\00f5075a8cfcc1040a0bd3e43a457384.png,3
data\processed\Lolyda.AT\05869cd8a298c179f63bb8b6ea2b4c8d.png,15
data\processed\Allaple.A\01f813f30a2a8cf5059366c9c089dfb4.png,2
data\processed\Instantaccess\01030a2b18c72bb9c3228d028313415f.png,11
data\processed\Allaple.L\01e1c8dbdd17010e488b337b87867388.png,3
data\processed\Allaple.A\0602bbbbec4352e959e43a41815c5ada.png,2
data\processed\Allaple.A\0009c002b8bffeab1231748d4d7e02b3.png,2
data\processed\Yuner.A\048abba42f38f16545f1503a85898d54.png,24
data\processed\Allaple.A\01c58f50080d2cdffb121337916a337f.png,2
data\processed\Allaple.A\0183bd91afe53caf06975437b7c2e83d.png,2
data\processed\Instantaccess\0595e1b6872979f42242847e212f5e21.png,11
data\processed\Allaple.A\040c4d328f57614e1dd2d8c5e00b0d55.png,2
data\processed\VB.AT\054fd6cc3001f98338c0a391c8e4faee.png,22
data\processed\Allaple.L\067145fa33fc9bf2ed73b1c27a5bd688.png,3
data\processed\Lolyda.AA2\005c4ecee8b2df52fb879097b69eb483.png,13
data\processed\Lolyda.AT\060d74c080bfbce04fe74163fde9bdd7.png,15
data\processed\Yuner.A\00e75b8707f23cabae8a8b90a334894e.png,24
data\processed\Lolyda.AT\084f3003f8df1ccd28ce027003a4fadf.png,15
data\processed\Allaple.A\00c1841bb705490f16b37a47e13f2af0.png,2
data\processed\Allaple.A\0451bec7119c44d2526c64b41693a89e.png,2
data\processed\Allaple.A\070629079cfbd53e13b892851da76e67.png,2
data\processed\Allaple.A\0895c54ccdd8c4eebff952bbbc3b45b7.png,2
data\processed\Yuner.A\08004d4675258aa177d07235eb0375ed.png,24
data\processed\Allaple.A\03187a61c17349ba776aac3f0492474e.png,2
data\processed\Yuner.A\0032bcc6d3ebf4fa7f055b99d8f34e53.png,24
data\processed\Allaple.A\04ed169f4ed3fcb5d1f4de32fb52bc7f.png,2
data\processed\Dialplatform.B\07b7b8053594f3dd6cf169ba1a3b592a.png,8
data\processed\C2LOP.P\073154c63c2693b009fadc8945d5396e.png,7
data\processed\Allaple.A\002a93db7c94ef346aa9b6ac24cbb762.png,2
data\processed\Allaple.A\08838b554a87b2275fced15c58165df4.png,2
data\processed\Allaple.A\07d967ad18d56dc0c4e986f732661c0f.png,2
data\processed\Lolyda.AA2\008308c4ec7c9f930c8e8312cb3a5342.png,13
data\processed\Dialplatform.B\005b1d76116c5d675110566401a8fb92.png,8
data\processed\Allaple.A\0462ae7bb18acd6a533134f8aecdd7a7.png,2
data\processed\Allaple.L\039d70062ef3c9e5331174d560263839.png,3
data\processed\Lolyda.AA2\0057777a611d5fc1ed4636da420bf572.png,13
data\processed\C2LOP.gen!g\034da81d44ca54f13ceb79a4704ff2d7.png,6
data\processed\Swizzor.gen!E\087069b6d0150160dce54241577018fc.png,20
data\processed\Yuner.A\08691eac9a03b27dd288b2a93f00154c.png,24
data\processed\Yuner.A\050b908a91e64ee834efe1694723cb93.png,24
data\processed\Malex.gen!J\05487692600de92411386d5983cd63be.png,16
data\processed\Allaple.L\04e765785f65477eaff42a49fc317b85.png,3
data\processed\Fakerean\067dde10180f731dccff53c6574c24a8.png,10
data\processed\Allaple.A\03a1f03ac23d9893574790302fbee0a4.png,2
data\processed\Allaple.L\04e99a46e37abe3600ad1df4c2f4e0b4.png,3
data\processed\Allaple.A\06c4dd62b3acd153616fc164a29fcb7f.png,2
data\processed\Allaple.A\01d1fff635a36877532c581ba11c1aa9.png,2
data\processed\Lolyda.AA2\0058aa124e2dcb534e48606c0c47d2c4.png,13
data\processed\Instantaccess\0420d9286151bd4f149555affe526c5f.png,11
data\processed\Allaple.L\079d5df3bd19e73ee19f20ca214c5fd9.png,3
data\processed\Allaple.A\064982ff9ca3471183ad9929ef6eb84f.png,2
data\processed\Alueron.gen!J\0024692aa968a9e2b8a5c52ecfe95be1.png,4
data\processed\Allaple.L\0531596db2dca2b992c6c2389a4d6bcf.png,3
data\processed\Allaple.L\075cb74f3ded59f403acc1405a22d3a2.png,3
data\processed\Allaple.L\05753fab078633dc0761109fa527ccb8.png,3
data\processed\Yuner.A\032d8d7cc37c39e2131aa9d275551a7d.png,24
data\processed\C2LOP.gen!g\00a51eb6791296d5262c7fc0b3764919.png,6
data\processed\Yuner.A\03aa7f21238ef20c4392c6c3e05926cd.png,24
data\processed\Allaple.A\000aae69a2d0ea19c2e7d1ed5bda99d3.png,2
data\processed\Allaple.A\0408e160aff4317448afe9657d93f4ec.png,2
data\processed\Instantaccess\044dc68bf579280435191ec16dda27f4.png,11
data\processed\Allaple.A\01ad2cac27e668b31594417da886090a.png,2
data\processed\Allaple.A\075fe80cd955619fe9f29657508dfe25.png,2
data\processed\Fakerean\0763795e3115a4a7a1fd2b1eebb60034.png,10
data\processed\Obfuscator.AD\06865c7a8b93b7c8029ccbb9c5ead069.png,17
data\processed\Lolyda.AA1\00c60274b1b7ffbd06b91c454aef3dc2.png,12
data\processed\Dontovo.A\03fb98d229435a419b0e7d116ce781f8.png,9
data\processed\Allaple.A\04faa9df67be0aef7e7702499cd86435.png,2
data\processed\Allaple.A\006a999aa2bcaafbd1f242848dc076bf.png,2
data\processed\Allaple.A\01fb574cbffd0256ee5a76e4bf738221.png,2
data\processed\Allaple.L\03204ad946611aa6e7be3dd52de804f0.png,3
data\processed\Allaple.L\0176d9860970972e89536fbb9454a29d.png,3
data\processed\Lolyda.AA1\00e3b5cc6dcace70c9632641cd7cb376.png,12
data\processed\Allaple.A\00dec229e64fa0422b0b38cbe484820e.png,2
data\processed\Allaple.A\01e0a097248024b1fcac4a9152529313.png,2
data\processed\Allaple.A\07016e44955c2179af17f6e215ee55e7.png,2
data\processed\Fakerean\00eee969e3a4abd01ba50e1511388712.png,10
data\processed\Instantaccess\008067271fed2fc828e49b35cead8746.png,11
data\processed\Lolyda.AA3\00df69296381eb041ce6054d127a8c35.png,14
data\processed\VB.AT\072b2beae04d04dd8e072afcf7cb70ea.png,22
data\processed\Allaple.L\0885fcc2d6c6947440660489658b5dab.png,3
data\processed\Allaple.A\062b5848f76eae01b0e6ac3fae1221a9.png,2
data\processed\Allaple.A\0514f2e273f9d28b083ee4eb4d34151c.png,2
data\processed\Instantaccess\08b0266c77427e3d8d634aed9d0910f3.png,11
data\processed\Allaple.L\068a463d53b08e9221e2184a57fc421d.png,3
data\processed\Allaple.A\00c76cb5120c97c14af08a644f52b00a.png,2
data\processed\Lolyda.AA1\009bc039f6c8de31c471b997c59556a1.png,12
data\processed\Allaple.A\00ec2b7b6ac5b693bb63d4df9e5482b6.png,2
data\processed\Allaple.A\06a1a091461c840232e74db827695dce.png,2
data\processed\Obfuscator.AD\046cc29aba25efb5efbf136b49dca5f0.png,17
data\processed\Dontovo.A\0870104016df13151be8451094970c73.png,9
data\processed\Allaple.A\07064efd22af3c27688b9db70d77795d.png,2
data\processed\Allaple.L\066590c929e927ae4b35690ea142a990.png,3
data\processed\C2LOP.gen!g\040a3aa89b2d6099590d64585ed705cc.png,6
data\processed\Allaple.A\03a77e3ff0967f67bac2a5fe4e3f996c.png,2
data\processed\Allaple.A\0017dfa5990c7545f7591a153882cdb8.png,2
data\processed\C2LOP.gen!g\008e25ee9a420a1d95c7e605e1fe49df.png,6
data\processed\Allaple.A\00af3bb50477df04978e8e321000eeae.png,2
data\processed\Adialer.C\05de9c8ef05825c1d65958834500015d.png,0
data\processed\Allaple.L\07100f487bc9accdbec0083b75c7757d.png,3
data\processed\Allaple.A\04c0c4e44afb4aaaee2b59a8287d5981.png,2
data\processed\Alueron.gen!J\001eeaa5593a996d45c187c91c9d3026.png,4
data\processed\Fakerean\08a12c4a8b4ec1cc1b48f222a54bcd6f.png,10
data\processed\Lolyda.AA3\00c4e0505d3bbf08545d3f30b4d38014.png,14
data\processed\C2LOP.P\04426bbca45d6768cc2d8567593e8b37.png,7
data\processed\Yuner.A\070f9ebc641abcf7a775447c701de2b4.png,24
data\processed\Allaple.A\039a602b7af8d0869c47cef8de86b282.png,2
data\processed\Yuner.A\076ae7016433682c27d0e1c0cffcd995.png,24
data\processed\Allaple.L\04e8f352f70d4bee5ae9812766c684b4.png,3
data\processed\Yuner.A\03dea463935ba6028a998aa3f1b47e31.png,24
data\processed\Allaple.A\030ffb925439f7e419d405d1fdb5aab7.png,2
data\processed\Allaple.L\04d57a087fa6eec79e463a9270f487a6.png,3
data\processed\Lolyda.AA2\002964be098166cac36c38a3c4be991a.png,13
data\processed\Yuner.A\00b7d605b3158bc052ccfa20ee28915e.png,24
data\processed\Allaple.A\0142ae16e00ec44225438993ff4524d6.png,2
data\processed\Yuner.A\0749453e542e9e362d7d6857367a9608.png,24
data\processed\Instantaccess\0160094c7bc287d235a9efd503e1631f.png,11
data\processed\Yuner.A\037f7f5eba68f4dc539dd32bff05d24e.png,24
data\processed\Allaple.L\00ef5c2fb34a733dd70c5410bbf1f6c4.png,3
data\processed\Allaple.A\04fb8f38bee8889947236734ac138e19.png,2
data\processed\C2LOP.P\0855e572de99264966154fe86f7ac3bd.png,7
data\processed\Fakerean\0366fcd0eecba0af1945d6d512ace095.png,10
data\processed\Obfuscator.AD\005ff28294e189c3467b718018d20b50.png,17
data\processed\Alueron.gen!J\08858e9d6798cd93cdb470c4a2c17367.png,4
data\processed\Allaple.L\084eadc001b3ef84efcb333afc7802f1.png,3
data\processed\Rbot!gen\6c2f1cfac6887582dbaf8efce3469ac6.exe.png,18
data\processed\Lolyda.AA1\00e768e2ab4983c83a13a1ad0e50e4aa.png,12
data\processed\Allaple.A\056fb194cbf6e1abe986dbad2e183bc0.png,2
data\processed\Allaple.A\0013a9e497bd665e3613fe8547405356.png,2
data\processed\Fakerean\01106b537e46fb57eac8a7c2338a3367.png,10
data\processed\Allaple.A\00bed4a4eaa83f84966706c427780344.png,2
data\processed\Allaple.L\037cf6727d1d76bfe609e2f1cdce4b5c.png,3
data\processed\Lolyda.AT\00a2521b730cf3a792985d6ce6d08104.png,15
data\processed\Allaple.L\0480df2558ed0b8fe98a8d6d381f2f5e.png,3
data\processed\Allaple.A\00d531ea8ebb53dd335b5add5ed6776a.png,2
data\processed\Allaple.A\00160d9ea6cba23c5eff111726c8e684.png,2
data\processed\Allaple.A\01c04ec4b843ac3564ed388e0a379046.png,2
data\processed\Yuner.A\009f57ef2209fa706de396ef071c1337.png,24
data\processed\Swizzor.gen!I\0474aa67b466e42f43a0cae23762a956.png,21
data\processed\Allaple.A\0309bef92d5321aaa0f77985468e05f5.png,2
data\processed\Allaple.A\046e405c6314d643554b95f113a30f5b.png,2
data\processed\Allaple.A\07873d9b4ffd6f1bb4f19a4b744d8b60.png,2
data\processed\Dontovo.A\05926943aa5518e8cfc45f59619fed3a.png,9
data\processed\Allaple.A\055f1c1e20c60ce1bab59a993e4960f6.png,2
data\processed\Yuner.A\078d1173219031af62652f485db40f43.png,24
data\processed\Allaple.A\08671e1ce488019f68b94833abb9568e.png,2
data\processed\Allaple.A\08981ed3f4f4213eaa6b5e3602d73395.png,2
data\processed\Instantaccess\04e89478e9e15942cb049996d8341d77.png,11
data\processed\Obfuscator.AD\0176f0a966cc5204dcc0172c5d349edc.png,17
data\processed\Dialplatform.B\075ad7cfbec1359b5874c6846d4d1ca2.png,8
data\processed\Allaple.L\0048a0abb9a076538ac66fc6a483dc84.png,3
data\processed\Allaple.A\000503d836fbebd4d6d69c0a7b152260.png,2
data\processed\VB.AT\02d86132735e2036bde7a660d02e58e8.png,22
data\processed\Yuner.A\00558884c338e2d4fa9c1a7381ed07ef.png,24
data\processed\Allaple.A\01b9cee40473bda97a2b0bb45964bf04.png,2
data\processed\Yuner.A\00b23f9704f40209c7b4824d02ef74c4.png,24
data\processed\C2LOP.P\05925d33fb5b04fed01d1ffe95625d58.png,7
data\processed\Allaple.L\009f6fecaa2fd11d88f59c9f02332e06.png,3
data\processed\Yuner.A\00590461e224566fe5a392f1b13684a9.png,24
data\processed\Allaple.L\0128f98b7fa98bd5dce5f980269a3b1d.png,3
data\processed\Allaple.A\0639946f2cbadf114c4ea6b16f2fc52b.png,2
data\processed\Dialplatform.B\002cedb9e2158907f45e8ac0ff66772e.png,8
data\processed\Lolyda.AA1\0008376a7745038e5402bca076474cfd.png,12
data\processed\Allaple.L\05c56deb41a1d521ac3b53a0bd09e98a.png,3
data\processed\Allaple.A\06d3601663d600a3d920146f2d9f38d7.png,2
data\processed\Swizzor.gen!I\0694edf85d28a3fc5a3dba42e8ad1a24.png,21
data\processed\Swizzor.gen!I\01ed01d4b83084975ccef242e139b8b4.png,21
data\processed\Allaple.L\065efb1c64dfce7a4a584481d86373b3.png,3
data\processed\Allaple.A\0048a62e54c96ee50fbd770f47d5379a.png,2
data\processed\Allaple.A\075613f99715957dca2a32411f3cc3c3.png,2
data\processed\Allaple.A\034a60f59886da8b982f33bc8a4535cf.png,2
data\processed\Allaple.L\00852c5d96c7afcc4f3841e3465dcbe4.png,3
data\processed\Swizzor.gen!E\085ccef8dfaaa72004cff4ce9e5cca10.png,20
data\processed\Allaple.A\07ba8f564418bc2d92c31c081a80f35b.png,2
data\processed\Fakerean\04173cf7a6fd230b85a7ab29cfe14c23.png,10
data\processed\Instantaccess\06b2d2ae242a9aed07b378992b96715c.png,11
data\processed\Allaple.A\055a15850a2774d03b425768a694389e.png,2
data\processed\C2LOP.gen!g\07c53645acdcc514748f1dcd01c15f06.png,6
data\processed\Lolyda.AA2\00a162b5920ac88f2a29af516122ab75.png,13
data\processed\C2LOP.gen!g\05706d8355a15460461d1909e4ec080a.png,6
data\processed\Obfuscator.AD\00b7af021f66c30953665a4c57d68a50.png,17
data\processed\Allaple.A\06c73ea7d1db33d36dcc7e54d946c7d4.png,2
data\processed\Allaple.A\0303b3ff29b0ed5d742d0f40048fec48.png,2
data\processed\Yuner.A\0759ae654354fccf99fe0a2bf7a76d61.png,24
data\processed\Allaple.A\0064c6c765c92267f68b4c8b4f53a2c1.png,2
data\processed\Allaple.A\030ee5fc0d8f89fc615dbfd73e1cff7c.png,2
data\processed\Allaple.A\03fa3b163f706b5d7c02596f00b2af33.png,2
data\processed\Allaple.L\07305df154c77c5cb990a7d58a06f7ef.png,3
data\processed\Allaple.A\08638c510ec9b79ad213679913996727.png,2
data\processed\C2LOP.P\01d7812c8afd73d2daa088e8568d5c07.png,7
data\processed\Allaple.L\0094992c5176d8a6908184c405fa0e19.png,3
data\processed\Dialplatform.B\03a8286368237c9da09774628770a4d1.png,8
data\processed\Allaple.A\03e2d8a6522662b58bc830e339006a93.png,2
data\processed\Allaple.A\0059ac96637f2a2449dbe97e16f5491e.png,2
data\processed\Allaple.A\08ac4ac1b3e1518f79232ffc57b0b0da.png,2
data\processed\C2LOP.gen!g\020319b523015d284969a303ec57dc48.png,6
data\processed\Lolyda.AT\008682552af58715868f7e5ad0c1739e.png,15
data\processed\Allaple.A\03af41ba87121140b6891a6e2bd7c7a5.png,2
data\processed\Allaple.A\072debb628f612800895ae734a9e9616.png,2
data\processed\VB.AT\01ec54dfda045005867f8c01966c652a.png,22
data\processed\Swizzor.gen!I\064aff9ef81faf72bd077e6b1004ee36.png,21
data\processed\Lolyda.AA2\008dbefe51688713792eff8f08e47798.png,13
data\processed\Lolyda.AA1\000d4092247b1bdc5731047cad3ed877.png,12
data\processed\VB.AT\0086d05c02372a1bc7f93f9c6c4792d5.png,22
data\processed\Instantaccess\06bdd557befc6b241127115de96b4a15.png,11
data\processed\Allaple.A\0405607629937165bfbab84542fede0e.png,2
data\processed\Malex.gen!J\053228deb975f54a09bb923a0410a4a0.png,16
data\processed\Allaple.L\084159474438cea604b6ea131a9b3cce.png,3
data\processed\Allaple.A\0175727d1314af5c51ec537d50481168.png,2
data\processed\Allaple.A\05998fd68793106ad5c23f6546bb0d04.png,2
data\processed\Allaple.A\00b91abbc24ff6e6887626e6436c0317.png,2
data\processed\Allaple.L\002b8465287445e41ca4c1c1dc6ec005.png,3
data\processed\Rbot!gen\c8abf282e74f32151d8fce75e756c7a1.exe.png,18
data\processed\Yuner.A\01589416a51173616c58749aafb560d3.png,24
data\processed\Allaple.A\00ae35c07b58dd38ceeb2741ecf7356c.png,2
data\processed\Allaple.A\06c3b85945205f854a1c52fd4896a3d7.png,2
data\processed\C2LOP.gen!g\03d1091f6b9a6c9fd5927bb560612540.png,6
data\processed\Allaple.A\07e8ac3f09e3c96d5b37831b562a9956.png,2
data\processed\Allaple.A\0069d51d50cf21be4da1963219eb7a0d.png,2
data\processed\Allaple.A\004a347b171f8caeb6e72d56994fa908.png,2
data\processed\Lolyda.AA1\00de850c9c81913e282bcd7c32097e38.png,12
data\processed\Allaple.A\060fd4be69f52c18a28b5e5647177f6d.png,2
data\processed\Allaple.L\065a7e3f38d8cc3ca056b4f5fc272643.png,3
data\processed\Autorun.K\018c6375a30243d7c110f562f368a97f.png,5
data\processed\Lolyda.AA2\00895f36e6d9d31c5c76d9df9bdb810e.png,13
data\processed\Malex.gen!J\06b572120b543372f1a7816bdb418398.png,16
data\processed\Allaple.A\0520a27b504ed8e002b961ce2c1ce0f6.png,2
data\processed\Allaple.A\0162a21cdc24441856f946ddf5c249e3.png,2
data\processed\Lolyda.AA3\00dde75fd7c98cc9cc67c0708fd94eaf.png,14
data\processed\Lolyda.AA3\0044cd044df6d346da4811a6b03943ea.png,14
data\processed\Allaple.A\0834b6efda9d4c184322f56c6e2f8c77.png,2
data\processed\Autorun.K\0745c49b810c1e6347da9758ff06ad9a.png,5
data\processed\Allaple.A\030750e537bba45d5812ef6665e6a309.png,2
data\processed\Dontovo.A\0321b06d1fe9151125334723d2522cb7.png,9
data\processed\Dialplatform.B\01967dd681194ebc64cac36608b89038.png,8
data\processed\Allaple.A\06e77bd9f6cb8c8b8678f6b0dd6d59d8.png,2
data\processed\Allaple.A\031124157de351143de7a2337855980b.png,2
data\processed\Allaple.A\0499e3b5477707e3841d2fd66dcbf9c6.png,2
data\processed\Instantaccess\039b586ff12f4835e9e17d557c1e44cc.png,11
data\processed\Lolyda.AT\070a01ab54a9b318f1c8326a496e4e36.png,15
data\processed\Allaple.A\08319356becc6b02aec452d394fcfb9a.png,2
data\processed\Allaple.A\04b94c4ec1557e50af7eadff6d46ec38.png,2
data\processed\Allaple.A\0523e9bfe2a111588ed7c6bc9a4cb10b.png,2
data\processed\Allaple.A\0733f86b508a12a1bc7c9892b2b753d4.png,2
data\processed\Malex.gen!J\061024cab9b306e0b3a0bd35ea901428.png,16
data\processed\Allaple.A\08b40c853d5ae9b0d6ac8c451842a224.png,2
data\processed\Yuner.A\083abeccdc98457025e08b02b1435ecf.png,24
data\processed\Allaple.A\00dc5a5d9cec9b63a1dcf43c0230d587.png,2
data\processed\Allaple.A\07de9ba0ccca8c2731773b36962565ea.png,2
data\processed\Dialplatform.B\073592be1bc1600cd92e7075bb08fbc5.png,8
data\processed\Allaple.A\040fc2e4aa1ad5985028dc78bf1805a0.png,2
data\processed\Adialer.C\061bf9669601672d5b8b2f26c9ceefd8.png,0
data\processed\Allaple.A\08612c1d36a4ccafa9115e7e5f4f3c92.png,2
data\processed\Lolyda.AA1\0027989aa667f3c2a9898c2f6f2ed04d.png,12
data\processed\C2LOP.P\0179a1905ad1d1dfe638f010ae0ad66a.png,7
data\processed\Instantaccess\0185054c2dcbf78ea00202f2b4b523ff.png,11
data\processed\Allaple.A\0509982f3730c3a862341730b35e29c0.png,2
data\processed\Obfuscator.AD\04a8d9fff5052de53fad63937703f53a.png,17
data\processed\Yuner.A\051c20bf63740e539a3105425ad68f82.png,24
data\processed\Lolyda.AT\001b982b1dc170526ced8d2159ed0585.png,15
data\processed\Allaple.A\038d2e67e2c61652b3e780ee8c2a30bf.png,2
data\processed\Allaple.A\07c89a5f3707c4b1db5f348b9f3666eb.png,2
data\processed\Allaple.A\00fa11b77c5c9b8d2d7677c1ad0ececf.png,2
data\processed\Dontovo.A\0019132cc7a304f245e86e67b2746846.png,9
data\processed\Allaple.A\01cd6d5486ab016d585fe96caffa9c3f.png,2
data\processed\Allaple.L\07b2e546a6edbd809567e35b9c2eb4fc.png,3
data\processed\Dontovo.A\0850fb0d9b5d3251032036a1545979f6.png,9
data\processed\Yuner.A\0087cf198501d63a515edf961a354749.png,24
data\processed\Allaple.A\05ea5717549c19a3915bec10b1295d05.png,2
data\processed\Allaple.A\0014343d8e9c938552fd8e7658a72adb.png,2
data\processed\Instantaccess\0591594ded6a8803a3fb77b2ee140537.png,11
data\processed\Allaple.A\068ac2cca470cd91a78578d420ccdfad.png,2
data\processed\Allaple.A\0164cf539a39375e72360ea2bdc092cf.png,2
data\processed\Malex.gen!J\07b51259db996caa44efbf37a066fa56.png,16
data\processed\Allaple.A\0085d4c9c13909bd850bd70469d10cc7.png,2
data\processed\Allaple.L\0410d4f1a77fd81f92b46c7028da9c56.png,3
data\processed\Allaple.L\0037a88eaaa3173018d9fdbfd6518b0b.png,3
data\processed\Allaple.L\01d4bfe03bb109b56e2f3732c120e03b.png,3
data\processed\Allaple.A\0036a860621dfd94f8bdd1606b479b9d.png,2
data\processed\Allaple.A\03a8e49a790694f19ef24198ae93c9d3.png,2
data\processed\Autorun.K\041f20138c4c5788b057a7f0606f001f.png,5
data\processed\Agent.FYI\0827f456b46c9d99a218eefcc8a4069d.png,1
data\processed\Allaple.A\03c4d7811c3e7e994b2096212ce3b983.png,2
data\processed\Obfuscator.AD\01c2e990ad566e20705c2957af427d0a.png,17
data\processed\Obfuscator.AD\00cda688bad6fc7d815edfdb0032f219.png,17
data\processed\Allaple.L\040245dbad52a4a7054220873fc39342.png,3
data\processed\Fakerean\01b736ba8c3996d779155a2058b5c900.png,10
data\processed\VB.AT\00c5517b1af525d708ea8b2ae2f33d6e.png,22
data\processed\C2LOP.gen!g\04c5cad1fc6cf09efca048df167af72f.png,6
data\processed\Obfuscator.AD\078497e1f4355e27aebcda891299cda0.png,17
data\processed\VB.AT\0566c613a77a857c836aa9118435e447.png,22
data\processed\Fakerean\07b2073c404b1090173cc59bb3928cd1.png,10
data\processed\VB.AT\02c1acf3e5674dcb879087523d83333f.png,22
data\processed\Allaple.A\04b1eb24b273e36f3852457a8d2e8127.png,2
data\processed\Adialer.C\04227e4e6401218f54928eeb4d63248e.png,0
data\processed\Instantaccess\02d2356acb0288fd52166fdec853275a.png,11
data\processed\Alueron.gen!J\000c3e6a835acef29cfe96d8587efbbb.png,4
data\processed\Fakerean\01b26bd28872ede922cc10a8104b97d8.png,10
data\processed\Allaple.L\036bf5c2a952d43d4be4307d4de9d3e6.png,3
data\processed\Allaple.L\052fce703d99bd7f2b062b2b0ce0a897.png,3
data\processed\Allaple.A\004606308d38b3599587cdfe5c189f8e.png,2
data\processed\Allaple.A\01646ea92f4b693b9ab17483190b0f77.png,2
data\processed\Allaple.A\019659cc14a98b46801bd7e5930b6cf0.png,2
data\processed\Dialplatform.B\082edcf0c1662a8a760de8684b7de12f.png,8
data\processed\Yuner.A\017265a132fe67528fb06b0d290c9abb.png,24
data\processed\Swizzor.gen!E\01669bf8026257fe90c276b39f86aca3.png,20
data\processed\Allaple.A\00aa280345a24638af06611b2d3ed158.png,2
data\processed\Dontovo.A\0859973745af8f97f048c5462f2c2b90.png,9
data\processed\Allaple.A\033cc8cdf53eee58d6931da10bd6653e.png,2
data\processed\Allaple.A\008d436e2fab166c8eae6e6383075159.png,2
data\processed\Allaple.A\032f261f71d29a5433bd1453b336014c.png,2
data\processed\Dontovo.A\00fe99286969750e4740b208d8a58032.png,9
data\processed\VB.AT\0189c47f37c0b8cc83aed3518b890dd3.png,22
data\processed\Allaple.L\0330d3fa684baaa3ae14eadf75ccded7.png,3
data\processed\Allaple.A\05c99f40e86b1879f0769d8c3dc7e14b.png,2
data\processed\Instantaccess\00703e4dc091f520db4ec147aea2400d.png,11
data\processed\Allaple.A\07af7c16afbe7743cfdce83739d1d301.png,2
data\processed\Allaple.A\0329feb2c18ac85889c78c38cfece24b.png,2
data\processed\Swizzor.gen!I\00fed86145eee9d12854abcb7c18aaa4.png,21
data\processed\Instantaccess\051430d8108abf75ce941c0b6a50aba0.png,11
data\processed\Yuner.A\00280443b6c06111e1d2a0b484518e67.png,24
data\processed\Fakerean\054829f10ad6c4a2c950e4c276943de5.png,10
data\processed\Malex.gen!J\019f8cd36356a90a2e70a9aa724590e4.png,16
data\processed\Skintrim.N\006dca5b70a6f091fc33ac91dca37f6e.png,19
data\processed\Allaple.L\035363f4fd08a76db99acef40cb014d7.png,3
data\processed\Lolyda.AA1\00d5221927f8140ea0a3b243e9b5b7ae.png,12
data\processed\Allaple.A\01aaa02f7e5709c8c0a5f041f6769ae2.png,2
data\processed\Allaple.L\08ad06004c9e7794e6d1de803a6899ed.png,3
data\processed\Lolyda.AA2\00c0330e59a68713b721f041f56e1a08.png,13
data\processed\VB.AT\0391e87cdf9f8a5caf33147c0769c841.png,22
data\processed\Allaple.L\05a77f6562c0be7c710701adbcd83f3f.png,3
data\processed\Fakerean\07543fc7ed6d0d17299fecaa204134a8.png,10
data\processed\Allaple.A\03641e0634da3d8e67582402f5a9db31.png,2
data\processed\Allaple.L\041a196ad9ba5d7f5d987f11a214e1d6.png,3
data\processed\C2LOP.gen!g\08207a153d6d8d47286b73bb92843d62.png,6
data\processed\C2LOP.P\01c5d92d2a626ad41f8fde1cdd758570.png,7
data\processed\Allaple.L\0765580238ed9c5c1f80c3da38c04956.png,3
data\processed\Allaple.A\07b2d2bd576c9ad7cc415aa581acccc5.png,2
data\processed\Allaple.A\062a18bc737f02761716f295bb5f54ec.png,2
data\processed\Allaple.A\0503d598a5b92114d0af33b1a3ebcf14.png,2
data\processed\Allaple.L\005a7c1a1d5ce704d264037f7054c9ac.png,3
data\processed\Lolyda.AA3\00e8d79251238c60d5d194bd32b28f0a.png,14
data\processed\Allaple.A\05edaedc90268983d9c8a1ef1f0b59af.png,2
data\processed\Allaple.A\0324a311efc4c141ed43cb877324d013.png,2
data\processed\Allaple.A\01d7fc23bfdb85ade00e0e30a2116afc.png,2
data\processed\Swizzor.gen!I\05d4ab2e9d830cfb211fcbab1243c82e.png,21
data\processed\Allaple.L\0103817125da3d6dc1cb7dee6fc74f6e.png,3
data\processed\Allaple.L\052463a8245246d1c272af30ba0fb0ab.png,3
data\processed\Wintrim.BX\00b9695016936d1c6a76bb1c747f2610.png,23
data\processed\Agent.FYI\0093ef5545cb90af815f1c89e0ac4dcc.png,1
data\processed\Yuner.A\007b6e5290bdfff75b3560d17900a634.png,24
data\processed\Yuner.A\003128f339b9995a90a26b9a9a1c05e0.png,24
data\processed\Lolyda.AA2\004bd9e350c99d821497c6e94a6b49a1.png,13
data\processed\VB.AT\02dbb79ce40ca3d62409bda46ba9bd2c.png,22
data\processed\Allaple.A\06c32af2e4b7ec7f1ffd76d4a8c8b88f.png,2
data\processed\Instantaccess\00cf5ced976c7c87ca31de1e3ec83863.png,11
data\processed\Yuner.A\00f6087c49eb1f4f4bdabbc37e292370.png,24
data\processed\Rbot!gen\b6d16ae123efc967bbc670377246aeeb.exe.png,18
data\processed\Allaple.A\04ea686bbcb7527313ec71be2ee80e14.png,2
data\processed\Allaple.A\067e790f1590a53c7c5e3b3b13f30eca.png,2
data\processed\VB.AT\05b7b055a7bbd7a04254bb5dcb468bb3.png,22
data\processed\Allaple.L\04d3235db69afdbd5bcecb6777d2376d.png,3
data\processed\Swizzor.gen!E\006eb179254f51b9a81c582f2ef4a856.png,20
data\processed\Fakerean\00a44c1e2e3bb58e2644b5f3c3384dba.png,10
data\processed\Dontovo.A\079683c937715eb43e1189014741cded.png,9
data\processed\Allaple.A\03e60bb0fadcfb4487421e57e4d1558b.png,2
data\processed\C2LOP.gen!g\01db93a9cf2e5fabcf9356f4da692eb3.png,6
data\processed\Allaple.A\010d6475ad7ce072f1a1bb56e2c8523e.png,2
data\processed\Lolyda.AA2\00b774e91bf828fc282d07f365da4bfa.png,13
data\processed\Allaple.L\0029e489c6c0b89483bc1f39919c6b87.png,3
data\processed\Allaple.L\054dced9835d4c225e9d4ae0c6a2722e.png,3
data\processed\Allaple.A\06c71de07d3d6cfa0353532499063270.png,2
data\processed\Allaple.A\00813c468674e721e82720a60afc65ed.png,2
data\processed\Allaple.A\0112138e6a470eee141842d98ea1d5a3.png,2
data\processed\Allaple.L\083f63bb551d258949b5956d99530ec2.png,3
data\processed\Allaple.A\06a5478cf6aca08bbd42ee18f54650c4.png,2
data\processed\Wintrim.BX\0086f3a307f5df7dee649885b2e2068b.png,23
data\processed\Allaple.L\00ee0632388c74d4376bef2adeeeb708.png,3
data\processed\Allaple.A\03bfb9683d4be7b702cecac7cd1ea03d.png,2
data\processed\Allaple.A\006c2eb102cbeaf750c3198eb59531ae.png,2
data\processed\Lolyda.AT\07910cce9a7139b06798158d5bbfe44d.png,15
data\processed\Allaple.A\0155c5fd0bc03e5e2b9b294bfcf62b1d.png,2
data\processed\Allaple.A\00a5e89a94b1fec574dc16509e82b10d.png,2
data\processed\Allaple.A\040bfe9a1b6757f5bd2bea06ac907009.png,2
data\processed\Allaple.L\00e627afa70bab2150e04cfdfa5cdca8.png,3
data\processed\Allaple.L\080f5d4351f5f92e092079c9f9a39fa0.png,3
data\processed\Allaple.A\070d48a26969afea85692fd6fe27e7f6.png,2
data\processed\Lolyda.AA2\008b6be030d416d8ed52ba00c62019bf.png,13
data\processed\Instantaccess\0801bb2e19d0979ed07986f564180c6b.png,11
data\processed\Yuner.A\074bc1508cef28230d4fe2afbd3af564.png,24
data\processed\VB.AT\002e5dbcda5422468a8fd7c182505321.png,22
data\processed\Yuner.A\0778c0461c9929785a4758efdc18fea3.png,24
data\processed\Alueron.gen!J\0430cb4d557967370c176dfc99b6e06f.png,4
data\processed\Dialplatform.B\0001476a01097791ddd102bf0b36db24.png,8
data\processed\Lolyda.AA1\0043e06ac6f9241afa2d3b195ef368bf.png,12
data\processed\Lolyda.AT\05af4b08ac2978b5029db726284cc7d4.png,15
data\processed\Instantaccess\0490d7cacf025c767f15069e93b77aae.png,11
data\processed\Allaple.A\0643c7e21e896d8c0271fd77716b7ecf.png,2
data\processed\Allaple.L\01491a6940a82aae14f7573955f43512.png,3
data\processed\Yuner.A\04d5dd462e9e50c26c9af117d81309b4.png,24
data\processed\VB.AT\02f9dd859bfd0a3469ef4fa1e03dfd63.png,22
data\processed\Instantaccess\061108e41ecc43eeed275b42d15ffcc3.png,11
data\processed\Allaple.L\075b7d4ffa5c61a108e26269ac920291.png,3
data\processed\Obfuscator.AD\0879d71f5047fe90620e8ae2ef7cd307.png,17
data\processed\Fakerean\0456929a01833b0ba669352079f67218.png,10
data\processed\Allaple.L\06136bf777e55c04d58275dfd8ca2249.png,3
data\processed\C2LOP.gen!g\05661f2d36770fd45b191bb9219efc53.png,6
data\processed\Allaple.L\03981248dbe6648bdf736bdcca235868.png,3
data\processed\Allaple.A\05751ff5eb46c328d67b23d627873737.png,2
data\processed\Yuner.A\039b70e9976318876af5bd421519db2d.png,24
data\processed\C2LOP.P\087c5ff0d75ccc768b7e22e7ec4bdb39.png,7
data\processed\Yuner.A\00ccea1580b5e2e497ca87ead3a89d59.png,24
data\processed\Allaple.A\0083d1cc82a701a3197d82ab3c3b3651.png,2
data\processed\Yuner.A\0042c7566b4c447a3af53aa5e97ebaf4.png,24
data\processed\C2LOP.gen!g\08a068bdde888ab924fc4673f7393917.png,6
data\processed\C2LOP.gen!g\011b245d7e271f373969ac3d16331b65.png,6
data\processed\Allaple.L\00cd8ea6fc659b325887ce29b3b5aa7f.png,3
data\processed\Allaple.L\014d099c2b9e99b8d69c9c4b359b4b61.png,3
data\processed\Allaple.L\00763a1cdfe38251076c160e1bac433f.png,3
data\processed\Dialplatform.B\04deac1ffbecdef2c29e6909a11ecd98.png,8
data\processed\Allaple.A\078d153a1955d01bf4ca0ff6ea0050c5.png,2
data\processed\C2LOP.P\005b615999cb5fae2afa0411ecc266ad.png,7
data\processed\VB.AT\00492e69f626524317f300f5d6cd28fe.png,22
data\processed\Yuner.A\07c03bcf76fd31effddd39f799154c3c.png,24
data\processed\VB.AT\022af47a8ccb7e58a8fae7bba5156fdd.png,22
data\processed\Allaple.A\0171aad91a49b4ed5fb0f25557fc6598.png,2
data\processed\Allaple.L\058cd19616bb53ececc3dc67336227ab.png,3
data\processed\Yuner.A\00914de4625484cb061c4693927fe86d.png,24
data\processed\Allaple.A\005f23edc3de45ee7ee4eddafa0f1bfd.png,2
data\processed\Allaple.A\0082a5b554a2ecb4c598d94fcabe1bb5.png,2
data\processed\Yuner.A\07a85b52335c34f0ab131a7071dc039d.png,24
data\processed\Dontovo.A\008203e995b2df65337870f523b4c130.png,9
data\processed\Allaple.A\05b7f2a9891e2f2e06cd649b3ffaba44.png,2
data\processed\Adialer.C\0046a83d932a3d431eb21a99b46d6af7.png,0
data\processed\Allaple.A\01f2264326a9f8b607af7aa94822c699.png,2
data\processed\Allaple.A\00ec9999ca634e9e65e0ecbd422169bc.png,2
data\processed\Lolyda.AA3\005b438811c6551f1010829646a32918.png,14
data\processed\Lolyda.AA1\005d8042cfc9829f259ecab0f780c809.png,12
data\processed\Yuner.A\06e105dc24bad873432fefa9e46c15c8.png,24
data\processed\Allaple.A\0621348eab8814e73e97afdd8bfc172b.png,2
data\processed\Adialer.C\07e39155b4b7ca7d9f4dd14cf409ee52.png,0
data\processed\Allaple.A\014fe33c57c1c1a98fd019bf950cb6dc.png,2
data\processed\Yuner.A\055eb744357ecde998ca8ace09d306d5.png,24
data\processed\Malex.gen!J\04b7265f145d59c743b65492fad93cca.png,16
data\processed\Malex.gen!J\0885b38c4a942ef496b9903dda3e4b91.png,16
data\processed\Allaple.A\075d98e313d103f5fbf0bb5891acd8d4.png,2
data\processed\Allaple.L\06e68b7fdb6dac8397ac073c485123a2.png,3
data\processed\Wintrim.BX\002a224931a560d2924d11f7edf6eca4.png,23
data\processed\Allaple.L\00c9556b39efd03b2e8b0e585098da4b.png,3
data\processed\Allaple.L\07d2d0d5db746e4b096aff72bc3f0de9.png,3
data\processed\Allaple.L\07ae3cfac215ee776b8ff121e2f34f55.png,3
data\processed\C2LOP.P\059e241adcc9864b4663f34fc417df43.png,7
data\processed\Agent.FYI\0838c0449c2974662e35b2197d34c1d6.png,1
data\processed\Allaple.L\05a41a6e84e286705e69a8fda839a0f8.png,3
data\processed\Allaple.A\06956c6707d7957294dad8a88e2e79d0.png,2
data\processed\C2LOP.gen!g\051622ef45de14ae5ea91ff4c0060173.png,6
data\processed\Allaple.A\07bc528e7e2962bac515f4c59affeef7.png,2
data\processed\VB.AT\0142d8cb18d9f2f7bd4492c7f9bd50a6.png,22
data\processed\Adialer.C\0425dbbf0a665cae24f787efe217688c.png,0
data\processed\Allaple.A\00bb558f1abe6475b2cd90342ac93296.png,2
data\processed\VB.AT\0723c4adc9a169d029e97d68f73da988.png,22
data\processed\Dontovo.A\044203c3f00d1abc25cbfbe724adafe3.png,9
data\processed\Yuner.A\00a2b177c3ea7b2072fdfd8ebcbed0b6.png,24
data\processed\VB.AT\0048063bc8dd9a037169e6539c186fa2.png,22
data\processed\Swizzor.gen!I\01a2943ebe0a3f95470b69a7a9ae23ef.png,21
data\processed\Yuner.A\06de768885d82590cee16254ab15c861.png,24
data\processed\Allaple.L\07e6884ca8a40ca8cdbe2faf02053854.png,3
data\processed\Fakerean\030d7f0f3e7686df0327d64ca403b5e0.png,10
data\processed\Allaple.A\038f81c4707e82818e9ba22def261fad.png,2
data\processed\Fakerean\0899849a0f67b3b8708dd0a323d0716b.png,10
data\processed\Allaple.A\05b2e20ccb2b8c84102a3f94ab95a1e6.png,2
data\processed\Allaple.A\001cb9e5d42a30567041442409f50e5f.png,2
data\processed\Allaple.L\084182f180ae4e729ca46eacc67588a9.png,3
data\processed\VB.AT\00d6dec5044f2e32a00057769f62fa5f.png,22
data\processed\Lolyda.AT\0324266b5040f085b7476c12a4d93c73.png,15
data\processed\Fakerean\0766fc3b2dcaaa1546c26fbddaa7a15c.png,10
data\processed\Allaple.L\05b5b267ff79e8178c08143970dc24d9.png,3
data\processed\Allaple.A\07e8a5c58d62e872637e489417d7e2ae.png,2
data\processed\Allaple.A\0174e4edf561edf8754d0e8b01579e78.png,2
data\processed\Allaple.A\03b4b1a0aab0cba6a183832aa9004a7f.png,2
data\processed\Dontovo.A\05efa9f86c2cdadbe77e3cc368329cb1.png,9
data\processed\Allaple.L\0013883929a082fb7248d6d293b6a4d6.png,3
data\processed\Allaple.A\00b0c94a8cba43258209a7055c02c893.png,2
data\processed\Allaple.L\004493f8e05608ea11828918a5ebeafa.png,3
data\processed\Instantaccess\019025eb29ee391c71acefb462a4befb.png,11
data\processed\Allaple.A\06e8b8f4619901dd857259610cc06839.png,2
data\processed\Allaple.A\00bf26db748633c795a44d5be8bffb43.png,2
data\processed\Lolyda.AA2\006a347f9d4d8148ec29d1ae2a9bde0b.png,13
data\processed\Allaple.A\066af93b0f8477b254ee2548e44ae438.png,2
data\processed\Lolyda.AA1\00ab4b2f1dbb7dde44139294d648d6d0.png,12
data\processed\Adialer.C\00f719d70fa6a3ea99f1375a384ecc5d.png,0
data\processed\Swizzor.gen!I\04d121ec96c7a1a666f3e5543225615b.png,21
data\processed\Allaple.L\086e369f62faeaf9121f74582254680e.png,3
data\processed\Allaple.A\041f0cadc0e549a621e7504b9054fae5.png,2
data\processed\Allaple.A\086a8fdb0599b407db288b9c4f49408b.png,2
data\processed\Obfuscator.AD\043c2969f0068a83ed8070b58f4c2b0b.png,17
data\processed\Instantaccess\0387947630bacda8fb15363ebcf62df1.png,11
data\processed\Obfuscator.AD\07ddc3655031ed6f3369cce82c07a206.png,17
data\processed\Allaple.A\01fe79f2e5c283ff3a219db2e6d30677.png,2
data\processed\Allaple.A\03566359180909abac8909efad70785c.png,2
data\processed\Allaple.A\0732da2a0259c5de64032ae85f90cbd2.png,2
data\processed\Allaple.L\0510d405b4ee2db49460982299275e89.png,3
data\processed\Fakerean\04f43b0cce03684f681e04836ddfe142.png,10
data\processed\Malex.gen!J\00c61be7c36c4192b4020954a22a7ca9.png,16
data\processed\Instantaccess\00a225e3ebc751f2b5b58b9266ccddbb.png,11
data\processed\Lolyda.AA2\0039fb0a57d60b75e063859bd7da8506.png,13
data\processed\Allaple.A\04055a18dd28e44c8c1a299d0b562c69.png,2
data\processed\Allaple.L\0429210f151894c50752d6f1d87d625f.png,3
data\processed\Lolyda.AA1\0098f5d10fd60d113915bdbe1cc795b8.png,12
data\processed\Allaple.A\08a9e4a7ec083d242b226a21d56165b7.png,2
data\processed\Allaple.A\052c7d2a0a3fde27588465c22a8be34b.png,2
data\processed\VB.AT\004e4334d1faac0cf7a751ae0a648dfc.png,22
data\processed\Allaple.A\06779a6c478ad6486aa22405f51514f4.png,2
data\processed\C2LOP.gen!g\00177bc93b7effd0472051395bc7748d.png,6
data\processed\Alueron.gen!J\01749f42286ffe0a19915fa8c86fb53a.png,4
data\processed\Dialplatform.B\06b7d695fdd7ab4dbc9c134066373086.png,8
data\processed\Yuner.A\04584c6dcf0b4d7f8bdc704b1e0e5ac2.png,24
data\processed\Yuner.A\0339a228381d07675a855c00949eaa91.png,24
data\processed\Yuner.A\03021635931753123fd26ed04c8ef551.png,24
data\processed\Lolyda.AA2\005bd9b1fd474d377f5363d8af924546.png,13
data\processed\Allaple.A\00a2555c6d2e7b75ece5915853ef4a0f.png,2
data\processed\VB.AT\0195634d77139af4c76d3cdb8dc5d85b.png,22
data\processed\Yuner.A\00c449701d6c0f0c8285a62a244b4b2c.png,24
data\processed\Lolyda.AT\01e5e603355f4b74d27489542f2373bd.png,15
data\processed\Malex.gen!J\01d918e4172cb9b12cb35e6305948ef6.png,16
data\processed\Lolyda.AA2\003209e4c5128a9be985b140a65bf6dc.png,13
data\processed\Lolyda.AA1\00cfbd22258ef72f483d0df995c75ebb.png,12
data\processed\Wintrim.BX\0030212dd56077d1e694459db7f9a9a0.png,23
data\processed\Skintrim.N\0557c5c71c48f83242b13bded02d1dda.png,19
data\processed\Allaple.L\04c03c0431a0a522e56647e9c1c530fe.png,3
data\processed\Allaple.A\03c5a46b7c61cc4f30f9a17cd54108de.png,2
data\processed\Allaple.A\01745235a782d6febd5f2f4e1d2210e3.png,2
data\processed\Yuner.A\056e98fdc9fe1985b1a3d1cc2bfefb18.png,24
data\processed\Obfuscator.AD\04ab0746069cd9add98a55c7e2e81fd7.png,17
data\processed\Allaple.L\07b971bb779280cce1de0c6ade5b9b40.png,3
data\processed\Lolyda.AA2\00e1c7a43827f716c11d9d71f78b3f35.png,13
data\processed\Allaple.L\03b9640ae328726c83426c78ca8bb558.png,3
data\processed\Allaple.L\0471429789985fed48577e56c1b996fd.png,3
data\processed\Allaple.A\04603bedbdd6bbddf7571eb169b73086.png,2
data\processed\Alueron.gen!J\089de27019e5b00e0f87827adc88f170.png,4
data\processed\Allaple.L\0684dd47929a1517bc821f850d585fb0.png,3
data\processed\Alueron.gen!J\0507d03f322f8cd3de7ba23021d3af06.png,4
data\processed\Allaple.A\073482ac854c79be0f063770d24cdaf5.png,2
data\processed\VB.AT\06b2ca6a642d0243b5a20b264e93b3ad.png,22
data\processed\Yuner.A\00307f87b2c6445de69ccedaddfbff0b.png,24
data\processed\Allaple.L\038657cb291f1b576e5e01ec0f7ad94a.png,3
data\processed\Allaple.A\070ee3978c982760bc16606fa6d6ddd9.png,2
data\processed\Allaple.A\01f0232b6018a83555a0a536005f0e56.png,2
data\processed\Alueron.gen!J\01db99bfeef6b9e650fc505324809c02.png,4
data\processed\Allaple.A\007522b038424ff1408f2e641c0ddff4.png,2
data\processed\Allaple.A\01d2e6e6aa14ec2c5ab5927333b74586.png,2
data\processed\VB.AT\008e17d1530097ff0a9cd02a371c8979.png,22
data\processed\Lolyda.AA3\004d98785679fa5fc7c014f7860f7ca1.png,14
data\processed\Allaple.A\01b26d4afcfbc720cf0fc07fd4db959d.png,2
data\processed\Adialer.C\0384f550662bb38b3db11ce7d957d30b.png,0
data\processed\Allaple.A\06c9f2e718cba0f989094650ddb64062.png,2
data\processed\Allaple.A\06333f024adfdee74ac3814318a9f7dd.png,2
data\processed\Lolyda.AA1\00dbd0ac6ae6e820d4d34baa3ab1052f.png,12
data\processed\Allaple.A\04b38966dd667cdd24d28d887616c219.png,2
data\processed\VB.AT\074b2b0e61a0e8f73160ecdfee3593ca.png,22
data\processed\Swizzor.gen!E\056d16587df8a5c83322038fa864abb9.png,20
data\processed\Allaple.L\08861a5ade2f97e67a520a5e9970950d.png,3
data\processed\Dontovo.A\0472c19fb67a0c2ce640176cb26a60b2.png,9
data\processed\Wintrim.BX\001ebf3be2a1b457f3eb921b2da9bc41.png,23
data\processed\Allaple.A\080c3b9a8d541ce95b682fdf034eea4c.png,2
data\processed\Allaple.A\07d3983f96014f8041ddc3109ae0e2fe.png,2
data\processed\Alueron.gen!J\04e7804ddca5c0cea4500630ccd898f5.png,4
data\processed\Allaple.L\0832c8b4b366497366dd0f267e8ae4da.png,3
data\processed\C2LOP.gen!g\0471f4893d6eb617d4f377fd4955bb90.png,6
data\processed\Allaple.A\01592712e5615f4dfb677b9348cb2b2f.png,2
data\processed\Allaple.A\07513203c012be4852d96d23b0ad3c0d.png,2
data\processed\Lolyda.AA3\0023fef0347db6a0d1ac6804bb9fb51c.png,14
data\processed\Allaple.A\003cfd3310d3b776b1b225545c13fc37.png,2
data\processed\Fakerean\00406477e7340dca950eaf962e224f1d.png,10
data\processed\Allaple.L\045e02276c50e6e3f8f057a444cf2da8.png,3
data\processed\Allaple.A\0854da4185614b2b05fbca6812181564.png,2
data\processed\Yuner.A\07be5fd4ba11f2cdd390ac27f5c750e8.png,24
data\processed\Allaple.A\0405ca0da2510695be973c31b1258ec7.png,2
data\processed\Allaple.A\009a17cb6ca061ea3dbe5ea5352d6fde.png,2
data\processed\Allaple.A\000bef2af44de13cc4c56bb0a29d6e7f.png,2
data\processed\Allaple.A\0888d306046737f51b088fc393addfe4.png,2
data\processed\Allaple.L\05ad5ee956f813b431a3821602bd39c1.png,3
data\processed\Allaple.A\044e2be1cd5486a4f4f44209015ed575.png,2
data\processed\Allaple.A\01feeed41a335d95f45c990f5f3046a3.png,2
data\processed\Yuner.A\05562b82343e6a281cefc7f66ccdac3c.png,24
data\processed\Allaple.A\051491341e24c7500bfce6ab58269c50.png,2
data\processed\Yuner.A\00711a24f70d1f65acface5fd1e48c15.png,24
data\processed\Allaple.A\007e6511877c310bb456d6aa8ed88ae0.png,2
data\processed\Dontovo.A\0813c353a31925ffe83f625e77211636.png,9
data\processed\Allaple.A\009513f56d0d1aa011f0b0e5b449b24c.png,2
data\processed\Swizzor.gen!E\04de0ba767bc02f3ba642d5bcaabb467.png,20
data\processed\Allaple.L\007267d963247489bf2e0e204f26f054.png,3
data\processed\Allaple.A\0064f80fa7575e05096a36e466958a5c.png,2
data\processed\Allaple.L\00175ea52fd09e852e257ee19631cabb.png,3
data\processed\Swizzor.gen!E\061288f0c0bdbe5b63b9117b026dfbab.png,20
data\processed\Allaple.L\04d3441ac91ea047dd90734e6c787398.png,3
data\processed\Lolyda.AA1\0039765c7de47c9050e2fea280d03710.png,12
data\processed\Alueron.gen!J\04fd555daaa4a6bc3eebf00a6d23c084.png,4
data\processed\Allaple.A\0778e9cf0219a4500948328cf2e25239.png,2
data\processed\Obfuscator.AD\063fd6a7e053fb0ff655a90e7d5d8512.png,17
data\processed\Lolyda.AA1\0096f84f93f997129259b6b0af58f125.png,12
data\processed\C2LOP.P\0057ac1ec0f3eadf1f3086872513b562.png,7
data\processed\Allaple.A\089cbf60291b5c966718a7f54d16a465.png,2
data\processed\Rbot!gen\3d45273e1560d23463c6990acce2ee6f.exe.png,18
data\processed\Allaple.L\0192f7587a5c98e83dd11c1f54619267.png,3
data\processed\Yuner.A\06131df532ddeff642c49a7b64b830af.png,24
data\processed\Allaple.L\00337cd052d2574b191d057903f84433.png,3
data\processed\Allaple.A\001be3993ae2897338405db6aaaa3b55.png,2
data\processed\Allaple.L\066147d74ecc046916c3fb410f34d9dc.png,3
data\processed\Dialplatform.B\024de6b034f308bdbd09eb0f053463b7.png,8
data\processed\Yuner.A\05e53beb605f7d7ee85a55f8a517779e.png,24
data\processed\Swizzor.gen!E\004d744f65375e27fe67cacea911bc88.png,20
data\processed\Autorun.K\04d59c5b69b7a9733ebd12597d567b6a.png,5
data\processed\Yuner.A\009d33e082791501273e5bc501b2678e.png,24
data\processed\VB.AT\038775734153fd820af5b12bab69a9b0.png,22
data\processed\Allaple.A\0805edaee28bf8802eff6360e91481a8.png,2
data\processed\Yuner.A\06c7b32753c7ddc7e403e38dc2645d6c.png,24
data\processed\VB.AT\03d1932f48870514f9a20308f1bcab6b.png,22
data\processed\Instantaccess\017b01aad51598fb37df0c97dc2a59ec.png,11
data\processed\Rbot!gen\36e77c58a90d4bc50002174d88d0cf6a.exe.png,18
data\processed\Allaple.L\0431a6fff5d5ed688142554233bfef34.png,3
data\processed\Yuner.A\067280f23284a186a91a6180f697fb1b.png,24
data\processed\Allaple.L\0406d9997c6c07ce56d84191ce9544d2.png,3
data\processed\Alueron.gen!J\00380092f36326287a7778566af3e638.png,4
data\processed\Yuner.A\0049d772c76d4f38e37ca9202a845a56.png,24
data\processed\Allaple.L\0000c4ee5f408b0a985b18ffb5acbb71.png,3
data\processed\Agent.FYI\00d2cd2b9c97b5208ee023118ca80976.png,1
data\processed\Fakerean\01e242da1f6b6ece1fa23dbfae21b826.png,10
data\processed\Allaple.A\0846bafd0f16b3a2137d187c38bbf2db.png,2
data\processed\Allaple.A\01a0b80bee36cfdd432d4c98994982e2.png,2
data\processed\Swizzor.gen!I\04ad3a7cc1ef14fa45ffddaed6925caf.png,21
data\processed\Alueron.gen!J\00cec85d0137b631ec997ac6b0b21e02.png,4
data\processed\Allaple.L\04b4c101e122bbee49cf2a9713a1317c.png,3
data\processed\Instantaccess\038d95292b986245e9687932a973fc52.png,11
data\processed\Allaple.A\0712debe8a49518acef52230355d6255.png,2
data\processed\Rbot!gen\895188b1e31208d444d94bf7a54676d3.exe.png,18
data\processed\Instantaccess\07b63a0d1ba0d073cfbf7621475174ea.png,11
data\processed\Wintrim.BX\0008ed56e83b92fe00d9159827ce1c27.png,23
data\processed\Allaple.A\034716ea22408fedc88d4f925c6adcb4.png,2
data\processed\Dialplatform.B\00f14e1356c25b29a4417753e9257893.png,8
data\processed\Allaple.L\08b6ace02153f9c63fac7d8e71939ae1.png,3
data\processed\Allaple.L\035623807e90efd2284c675f574e7b58.png,3
data\processed\Allaple.A\068640a1712dc7e5896d2e9f428fd9fd.png,2
data\processed\Allaple.A\0025c820df70aacdf95f415b644638ed.png,2
data\processed\Allaple.A\000acb46725c80bc09fab4b303099b2c.png,2
data\processed\Allaple.A\01e1dbd34addd47716d1da4e01e0e0ff.png,2
data\processed\Allaple.A\085d0f47e49589eb70de90396c1e84a8.png,2
data\processed\Allaple.L\06945322ea13c8dc4879cc2bd4b9a048.png,3
data\processed\Allaple.A\011a26b0ad9c2d673a73915b70aff22d.png,2
data\processed\Instantaccess\04670db3bfc33de5462fadf4ad0ef8e6.png,11
data\processed\C2LOP.gen!g\0375e5e4c223dc0421126b6c7b7be80d.png,6
data\processed\Fakerean\06358d4010326f45afd2ab612d2f26b9.png,10
data\processed\Wintrim.BX\00a16098a3807ed534c9fb31fb43221d.png,23
data\processed\Allaple.A\07449cfe39af2e80399195b1a4811bf1.png,2
data\processed\Allaple.A\057bce6e3aca38e9d4f2ff79df0d7552.png,2
data\processed\C2LOP.P\007ea81e4cd394dc77f35ade5104b8b9.png,7
data\processed\Lolyda.AT\0436b696218a254fb3441f28373fd796.png,15
data\processed\Allaple.A\00daf9e0c87fda3d9bb2507b34fab9aa.png,2
data\processed\Yuner.A\06999783165a62948aa48d1328517099.png,24
data\processed\VB.AT\00c14c41839143b546936dc927fb955a.png,22
data\processed\Instantaccess\03103cc034571a1832779d62348ecf1b.png,11
data\processed\Swizzor.gen!E\00d4c38c9258d758b67368a11a441c76.png,20
data\processed\Lolyda.AT\0415d5df261a8a58439eefbce51c21da.png,15
data\processed\Yuner.A\0660015fbc56566fc6fdfdeaf22a50d6.png,24
data\processed\Allaple.L\001c06c0c2fc8ef75a9255e96a877ec3.png,3
data\processed\Instantaccess\000d506a42051145a09c87d1d3108972.png,11
data\processed\Fakerean\0033dae6940468ad79e9b67c56e4f184.png,10
data\processed\Allaple.A\03aeed7c7d7e4fc660ac9562ba996edf.png,2
data\processed\Lolyda.AA2\00e68874a5b0cc21d0482b1c94329346.png,13
data\processed\Yuner.A\03831d987c1195abbe888fca2e574a9c.png,24
data\processed\Allaple.L\00b1b03071eaea0be007128ec2885aa4.png,3
data\processed\Obfuscator.AD\003b251667c420c53de16bf974dd55ee.png,17
data\processed\Dialplatform.B\04646863c649f1683729c849524b795b.png,8
data\processed\Fakerean\017c05bd7c6a1e4781a61e621b4fb683.png,10
data\processed\Allaple.A\00b589005a57b4526ada0786f8de9824.png,2
data\processed\Allaple.A\0179a3751a09367019b454013f1c2521.png,2
data\processed\Allaple.L\0059b345883861cac812cedbb3eb4714.png,3
data\processed\Obfuscator.AD\077fcfa61ee9ffa179db79201f080e18.png,17
data\processed\VB.AT\018cab526f5ca63c1289a4aca413e708.png,22
data\processed\Agent.FYI\00f7a755890483dfeb769224ad770800.png,1
data\processed\Swizzor.gen!I\01bca2f627ab02c676d9b85fd3f8b3b6.png,21
data\processed\Allaple.A\00efb77a8b1c282a713b7b45be3bcbee.png,2
data\processed\Fakerean\0521caaf3d16fff858e6fa7fb23760fc.png,10
data\processed\VB.AT\00fdfbbdf90871ad7e37d74314217fa7.png,22
data\processed\Yuner.A\00b5c3ca12d2362fbe911ceb5389b278.png,24
data\processed\Allaple.L\07de0a666c247166ba3b3df960bb8ceb.png,3
data\processed\Allaple.A\01940b397b16144f131704cb2bf7b1bc.png,2
data\processed\Allaple.A\0522308b085eafcf2c58c22c33b197e0.png,2
data\processed\Allaple.A\03babb9c32bcc362b292566872b9830b.png,2
data\processed\Allaple.A\073cc37a2f3adb3c9b53857f05b42683.png,2
data\processed\Lolyda.AT\00a44ad3a558bb54e42db90d93fc7cfb.png,15
data\processed\Adialer.C\048cd7efed7099c53caaa2da4b01a633.png,0
data\processed\Malex.gen!J\000940c82f005154abb44e6b1a5cf2db.png,16
data\processed\Skintrim.N\00ee15e9dddffa269bc3df474de5331a.png,19
data\processed\Allaple.L\01be1bd74281433790aea484b5b38a5c.png,3
data\processed\Yuner.A\01a7ff8dbd45043fe0afa49f6fe469ec.png,24
data\processed\Yuner.A\07e12b751eca6ce33e5925984850813e.png,24
data\processed\Fakerean\062abb0b6e9f7853e1a48dd4fb86725f.png,10
data\processed\Allaple.L\03ba66c133086b7a8be10f85a9448858.png,3
data\processed\Allaple.L\05e25da0597ebd56538362e0ee07915b.png,3
data\processed\VB.AT\0074afbc2036b8ac8293d15c918296fc.png,22
data\processed\Obfuscator.AD\037596117bb79d928495771dcf8dcf0d.png,17
data\processed\Instantaccess\00ccdcd6efc35563d516c8be1b1b2ec6.png,11
data\processed\C2LOP.P\053ee68fd630421b341907a961306e2c.png,7
data\processed\Yuner.A\04741396fe517ae78b04f1e7fb5822db.png,24
data\processed\VB.AT\01f3c292313ce218f7c0b0df0b877d0e.png,22
data\processed\Yuner.A\087e78d22015bfe4b89890b3f13675af.png,24
data\processed\Allaple.L\005240d5d4a1b4a2d421c9cd2cb499f7.png,3
data\processed\Swizzor.gen!I\00bb41caf006246cbd1314fb2967f56b.png,21
data\processed\Dialplatform.B\00d49889d249b7b1479ed2c3eab816a1.png,8
data\processed\Alueron.gen!J\01e6be59e33e9a63f0104a1bfb6c4d1d.png,4
data\processed\Fakerean\0835fec863d799ac420891a6911f7e76.png,10
data\processed\Allaple.A\04a56e13907d5c2f4539ac98f86986fe.png,2
data\processed\Allaple.L\015c0ff09eb706b06525eae85f837df3.png,3
data\processed\Allaple.A\01500aa89288a3ab3f7e7ccd2976518e.png,2
data\processed\Allaple.A\0014c4715a2a907ede1ec29b5b579f44.png,2
data\processed\Allaple.L\04769fee6930c07993d6333a196f087c.png,3
data\processed\Allaple.L\06b0cc2ad27f912a4db3f0fb57a37f8c.png,3
data\processed\Instantaccess\04abe4058222284771b19c8190ad3ffe.png,11
data\processed\Fakerean\0679382684baf741e3f57eee5bd11b5b.png,10
data\processed\VB.AT\07101b99e0e6a6ceb30105a538e22a92.png,22
data\processed\Instantaccess\058dfc2f33625266932926cb420be7ed.png,11
data\processed\Allaple.A\043226f2447949a3c93c9e018441ecb5.png,2
data\processed\Lolyda.AA3\00eec5379f57a202a0b3beeae19504ed.png,14
data\processed\Allaple.A\086e8ef57cc7ddd26df14bfbc6c3e718.png,2
data\processed\Dontovo.A\0345ec1ed46e91e1a0af34f9b51714ef.png,9
data\processed\Instantaccess\0845c62f183cc1d1a98bef0e2f53150c.png,11
data\processed\Allaple.A\062926dadab56a9c1cbd606b31bba8cb.png,2
data\processed\Allaple.L\04cd19ba70ea093f825582fa5d90f224.png,3
data\processed\Alueron.gen!J\0096d48419fbbe57c7e8e72b46527fcf.png,4
data\processed\Allaple.A\03217588c69bb332a759e1ba78633ddd.png,2
data\processed\Lolyda.AA1\00b47f3e8562573dd89fd06828455809.png,12
data\processed\Yuner.A\0829f028b5b793a117c203ced26b4c06.png,24
data\processed\Swizzor.gen!E\076a19770b74aaed4774fbf0a784c33e.png,20
data\processed\Yuner.A\0040d2bf40255164d00c0fa845d023d4.png,24
data\processed\Allaple.L\014a9ebb7ea6c53a636e7aac9b545212.png,3
data\processed\Allaple.A\01dbf16c03fce5b22d2a4c96576da0f0.png,2
data\processed\Allaple.A\06900f144d7eb82c8466d4dc80371ff5.png,2
data\processed\Instantaccess\052d2562f25138e7f29bc80fb7614345.png,11
data\processed\Obfuscator.AD\01f4a8674275951f8e8cada04efaaeee.png,17
data\processed\Allaple.L\05ebd0ff747e70f7f5130b99876b8a87.png,3
data\processed\Allaple.L\05bf49e473f95024fb1e236df69b0ddc.png,3
data\processed\C2LOP.P\056c4554e05417327091eda7bbe7cbc3.png,7
data\processed\Alueron.gen!J\081d7ee7eb2ec04e646b9581fba0e24c.png,4
data\processed\Alueron.gen!J\03417c9672966f5df58431c48f287949.png,4
data\processed\Adialer.C\071859a2ce1e0355801dc59aabaa5368.png,0
data\processed\Allaple.L\059f652b4a9f0a933cfbb781ccc20a0d.png,3
data\processed\Fakerean\068bc209b3e6a71c4969f6d7590ad6d5.png,10
data\processed\Allaple.A\0822afb6cb18b71066890eb247711dd4.png,2
data\processed\Swizzor.gen!I\06caeea27451023fca6debca71933975.png,21
data\processed\Yuner.A\07a61fc1ce1caccc30db17ce1e9786fd.png,24
data\processed\Agent.FYI\00dc86da42fd3bda3ae937eb871de9c9.png,1
data\processed\Allaple.L\04db47e31f2515e58349357ce5f56846.png,3
data\processed\Adialer.C\081c3c61e3fb3996af1a434fbed1cb81.png,0
data\processed\Dontovo.A\00d62915bf860e3d5b9843294e3989da.png,9
data\processed\Adialer.C\0608c91d8f6c9fb302c2c9182cae6436.png,0
data\processed\Lolyda.AA3\003c1486a06829779c8547d773701059.png,14
data\processed\Allaple.A\078d319210f8964d4ed6906d772be66b.png,2
data\processed\Lolyda.AA3\00bc84ea021fe29477025e758ef7f29d.png,14
data\processed\Allaple.A\04d649f4fb07817794b3ee998684be32.png,2
data\processed\Allaple.A\0195e75b245dbe4ceea4984905534cbf.png,2
data\processed\Instantaccess\0595d5d6789610ed69f93dcae4a18f3d.png,11
data\processed\Instantaccess\03420a4a44d3619525cae68bda61e20d.png,11
data\processed\Allaple.L\057c63ce597787d48704bae075a2dfee.png,3
data\processed\Yuner.A\018373770fab4a3fe52fff6cbc72019e.png,24
data\processed\C2LOP.gen!g\063d62c6b6579cf15536a9532163c606.png,6
data\processed\Allaple.L\03ea2adc27a6306de384d674e7215026.png,3
data\processed\Allaple.L\01cd662d23e2698086d8695a66c3cf30.png,3
data\processed\Lolyda.AA3\0051bd93736a497110338f644d19aabb.png,14
data\processed\Lolyda.AA3\00fa2defc92b82ad4dba56a63a068562.png,14
data\processed\Allaple.A\01b81264337fbf403dbae1c7ba1dccc7.png,2
data\processed\Lolyda.AA2\0040735ff2605ce1ffc2e5cfece37c73.png,13
data\processed\Yuner.A\0769a5e541e84ffaf720d63496cfb640.png,24
data\processed\Allaple.A\04814702557586f0e5532142ddcb3cb1.png,2
data\processed\Allaple.L\08719c628907f5ec93e7636f812f8180.png,3
data\processed\Instantaccess\08a7e3aa75d453124f44d187f3349c36.png,11
data\processed\Allaple.L\06caaad6b2d326ac53b9cac41d010e45.png,3
data\processed\Allaple.A\0361f27d95cfd8b70a7d242f5f9d9a20.png,2
data\processed\Yuner.A\07aa5297b80bf1072399e4e9b953827f.png,24
data\processed\Allaple.L\0533a8e7cb54e1bd33bf0df0ed284c48.png,3
data\processed\Allaple.L\004bb67f523ecf8d39594591cbb94f30.png,3
data\processed\Allaple.L\0098ca9400e588b1b1fa6753d5fe389b.png,3
data\processed\Autorun.K\006c078025080197adb7c338ba7fdff2.png,5
data\processed\Allaple.L\053a4a12a97cc23538da13fca5a285fb.png,3
data\processed\Yuner.A\00772dd7f3637410278c796ed0a41541.png,24
data\processed\Adialer.C\04c882143ba7b3c80cf0d1edf440e973.png,0
data\processed\Yuner.A\00c94fe8f0e2e7c10e1339d8054e3e1d.png,24
data\processed\Allaple.A\04ec992ca389ada69f5d2ab512542003.png,2
data\processed\Yuner.A\01233470ec049c5ad5ef85c6cf8d773a.png,24
data\processed\Allaple.A\017d98ac28c67d5a94ab602233ae2728.png,2
data\processed\Allaple.A\0767771f0328030c9182b5add014d7ef.png,2
data\processed\Dontovo.A\0037e467765b15f571e1279450be071b.png,9
data\processed\Yuner.A\0319dd9ae8736df9b348c4854f0325b7.png,24
data\processed\C2LOP.P\05bf7d4afb4e41d58bb6aa8e77f2995c.png,7
data\processed\Allaple.A\0557cd644c22a1866181769da443eff2.png,2
data\processed\Lolyda.AA2\006e35aea0e2ab36347992e72b083e57.png,13
data\processed\Alueron.gen!J\0675ad594e791b1b6b6f96a5a09b5796.png,4
data\processed\Allaple.A\000180ec1f9ff939f9997518a1cc5b95.png,2
data\processed\Allaple.A\03dc329e8cc4ce1da327648bde10563d.png,2
data\processed\Allaple.A\0307d7319d27ccb0b03a52a8ef94acc9.png,2
data\processed\C2LOP.gen!g\088ba9bb1394fed703aae4a0f727cb60.png,6
data\processed\Allaple.A\0764c4b0c7f90c45eb23a0d07de7e563.png,2
data\processed\Allaple.A\005232b4b5d3eb5673908be28c5bc1b4.png,2
data\processed\Wintrim.BX\00a898f7bd4a810ae81d9b5ee1b7486f.png,23
data\processed\Allaple.A\0387addc464ba39e363364bbcecc2c0d.png,2
data\processed\Adialer.C\06dec815e8fc323f9b0ec2e49d55ba4f.png,0
data\processed\Allaple.A\033ecee11391744bdc0cc094986644eb.png,2
data\processed\Allaple.A\011eaf28313dee39d8ecd538afbb097e.png,2
data\processed\Dialplatform.B\07c0821e563ed8e4436d169452a2613f.png,8
data\processed\Allaple.A\054b3eff1a99112eee1f5a2ea5ffbfc5.png,2
data\processed\Allaple.A\06209cedd448aee46afc1ec52c8867f9.png,2
data\processed\Adialer.C\03c65e4528f100e6961470bb15843680.png,0
data\processed\Swizzor.gen!I\04b5b000035a9c0e5563633a97b313e1.png,21
data\processed\Fakerean\01e36f180058ee30b27675a94fe44835.png,10
data\processed\Alueron.gen!J\060d135c6dfba5c129dea27045e67504.png,4
data\processed\Lolyda.AA3\00feeb1b4b77a02041a134eddaf505a5.png,14
data\processed\Rbot!gen\6f5ed76cb356731b850e37a324a8eec4.exe.png,18
data\processed\VB.AT\085a8dae45a3da429873036353f57c46.png,22
data\processed\Allaple.L\081ee23cbf30d9a33c42b7e960a97fc2.png,3
data\processed\Instantaccess\08549e82cc3c8419ceae63bb6c99801b.png,11
data\processed\Allaple.L\005103eb323d0b47cee24e6fd0f081d9.png,3
data\processed\Rbot!gen\ba2e9b39da2e1ccacb7d5f5f62ad2498.exe.png,18
data\processed\Allaple.A\052c23814ecd5a7cab018a807c358191.png,2
data\processed\Dontovo.A\0194c873b5e79a576b1999d826bf56f2.png,9
data\processed\Allaple.L\00cb5c7d76cbadf1e3d9b80c834218b2.png,3
data\processed\Allaple.A\019d2a695ac1bba8bda3e53fd98c61d8.png,2
data\processed\Allaple.L\052924ddca099aa9382f7a7d4c7f9040.png,3
data\processed\Alueron.gen!J\01973214e81d52134406591a4c91ae88.png,4
data\processed\Allaple.L\05eca4ca3cf553f9def99fd1c5234ac7.png,3
data\processed\C2LOP.P\03c77c2f600909d56da19c2b5cb7dbde.png,7
data\processed\Allaple.L\0532954c96b5d6ba4c6ff76fdf21ba41.png,3
data\processed\Lolyda.AA2\00e4899f4cad4860fe75848023b9d3c0.png,13
data\processed\C2LOP.gen!g\079cd25769fd8f2ebb9dd2b35fc0c978.png,6
data\processed\Allaple.A\0740b2f860e95843960f70894867a3f5.png,2
data\processed\Rbot!gen\cdea77e0f0acb42424eebaa48cd09147.exe.png,18
data\processed\Dontovo.A\001b41e82869f48d2fbab6940537b7ec.png,9
data\processed\Allaple.A\080384cd547257bc4bf0cf04a2370936.png,2
data\processed\Allaple.A\080b53f1a3e9c1d5a439be83a56a4d28.png,2
data\processed\C2LOP.gen!g\073897d668356d8ed61f1b2a29bef1e6.png,6
data\processed\Obfuscator.AD\08ad59da14d2a7a12e3df5def85f9173.png,17
data\processed\Allaple.A\07df33d8dc271fa881fa36ed99216501.png,2
data\processed\Allaple.A\00920dab3671d2ebe362df7710e89296.png,2
data\processed\Yuner.A\010cc369e966ac05b111ba7ae6df1fca.png,24
data\processed\Allaple.A\006dd27167f504066872fb66597011e4.png,2
data\processed\Allaple.A\01845b0fd71878876271c3f422aac2a9.png,2
data\processed\Allaple.L\076ceabace4507aec4f0e0a9534e4f00.png,3
data\processed\Yuner.A\01d8eaf3ca29c7e1fca10f9e7c07a0f2.png,24
data\processed\Allaple.L\070ffaee200b1d463d306fb09dd5ffc0.png,3
data\processed\Allaple.A\0035d46385aae9a4e30fddba508585fa.png,2
data\processed\Allaple.A\048506cd3c1777b9fc2990b5128789c3.png,2
data\processed\Allaple.L\07321b2056da14591cfc6aefabf1d3ab.png,3
data\processed\C2LOP.gen!g\034ad6ebab9c66d06293c24ebd78078c.png,6
data\processed\Allaple.A\086369f03a629e816b469218adb9c67e.png,2
data\processed\Swizzor.gen!E\0022a7c5e5e19d53ca0c58544bd4bf04.png,20
data\processed\C2LOP.P\05076fa792b13b6e0e5da4f67e7fbef2.png,7
data\processed\Fakerean\038b4594a0079366b9dfed39e48d7570.png,10
data\processed\Lolyda.AA3\000e2eef7f21958f255415f53321cbfd.png,14
data\processed\Adialer.C\03c54e704f672dedcf8a9c171c735c5b.png,0
data\processed\Fakerean\03d7735112f33621fce87c3542ab55ee.png,10
data\processed\Yuner.A\04b85c68a6fb54f8a381769aab50ebce.png,24
data\processed\Instantaccess\03294a288898331a232e46fba140c1ab.png,11
data\processed\Allaple.L\07d3800c51c521cd097979abf808af94.png,3
data\processed\Allaple.L\030b16b72dbf8eead755f2f7563b0222.png,3
data\processed\Allaple.A\004954b62e89181c9ed48c12cbabc826.png,2
data\processed\Swizzor.gen!I\00fe535a8d95d038e65d13995cb19a6b.png,21
data\processed\Fakerean\02eb81e9efeafa6f37c99aee3a441c91.png,10
data\processed\Allaple.L\00d9061c1bd73a10f2ac3010c66bdbcd.png,3
data\processed\Dialplatform.B\03c5ae67d482e2c7310a46caf290a9d9.png,8
data\processed\Lolyda.AA2\00eb963c8ae2ccf36d4ef3666b138b24.png,13
data\processed\Allaple.L\068fb31d8091645aec1f10850c2a4837.png,3
data\processed\Lolyda.AT\014622bc3cfae5a7f2b6e5ee25c5f6b1.png,15
data\processed\Lolyda.AA1\009b5c84cd72a226742d6fdd4e748ce7.png,12
data\processed\Alueron.gen!J\042853dcd82d0a1e64d5f888af8bc3e1.png,4
data\processed\Allaple.L\06dbb89f038046aaa6f57ce4fa954316.png,3
data\processed\Rbot!gen\9cb4c532d862902571e0d117b1cdca8b.exe.png,18
data\processed\Allaple.A\06bee6dbbff86007a1833ae6d67ac854.png,2
data\processed\Instantaccess\036702d08db035b1ce859f4c5625c619.png,11
data\processed\Malex.gen!J\00bce1f575be79913f41d3bff29b6339.png,16
data\processed\Yuner.A\05110612478cbce5b5db793451ce3dab.png,24
data\processed\Fakerean\03213642d5159235d052c72502e2c591.png,10
data\processed\Lolyda.AA2\003a7a0c2746eeca6c5129943bfeaf25.png,13
data\processed\Allaple.L\06d75a9f4bd0ae40fea8eef27e397a5d.png,3
data\processed\Dontovo.A\04d20590fe1b1cce92dc88216867d0b5.png,9
data\processed\Dialplatform.B\0391b79fcc26a478dbfaa79159d5495e.png,8
data\processed\Allaple.A\04468719f9e8462b7076ba79af0a3440.png,2
data\processed\Swizzor.gen!E\005c89d60814e4c30683c532d5d4bbfe.png,20
data\processed\Obfuscator.AD\069e3e127cfbd1f523a031299ea68242.png,17
data\processed\Allaple.L\00ffa9e9bcfea67ca203ff94df652c20.png,3
data\processed\VB.AT\005b4968b27079177ee00293b700302c.png,22
data\processed\VB.AT\02d39a69151410cc0a2622020f325a2f.png,22
data\processed\Allaple.A\049b712defb29d22c2d5a5d1b108c074.png,2
data\processed\Yuner.A\00f99f0c53698fc10827d2b7fbf842b3.png,24
data\processed\Instantaccess\007442180213429be7267099a344704b.png,11
data\processed\Dialplatform.B\0645e9a9f5002e9b681092aa17ad2e53.png,8
data\processed\Yuner.A\00e497f78e8dda6d2cda87d1911459dd.png,24
data\processed\Allaple.L\00a029caa45fc190bbf13bdcbad04336.png,3
data\processed\Allaple.A\0447fe567f0ffffa8578a071320325ca.png,2
data\processed\Allaple.A\046a4cfd5d5df4b6549c8ef9d7345711.png,2
data\processed\Adialer.C\057610bbe9d730feec159cc1a8ab2c43.png,0
data\processed\Rbot!gen\a2a10e623932861412917429c7f7626e.exe.png,18
data\processed\Allaple.L\05ef9f1229bdb8463ac79b454741d902.png,3
data\processed\C2LOP.P\01205ba4ea467df5777b21f4f7c5f077.png,7
data\processed\Allaple.A\00fecbb4549dff2e7efebe10ab71c0de.png,2
data\processed\Wintrim.BX\008337387bbf9a6e6007c45325661f1c.png,23
data\processed\Instantaccess\01b433c62203b859d9e1d3f69a947e74.png,11
data\processed\Yuner.A\08783f9f77003003ba3ee44ac39494b5.png,24
data\processed\Yuner.A\042b2c8149e0203ca470af0afd426385.png,24
data\processed\Allaple.L\06237945b73c90784f4b1034dfd72c3b.png,3
data\processed\Fakerean\0477385adc9fde2b84c76bc1230b2bbd.png,10
data\processed\Allaple.A\0830c71d67dc2245a4d73346630ce47c.png,2
data\processed\Lolyda.AT\082760aa3f1c4e0ed8fffb58c61136cf.png,15
data\processed\Agent.FYI\0533ae9f1bb440e5e84d8c387deac487.png,1
data\processed\Dialplatform.B\01b7a63a2cf4bc9a585f09df99ff0d95.png,8
data\processed\Lolyda.AA1\002ca2673698ec535b1bd634520edff9.png,12
data\processed\Allaple.L\07cad100662089371e0c958b74a5e625.png,3
data\processed\Yuner.A\014bc43f3d361f8f87d8c1a29c683358.png,24
data\processed\Allaple.A\000b056b803135572c8097477ae8108e.png,2
data\processed\Alueron.gen!J\081d83f84253f998b7b872856d14668f.png,4
data\processed\Alueron.gen!J\01807873e6a457d1c1f0c4428d63f831.png,4
data\processed\Dontovo.A\004f445defede4eb58f3bad1567f4de3.png,9
data\processed\Allaple.L\002459b82caf7452eb9c9aec3730d7fe.png,3
data\processed\Allaple.A\050558ba47a924827c62218bda1edba4.png,2
data\processed\Dialplatform.B\04bd7941b2b59ae1da3614d2467f4e05.png,8
data\processed\Allaple.L\00640f89951df2e9713a482a74efdb0f.png,3
data\processed\Yuner.A\06dc6e52335c0071090692bf1365b5d9.png,24
data\processed\Yuner.A\03b84aed310824594f08a05418ebf997.png,24
data\processed\Allaple.L\035200a2fcefc997fbbb7a9316582723.png,3
data\processed\Lolyda.AA1\00cd64087eac76d16d76840de063e659.png,12
data\processed\Obfuscator.AD\057f368ca0ce1a17c8c77b6ac9451168.png,17
data\processed\Yuner.A\00366b2ed68b5d76a455f9c5187beb57.png,24
data\processed\Yuner.A\012a9249fb21a111de76b7b4c5da8700.png,24
data\processed\Allaple.A\089f326e1a323e2f5479959eac3483b5.png,2
data\processed\Swizzor.gen!I\01d015f05538ae89cef4d90e8530c56f.png,21
data\processed\C2LOP.gen!g\07abf9dd66f03f19b540826437885c90.png,6
data\processed\Fakerean\0226fb7a466f20bb99537192fabf8fc6.png,10
data\processed\Allaple.L\0518be15e6ed80186621b62e27efccb8.png,3
data\processed\Allaple.A\0670a08f3dfe55630da3a32472f6afde.png,2
data\processed\Alueron.gen!J\080a52c1e574cf33fae011170c829b07.png,4
data\processed\Allaple.L\06e2af46fc919ba7a94223672b7f21e3.png,3
data\processed\Lolyda.AA2\0082169be49e0f828c440651a8a4340f.png,13
data\processed\Lolyda.AT\00ae9c47f13c0a2047c1130991729e9e.png,15
data\processed\VB.AT\008ae3f8063d22aaa4e454283a704bf6.png,22
data\processed\Allaple.L\000c9f4223c0198fe53eb1838ec56bf4.png,3
data\processed\Lolyda.AT\042f5c102ff638dbd3891a07abda8f7f.png,15
data\processed\Lolyda.AA1\00c9e43aa1da0d6226574c4cadabbc31.png,12
data\processed\Allaple.A\068501c1c08c28fa5dc89bde14c07f1f.png,2
data\processed\Allaple.L\012e3ade6976d0d84746edd0f90955e6.png,3
data\processed\Fakerean\01cfccecb2405626d1f8ef4079d2a7e3.png,10
data\processed\Allaple.L\049d74d08dcd342c99fb85ba2b9572a1.png,3
data\processed\Alueron.gen!J\0873ff88f7f7ed9c29315bc5eb8a4b45.png,4
data\processed\Instantaccess\018ef74950fe2e516e6e81a8654e3551.png,11
data\processed\Allaple.A\0512b3f7f47d0f33fa1d9f833b22973f.png,2
data\processed\Allaple.A\0818db841b4f4e5d196346054419d683.png,2
data\processed\Allaple.A\0581e64064ad08a0a7138049ccf34459.png,2
data\processed\Allaple.L\004d763329efb3b4b5c6dd3ec45d2e35.png,3
data\processed\Allaple.A\000dea45a346cd0229953ce8dc368aaa.png,2
data\processed\Allaple.A\01dccb64b6ef9270703c94fab47069c1.png,2
data\processed\Allaple.A\0424fc52602de84e06a5aef8edb88957.png,2
data\processed\Allaple.L\089a5a758b83318aee57099f0ffa03e5.png,3
data\processed\Allaple.A\0710ff8a807c0f29d7052de0457bf3a6.png,2
data\processed\Rbot!gen\2a180695571b15f7c913e9a73a634db1.exe.png,18
data\processed\Allaple.L\06b6f3fbd5096eda480f13bc654da23a.png,3
data\processed\Malex.gen!J\0524a75e554232d1a28e1da77f546073.png,16
data\processed\Allaple.L\058eab2610b0ea5b91befc7354849501.png,3
data\processed\Yuner.A\041fb438bcd05e1c5187bed7eba278d2.png,24
data\processed\Allaple.A\00d8a06e164abd9bf13770a418d79667.png,2
data\processed\Fakerean\087792d9fea6ee92a6b89e2cea6e6e41.png,10
data\processed\Lolyda.AA3\00d93fa05b094a43809ea93f401aa2ca.png,14
data\processed\Lolyda.AA1\0413ef0d8f7358b981d4c6ac18f24b26.png,12
data\processed\Allaple.A\006a465695698a362f227948df32137c.png,2
data\processed\Yuner.A\0394e2db00e25a5118544b1fc3511970.png,24
data\processed\Lolyda.AA1\0007b743379d71e4d253aa1f63241a86.png,12
data\processed\Obfuscator.AD\04016639d03df3d2662e0bc8634b5366.png,17
data\processed\Lolyda.AA2\009ec062f2922f0a37c4363270f032f9.png,13
data\processed\Lolyda.AT\03fb9f3cbe2db207026f518f0acea384.png,15
data\processed\Swizzor.gen!E\0059f82cc7bae07736e56f5fdb75c026.png,20
data\processed\Alueron.gen!J\087dfb533eecf1365023239a69154b81.png,4
data\processed\Allaple.L\068b4a6ff1d119532588f01aeebd967e.png,3
data\processed\Allaple.A\0502d1a2f60320258eb46f72c818659c.png,2
data\processed\Yuner.A\05cb7f5554598e130c0fc28d8cf644ee.png,24
data\processed\VB.AT\043ce1bcfd94d63ee23417aa8ed9f2af.png,22
data\processed\VB.AT\06934cd45fb87ef403863dbd355e65a3.png,22
data\processed\Yuner.A\006884347575e0ff15b0aecbaf30bd56.png,24
data\processed\Yuner.A\001fc66dac88822bb79a5ae8d2e84d66.png,24
data\processed\Instantaccess\084a280ba7bbb3012a95de681a0c8ffe.png,11
data\processed\C2LOP.gen!g\0071f8b385753b96739d49b3463ce65a.png,6
data\processed\Dialplatform.B\0801c595b46f65a6d3deb1149457202f.png,8
data\processed\Allaple.A\05283af559c75034851aa0cbcf8079ee.png,2
data\processed\Allaple.L\0444f5620779300b32c6aa15b5b5ccf0.png,3
data\processed\Swizzor.gen!I\08728ea794044d646dd23eb4841dbe8c.png,21
data\processed\C2LOP.gen!g\04b85f1b0bb7d1ee9094149e0346d4c4.png,6
data\processed\C2LOP.gen!g\0065f2eab3ea669e7f811f21ed3d6c90.png,6
data\processed\Yuner.A\0436626cac4ca5fce912e9abe3b2bdc4.png,24
data\processed\Allaple.A\01f5d13634fd134e42ccba4402da8bbb.png,2
data\processed\Skintrim.N\04e57da7993a676d4c686fdb09909491.png,19
data\processed\Allaple.A\063182b24150e4407ffab26c1254766a.png,2
data\processed\Rbot!gen\87772141f88341ccfa236cfac687fc55.exe.png,18
data\processed\Allaple.L\0790be020f2e1811f0d57d38da8c9337.png,3
data\processed\Allaple.A\009e41333046077e97b74a4beff4788e.png,2
data\processed\Obfuscator.AD\03b5390796da5c48db7b924af3cc258d.png,17
data\processed\C2LOP.gen!g\032b8556120d2a9eef4e79889a05e703.png,6
data\processed\Allaple.L\04118a5487c7b79d7451ee263a0396a7.png,3
data\processed\C2LOP.gen!g\00288b5748c7f4ae8ea7ad9a900ff932.png,6
data\processed\Allaple.A\04926f48096de8d3e1c0ced78f76db6e.png,2
data\processed\Swizzor.gen!I\05637bdb58557c3626315350fd068460.png,21
data\processed\Instantaccess\05ca95145fc9263d9eac8996bf7eb319.png,11
data\processed\C2LOP.P\002e546291fa85f057a345714a3d41d2.png,7
data\processed\Lolyda.AA2\00340500c4c4ddc4eaad3f4e7ab8fb45.png,13
data\processed\Lolyda.AT\039a324347f83bba2ef37d7cda1bbe44.png,15
data\processed\Allaple.A\001ac0895271fe587d404b41d1a369f5.png,2
data\processed\Allaple.L\035695ef2f5ad7468d6de4e3ef3ac78e.png,3
data\processed\Allaple.A\00aa397821422b2dab6e14e4f9d44f18.png,2
data\processed\Allaple.L\01c63b28e06b1c7ffd7b4107a4c0c163.png,3
data\processed\Yuner.A\037e9be39f73687f8757fa4d07756295.png,24
data\processed\Instantaccess\00dda5d0984bce404780e2d9e89b2e77.png,11
data\processed\Allaple.A\013e7a75c233723acea37dc8d4778a2e.png,2
data\processed\Allaple.A\043868e21b9939f3db6c595402a403f7.png,2
data\processed\Fakerean\041852c9555ae14ab8a9d256c4f00fff.png,10
data\processed\Dontovo.A\07b430ae9d90e246ebcaec572f43c7e1.png,9
data\processed\Allaple.A\06e1d01d279b46f57974543d299b3feb.png,2
data\processed\Dontovo.A\015a6573916e5deb6c92ca8a4155bd1b.png,9
data\processed\Allaple.L\0803d370425b9ba5bc2ed7e9b454ad32.png,3
data\processed\Yuner.A\0797f7b5c72e74d4c6b0b9cc767420c2.png,24
data\processed\Allaple.A\0337b8eac602f334faf953bcdacec2d0.png,2
data\processed\Lolyda.AA3\007a926e49efb5b943b49f874cf6479b.png,14
data\processed\Lolyda.AT\085a7c4aeefd28c79c43e07f46caa9c5.png,15
data\processed\Allaple.A\03db2cba5ab99fd13597bee327800379.png,2
data\processed\Allaple.L\033dc0660f97fe8e30ec4ab0e0d9de79.png,3
data\processed\Allaple.A\0132ecb7840434b0fda44c698ca8e66e.png,2
data\processed\Swizzor.gen!I\042f09be4a51deeaeacf2d1f4bd0ae92.png,21
data\processed\Allaple.L\07ca5383a31476675ef94c2134fe5a20.png,3
data\processed\Allaple.A\061176b0fd497aa02b9c507b4b42dd20.png,2
data\processed\Fakerean\040c6e94b31d9b930e11620399f6c015.png,10
data\processed\Instantaccess\0245879faa4d09560ea6e5ff62e18e56.png,11
data\processed\Dialplatform.B\064d08d592f71470910ffbc8419ca9a7.png,8
data\processed\VB.AT\0156a920968b3de4d0ad0ae397d8ce89.png,22
data\processed\VB.AT\02fae294c4df183a1c7e2e78f9cb9694.png,22
data\processed\Allaple.A\06a5aca7e74e2e8352f5b0cdc9a68256.png,2
data\processed\C2LOP.P\065f65f75ca522bc8e7a877bc12d917c.png,7
data\processed\Yuner.A\01b2296d63a772ea6700d13d3398f684.png,24
data\processed\Allaple.L\0417b5509fa6631ab1bed99de1f081b9.png,3
data\processed\Lolyda.AA3\061ddc7c69f7b8bf8c772c9add85fbf6.png,14
data\processed\VB.AT\01f615a0dbdcd715d16056aa5b1884d3.png,22
data\processed\VB.AT\020d6f2a4f94e1b1c3dc0a5a3119166d.png,22
data\processed\Allaple.A\040654c98eb07eaf6096983a57b0b22b.png,2
data\processed\Allaple.A\01cf54957aef1f38b19a44c9e669c1f3.png,2
data\processed\Malex.gen!J\064fb318c5c8859caa219ad9dee6d18b.png,16
data\processed\Alueron.gen!J\06446b0705ca80f5aff02c7b51423b17.png,4
data\processed\Allaple.L\07d982acdd2a9b9f79a07f323a22073e.png,3
data\processed\Allaple.L\044d64dc2bb410c286d5a4f137821ec8.png,3
data\processed\C2LOP.gen!g\033f9668aa266eaab9da9b112d387924.png,6
data\processed\Fakerean\020cb9bdb5d55faf5064040aad7aefab.png,10
data\processed\Allaple.L\0400b55a790b64cf9bda1fef5f1c0d88.png,3
data\processed\Allaple.A\06cc691ef0f76b9716ff93d2cf03419b.png,2
data\processed\Allaple.A\07948cfbaaef099cfe20143f12b5f3c6.png,2
data\processed\Dialplatform.B\040a976108c6d4a3a16b47ae49a1f09d.png,8
data\processed\Lolyda.AT\048fc3e635044d7fd06a4896ca543f70.png,15
data\processed\Allaple.A\04883c6fa785ba6fdc4436fd5740d42c.png,2
data\processed\Allaple.L\047158c922f7a75f6cade785ecfcb024.png,3
data\processed\Allaple.A\010accdc3e486fb37217deee8fbea06f.png,2
data\processed\Rbot!gen\78e37b8e74f2fdf939c3640e28427ae7.exe.png,18
data\processed\Malex.gen!J\05100a9fea69434590ee023cbbc89c79.png,16
data\processed\Allaple.L\061e1e3fbcbfc4a5d749c9f3c1b7b08f.png,3
data\processed\Autorun.K\00af290521c2766939befcb49bd6a7de.png,5
data\processed\Allaple.A\04efee3d9087f716761c9e03c0be030b.png,2
data\processed\Allaple.L\0797e53b5d12121fb7f97408c9dbe6de.png,3
data\processed\Swizzor.gen!I\05828836a0573bee31d4eb427777a607.png,21
data\processed\Instantaccess\057a81da2c8a2a20db752828e870d593.png,11
data\processed\Allaple.L\001ed120fee2fcb1ff2749b91922b61c.png,3
data\processed\Adialer.C\03fb0453768ac1cf817265dcbf00e072.png,0
data\processed\Adialer.C\03bf9abf840c7ebd87126f1f99a30ba6.png,0
data\processed\Instantaccess\04208440c3e5868592e6264c931e7e33.png,11
data\processed\Allaple.L\07b0fd0d14546f4f19f2ceae681b6be1.png,3
data\processed\Lolyda.AA1\001de9fabe92bd4a8569a8f791d3fec8.png,12
data\processed\Yuner.A\053f4eb448208d92e31ec430e548947a.png,24
data\processed\Allaple.A\038e7644e1e7fc0b45b4f993336e4cd2.png,2
data\processed\Allaple.A\071361ef58934db418961932b9c48ad7.png,2
data\processed\Allaple.A\07cb7aaa993c4993cf2621192f119e56.png,2
data\processed\Yuner.A\03fe426fa123e0f08c80539c5ba537c1.png,24
data\processed\Yuner.A\059fe8fb4a7dbf71544f23579ec18b13.png,24
data\processed\Allaple.L\00b0e7ef95f40128faa1f391e635c41e.png,3
data\processed\Fakerean\047dcf3e2a53367037fc5e71b880d617.png,10
data\processed\Allaple.A\03805850f8514402f34e328c45854917.png,2
data\processed\Dialplatform.B\01dad13d5667855d8a0c3373d46900f5.png,8
data\processed\Yuner.A\052672a655477213b69f0d89401a11d8.png,24
data\processed\Allaple.A\081a3438fe5257e9c2c342236b0bf3aa.png,2
data\processed\Allaple.L\04eebcbe91136c07f6aa16c5285d0b3e.png,3
data\processed\Agent.FYI\0063788f02dcb30cf68c44e31023edc5.png,1
data\processed\Skintrim.N\00674528cb0dbd58422160aef74c2397.png,19
data\processed\Lolyda.AA1\0358fdcfe32791ed67a138864576ce7e.png,12
data\processed\Allaple.A\066f7f3e6169865ee3fc925b56ee193d.png,2
data\processed\Allaple.A\050984959102285bac4d66710de538ed.png,2
data\processed\Lolyda.AA1\00e187cd41206ddf467f1140bce615c5.png,12
data\processed\Allaple.A\07668caff4842c86d924fa2990652ec8.png,2
data\processed\Yuner.A\00a5fee307b3411835b6bbe4a46c76f1.png,24
data\processed\Instantaccess\08b2fe733fcd611c630694a14b03c077.png,11
data\processed\Rbot!gen\bb5c4233912891256f2fd1efb28d4c0f.exe.png,18
data\processed\Yuner.A\004d8f69d39bb98986b44b681aab2bd2.png,24
data\processed\Lolyda.AA1\02bcb6badef224136ff59867e2df07b5.png,12
data\processed\Allaple.A\03482bc42988ec07052197793d50f5c9.png,2
data\processed\Yuner.A\03b1e6cae925b841dbbd7e56e832b061.png,24
data\processed\Allaple.L\001e542d0bb25db84316a9b3816adf7d.png,3
data\processed\Lolyda.AT\01803852abffadbf676cc45565fb6720.png,15
data\processed\Malex.gen!J\04472bf04879592c409fa488979568dd.png,16
data\processed\Allaple.A\0306e0192336fde8d4d644645920e337.png,2
data\processed\Allaple.A\059a0761251c8aa7647292ca7997a5ce.png,2
data\processed\Yuner.A\05cb46bfa4a4e096d42b09cab3ed6947.png,24
data\processed\Instantaccess\07e3872799e61e3d3d0e88193ff97acf.png,11
data\processed\Lolyda.AA2\00eb5777b1c2b869cbfdec1169b39910.png,13
data\processed\Allaple.A\039c3ccfdb10cca7f657da4caa3cad2d.png,2
data\processed\Allaple.L\01a081646776b342e893009b40e33308.png,3
data\processed\Swizzor.gen!I\05912671ac75e4b59d05274cc1fda5fa.png,21
data\processed\Allaple.L\00b387b28de5eeac27b4648b3825f23c.png,3
data\processed\Allaple.A\0320e44d31277d3fd6dfd2599ae94c6d.png,2
data\processed\Allaple.L\00a228aefaff8d847be7062206030b6d.png,3
data\processed\Allaple.A\05a360faab23b805967430f4056b21d9.png,2
data\processed\Yuner.A\00cfa47c7591e6d113e868ce51da513b.png,24
data\processed\Yuner.A\00b2a053bf8454f7accab04d3e2b2fec.png,24
data\processed\Yuner.A\04e49abe9861232bf79a7c3e5ee1b859.png,24
data\processed\Allaple.A\040340a111c598b8cb2e97894a437562.png,2
data\processed\Allaple.A\044fcacfde964f19d0c26c1d272a8734.png,2
data\processed\Yuner.A\05e716d2e00934776147cdd1bbe50dae.png,24
data\processed\Allaple.A\073ca956fbc78d301f02a349226c9f2e.png,2
data\processed\Allaple.A\01414cc5d33c8267c14e7b2adf498765.png,2
data\processed\VB.AT\01d9d7a6ce2b0a5f9279dd018ba7ecbb.png,22
data\processed\Lolyda.AA3\006c9c63c5f8b888d72874d798f66f3c.png,14
data\processed\Allaple.L\006b731d40c7c4bcec7739b0d0606c8d.png,3
data\processed\C2LOP.gen!g\01e92d6ebbe42a1b833ec3068029abd9.png,6
data\processed\Swizzor.gen!I\08a634679ddd53b886f667b3c42abc49.png,21
data\processed\C2LOP.P\0742265cdc9c8ac02ebd1925227dbdd6.png,7
data\processed\Allaple.A\0091e831fd2356296b686e03fbd7f045.png,2
data\processed\Allaple.A\00c8f00a9d93f4b4cf7bda820bb3006d.png,2
data\processed\Yuner.A\05bb50a5979b5f6cbfdf18335daa0693.png,24
data\processed\C2LOP.gen!g\068fa89a05afa9d5ea1af1f0e34ed265.png,6
data\processed\Lolyda.AA3\00ef91c2ba2e61d27434cb65d78b9d7b.png,14
data\processed\Allaple.L\0850cd21c3f1dff924e490edb8274714.png,3
data\processed\Yuner.A\01be1a81536a4c970814d3cc49d0df91.png,24
data\processed\Allaple.A\05d9addae38b581c084c69a10cf655d7.png,2
data\processed\Allaple.L\08acb43e2fa2dcc6448a23c187c6d1b3.png,3
data\processed\VB.AT\005c46171c010c14d3137c7b451647bf.png,22
data\processed\Agent.FYI\0077aca3c32ee5bdbdf77f4c3c6f0f0c.png,1
data\processed\Skintrim.N\0051ce68c900ae43db9d5d3191417413.png,19
data\processed\Allaple.A\01b6f2c77f2ada885123de06e5394174.png,2
data\processed\Allaple.A\03ce7c56eec569d118ee6335d8b67205.png,2
data\processed\Allaple.A\00af0ee00edb07dfabb352964e507b94.png,2
data\processed\Allaple.L\064593b8f45aa4b880317da5631ff0a7.png,3
data\processed\Allaple.A\00073fc1abcfd87e6d38c421598c42b9.png,2
data\processed\Allaple.L\0887ceefe03aa973ac386324aac0c441.png,3
data\processed\Yuner.A\007d4a975199e7e4f0528ea6dbcb2d61.png,24
data\processed\Skintrim.N\00de89edcd15db35e4d8a781e128879c.png,19
data\processed\Alueron.gen!J\033e5eb08780f0f6914a7b63925234bd.png,4
data\processed\Allaple.A\00653451891780fec9f30518b75f16f2.png,2
data\processed\Allaple.L\04771506669109f54b61b31fff146370.png,3
data\processed\Yuner.A\078afcb3346110c4aadaa0de82bd3149.png,24
data\processed\Instantaccess\0611e279ecf65b1220470b3e954998c8.png,11
data\processed\Allaple.L\009be2fab28bdadf9c16de7dbb2b97ee.png,3
data\processed\Allaple.A\0691b1e120717a95c63d7e90361164a6.png,2
data\processed\Skintrim.N\009b287397945c251f4bb748d82dbb93.png,19
data\processed\C2LOP.gen!g\08798037eb7aed0dcf7a0b73628e22b7.png,6
data\processed\Allaple.L\05aeb77d7c717819477464d77f4f4238.png,3
data\processed\Allaple.A\043a8795324f6fc838ca0d2ebef92bd5.png,2
data\processed\Allaple.A\069d5e068dcfa99c0035175535f48847.png,2
data\processed\Allaple.A\05d40d80ebf39494d6997e30ef23ea13.png,2
data\processed\Allaple.L\03c14bfee5cdd895ca8ebcaaadee3de7.png,3
data\processed\C2LOP.gen!g\05a6e52ac9850b8eb217c550932fb56d.png,6
data\processed\Adialer.C\013386f221e09f990d7ede485cdb98dd.png,0
data\processed\Dialplatform.B\06be4f7d08ec0c86b25b7ad52bbb1c51.png,8
data\processed\Agent.FYI\0084663b6f727410852fff06b584910d.png,1
data\processed\Allaple.A\0177f12bed96224c61380d4801c3123e.png,2
data\processed\Allaple.L\04e02794b2ca84cdfa6ce9a04488b38e.png,3
data\processed\Allaple.L\038f234bd18c7273d1bbfcd481b1b4b2.png,3
data\processed\Allaple.A\05cd398648ccc7afd8ac774817ebb577.png,2
data\processed\Lolyda.AA2\00df1b2f187863261a96aa465326fbb7.png,13
data\processed\Yuner.A\00ad05d8fc876c37a4acb75bc923c834.png,24
data\processed\Yuner.A\00f591b8ab6c1e2773ad7c57aad0bca8.png,24
data\processed\Allaple.A\064af1edd600268e6e7f618fd5946207.png,2
data\processed\Allaple.L\011030d9ea99100e486f4f7966454aae.png,3
data\processed\VB.AT\00c9271b81e05d8a5454be3a670f4494.png,22
data\processed\Adialer.C\062a3381d1340ce4f67ad46e13fdcfdf.png,0
data\processed\Allaple.L\005154add4b13c116091b151912c4525.png,3
data\processed\Allaple.A\05a317f588fe77fcffdcd85525a2bc60.png,2
data\processed\Yuner.A\0014c7fe1f032f7e59521b5e87385b95.png,24
data\processed\Allaple.A\04f396a80abc269dc78ca6d835ebf5d8.png,2
data\processed\Allaple.A\07442de28606167c671de02e4422ca0c.png,2
data\processed\Allaple.L\0138af80e4484c71edba40215d021f45.png,3
data\processed\Alueron.gen!J\07ba82f67027da6e744b2ab91479a997.png,4
data\processed\Allaple.L\009e0ffa2ae76b9cd6436d9087760374.png,3
data\processed\Dontovo.A\03fefbaa20b439722cdc2a661cee6f49.png,9
data\processed\Rbot!gen\bebfbb51f6807852aa0cc26b144a6a23.exe.png,18
data\processed\Allaple.A\07792c1aec1a09018bc3d9c3e5d3e5b1.png,2
data\processed\Dialplatform.B\05082772c2e68d8cf3944cc4c3c4176f.png,8
data\processed\Lolyda.AT\05c8982559dc2622c188be6da0ec53ea.png,15
data\processed\Allaple.A\08767c9ece504635562a9a8a42086c8f.png,2
data\processed\Allaple.L\03433c113b32c90a10c8ef76091aebc3.png,3
data\processed\Lolyda.AA1\00835e548c4d8bd291648260828bd851.png,12
data\processed\Agent.FYI\00e736cbf0e8d0a26aef9728cb956546.png,1
data\processed\Allaple.A\08a1cd50d40efffb43262d2c851689c5.png,2
data\processed\Allaple.A\084519e379286f6cc3db5e308e9ce620.png,2
data\processed\Allaple.A\01bd89a23f9122b1643abc93d4c48be8.png,2
data\processed\Yuner.A\008b54b1a4647c33466f052e7e087961.png,24
data\processed\C2LOP.gen!g\000988c9f1a76ffbc1baeed443bc0217.png,6
data\processed\Yuner.A\07d110444ad58410508c615b249a8ce6.png,24
data\processed\Swizzor.gen!E\008a9684657d6f9c851698e2caf9a59c.png,20
data\processed\Allaple.A\01a0d4c5db35a688e6df35e523147a8b.png,2
data\processed\Allaple.A\05cbfbdd51dc16bd17016f9049da3ef0.png,2
data\processed\VB.AT\04705ee418940ee4410baa3563a01ffe.png,22
data\processed\Allaple.A\00f117cc8b031e7d7f197202f846e520.png,2
data\processed\Allaple.A\03d44bf8a9d96f6f467520e99b764cfb.png,2
data\processed\C2LOP.gen!g\00d3e1325db470d238c1f4d63cd500c6.png,6
data\processed\Allaple.A\06259ab988e70efef729b23fdc469750.png,2
data\processed\VB.AT\07603b7e3a828eb113829c85021fc2b7.png,22
data\processed\Alueron.gen!J\037c89ad6fe73d55f58ecffe16ffe45a.png,4
data\processed\Lolyda.AA2\0064d4ed59f608f28f7096c0995fdcba.png,13
data\processed\Yuner.A\06a5626cab4eb0c600c291e5832b7e42.png,24
data\processed\C2LOP.P\00663a763a319214303ed4678e4859b6.png,7
data\processed\Allaple.L\04e9621a64ab5490d6b84ffa63193664.png,3
data\processed\Allaple.L\07660e6fb76d735b711799103158b0dc.png,3
data\processed\Allaple.A\059643ed10eaf1fe9aeb13b4bbaaa191.png,2
data\processed\VB.AT\00eedaec433de70efd307fca6993c6ea.png,22
data\processed\Yuner.A\00a2248968db9824fabb058b87cce851.png,24
data\processed\Allaple.L\018e9afc26903dc6192526c58c6c02da.png,3
data\processed\Lolyda.AA2\0023cbc0d021d5a1c03aacc1aa2249f6.png,13
data\processed\Allaple.A\07d3a49923da4860fdb9bcce13275d50.png,2
data\processed\Allaple.A\03f49265e4ed3aeccd1a8360f8ea25f2.png,2
data\processed\Yuner.A\059f4382a56f56120f283acd1b220686.png,24
data\processed\Allaple.L\0570361c573670620384afa18d026db5.png,3
data\processed\Instantaccess\05b2e918c436eb86f866155e024964ed.png,11
data\processed\Yuner.A\0617784fcd4bac5365aa43bdc4f5c6c3.png,24
data\processed\Allaple.L\082e7d9cc2ad2a8dc0e9437afe2ab262.png,3
data\processed\Allaple.A\081c463e6b22f6df68e5c287bba52319.png,2
data\processed\Allaple.L\0009881829cd427c0b03e8b5720d111a.png,3
data\processed\Lolyda.AA3\00dfa3220ed2cce3ee6f8ed3fcff9929.png,14
data\processed\Instantaccess\0658b4ffc1a96cd0e1ab6577096aeb5d.png,11
data\processed\Allaple.A\00d267d45d86088d772971082e818c48.png,2
data\processed\Allaple.L\01bc91d37bd2e266086cb76477f38f70.png,3
data\processed\Dialplatform.B\047be930127ad7b50173136f72ae8b0e.png,8
data\processed\VB.AT\07c4d5ac18c98585afee88827f48833c.png,22
data\processed\Allaple.L\0356aff2b6357ccd81a17ebe9ce37706.png,3
data\processed\Yuner.A\00fe2f4a7a47df4adfd4f5a13f032d1e.png,24
data\processed\Swizzor.gen!E\064d6161286723f2f146c09a6aeff321.png,20
data\processed\Allaple.A\00cd3d234e0cdc6724a2c3ec8b2b363b.png,2
data\processed\Allaple.A\0440bb43378e52068edb268a22dfcab8.png,2
data\processed\Alueron.gen!J\04558588b584824eee62ed6f1db122cd.png,4
data\processed\Allaple.A\05a913ac84efb62112dd54e4a65c802c.png,2
data\processed\Lolyda.AA1\002facd6f3d14c9092758260cccd5c82.png,12
data\processed\Fakerean\0198d072213562fee973f597b43a59f7.png,10
data\processed\Swizzor.gen!E\00bf5c28de66f3e5b41582bcfd91a3a6.png,20
data\processed\Malex.gen!J\03011dfd5884d3a6de6a8e32818bc8f0.png,16
data\processed\Instantaccess\00cf472936ec6af4cee134c4fc164fa1.png,11
data\processed\Allaple.A\0780d0cfd0569aec3487f615574e8113.png,2
data\processed\Lolyda.AA2\0048d8ec988af43ca4371ea2d78cb07a.png,13
data\processed\Malex.gen!J\014d1a919f99ec3364239d45fc091277.png,16
data\processed\Allaple.A\03bef04350ac2ef5780fa93e0ab924fb.png,2
data\processed\Allaple.L\0788c9a167cf877ad8eccfa679665b05.png,3
data\processed\Allaple.A\050f16f0a1efbccfa881b60090a4c670.png,2
data\processed\Lolyda.AA2\00be16afe596aa0d62a2e21a6545dd78.png,13
data\processed\Allaple.A\0609dca9467b9013297b88650eff2293.png,2
data\processed\C2LOP.P\0763d4ed717b7cab7752f4d03a03ab9f.png,7
data\processed\Alueron.gen!J\06d9482bccbe146681e9ac362180fd13.png,4
data\processed\VB.AT\018762e4f48dd050da33ac659b267676.png,22
data\processed\Allaple.L\010f3c5f3481fc3cfe0ed077fa311d03.png,3
data\processed\Yuner.A\042857875d7fc7d13f303a35981ce12e.png,24
data\processed\Dialplatform.B\03f98566238d0912210cc12571def1bb.png,8
data\processed\Instantaccess\00d827df3cd0ef19cfa2266d6d710090.png,11
data\processed\Swizzor.gen!I\03d20fcd6e996ad094fec6bd4e77a880.png,21
data\processed\Allaple.L\0349b9ddea5e67906d2427509d916b41.png,3
data\processed\Allaple.A\05df3e49ff02aaf9f94ec1cf281631a6.png,2
data\processed\Yuner.A\048c166f900bf361410eb271132d6414.png,24
data\processed\Allaple.A\00afb83540fd9e972549a5f84a270ee4.png,2
data\processed\Dialplatform.B\088a00963c1e40251752a44ad06fb962.png,8
data\processed\Allaple.A\04fee17c6519162d55e998dada6146d5.png,2
data\processed\Fakerean\03ae0b0be81dcc4fc0fc01f0a4904345.png,10
data\processed\Allaple.L\00c88e9b6564c6cb1002dc616e358a0b.png,3
data\processed\Allaple.A\0123b71793eb3e32e5a8bd42d7bc043b.png,2
data\processed\Agent.FYI\079357bbdf49408af1c5d3771a7acd78.png,1
data\processed\Lolyda.AA2\00c1b80395cb89eaf821901f4591f718.png,13
data\processed\C2LOP.gen!g\0025ce5f90bf63edd9edf195c69a2d8c.png,6
data\processed\Allaple.A\03fe932de1a361a4aba9d8019052e126.png,2
data\processed\Yuner.A\0066e78b01985e878c64b4404cfdaed2.png,24
data\processed\Yuner.A\0727c0d1cc98bcf9a1a51c685b07e069.png,24
data\processed\Allaple.A\033fa2e8fbced3b08923636b09f3ed6b.png,2
data\processed\Yuner.A\08542a1a1d4ab714f874c8cf262413ae.png,24
data\processed\Allaple.A\006a83f068f93651de816f3e702742b8.png,2
data\processed\Lolyda.AA1\009130d6b933476073c31050b0364056.png,12
data\processed\Rbot!gen\1c019b59a436aa910ab885d3fabfe50f.exe.png,18
data\processed\Allaple.A\07c70116997ecb7195d8c1c51e31e8a3.png,2
data\processed\Allaple.L\00b3cad92049609ea0d9b8a59f444561.png,3
data\processed\Allaple.L\01e435bf3be173f617de90ffe75feffb.png,3
data\processed\Rbot!gen\2a78d50df96b57d3517d4c89f5319c85.exe.png,18
data\processed\Allaple.A\070c6cd161f9e11bff676cedea812a89.png,2
data\processed\Agent.FYI\07903850d930c6e99b412681d7f410e6.png,1
data\processed\Allaple.L\084b8539c8c274e75b528e91307d06ef.png,3
data\processed\Allaple.A\009a7ca446085cedbe93852ef0574f33.png,2
data\processed\Adialer.C\03143ce483120e262ee4cfc55e2bf922.png,0
data\processed\Dialplatform.B\05aa415fe45ba4350611a00e731819c5.png,8
data\processed\Lolyda.AA2\002bd6fb8328257e3906d624209f9d17.png,13
data\processed\Adialer.C\016c7f5afe638984bf308753e9ee9e6f.png,0
data\processed\Allaple.A\061602dabe733c1fb0c9064a18a33d08.png,2
data\processed\Allaple.A\07e125a08202bb23ec2fb9984dafe655.png,2
data\processed\Allaple.L\049a7f9c0d1763c2f53e48b8b1dc6b58.png,3
data\processed\Allaple.A\067b424d283f0ea7f06adfab4e3c28e3.png,2
data\processed\Malex.gen!J\05897a12a17bc9a6c0cffbd81ec30ae4.png,16
data\processed\Instantaccess\049f06ccbfcfbd030d5ef641ca16a2a8.png,11
data\processed\Dialplatform.B\0164622d36a37e32b67eb943097265a1.png,8
data\processed\Allaple.A\0071a55148ce1dbdc9de9a1e00b8f152.png,2
data\processed\Adialer.C\059dd9d6063f9281f8f52fa62d4c533e.png,0
data\processed\Lolyda.AA3\00a48575a427421077c2f6ad7a958b3e.png,14
data\processed\Allaple.L\06ad4bf9cd412688d616e1d0cfe120d7.png,3
data\processed\Allaple.L\00132cf2f756f5b6047b2093c103791f.png,3
data\processed\Allaple.A\04194f120d5f0d1d556d5a99cd3ccbba.png,2
data\processed\Yuner.A\05417c48fd94b9a0fe2a0442c0f37ddf.png,24
data\processed\C2LOP.gen!g\045760ab036536766fad0b2ea0f020f0.png,6
data\processed\C2LOP.P\01fb88410ec98fd2f8b6a57c51dec1b8.png,7
data\processed\Yuner.A\08a76fe7517aca8a28ece24684855d1d.png,24
data\processed\C2LOP.gen!g\0776ced607b2d9764e226fc45e7c109e.png,6
data\processed\Yuner.A\0511e460eee9843502ca3072ecaeea61.png,24
data\processed\Allaple.L\013cc166e3aa97cec3abe7dfe6779b78.png,3
data\processed\C2LOP.P\089f5709583c99c9db3f1e56a5d58971.png,7
data\processed\Allaple.A\06e617d80f03db39f1d585780d6121b6.png,2
data\processed\Allaple.A\088add9177b6fe5f9490e6b69579d71f.png,2
data\processed\Allaple.A\030c01b7318710178f854e6cf9133b3b.png,2
data\processed\Fakerean\06982d667d6d3c85ab27174316e1ec7f.png,10
data\processed\Allaple.A\015b67d0b194715eabf089ae4cf9f9de.png,2
data\processed\Obfuscator.AD\03a5e391c7144621ba417b7987168bac.png,17
data\processed\Allaple.A\0319504eaea1d5319e4ea8415513cc2c.png,2
data\processed\Fakerean\023a2cb86553ad091995bb14e2f0fd33.png,10
data\processed\Allaple.L\0099bef3238d4c6cfaf294518de79398.png,3
data\processed\Allaple.L\05086aa26480ac71a9a4c3b980db1a26.png,3
data\processed\Allaple.A\050332ca0552713249ec9cef26844b3a.png,2
data\processed\Skintrim.N\001a5ba25fa5de14c947428476afc551.png,19
data\processed\VB.AT\009b8f68381534ea65c61251d6f1a607.png,22
data\processed\Yuner.A\035af18f14379f62b69e80eac9539c80.png,24
data\processed\Allaple.A\065f27a7a3768b3c63d77344f27bc0c4.png,2
data\processed\VB.AT\02216608767fe2abbef3565de19fd2c2.png,22
data\processed\Allaple.A\0487d049e99f03ff420562800942f5ae.png,2
data\processed\Allaple.L\04d00c70a6814e3ba76021c9ace90c2b.png,3
data\processed\C2LOP.gen!g\0826399443696f2f1202bdc42fc90127.png,6
data\processed\Allaple.A\088690abeb321c76dee1da1e118d4b76.png,2
data\processed\Allaple.L\03f7a5d8ea2cccf3aa85812815cc125e.png,3
data\processed\Instantaccess\0094339c088dda97f9e45412adf6bd15.png,11
data\processed\Allaple.A\007b85d45f66894bb03630d120cdfae7.png,2
data\processed\Allaple.A\052303028c90882914648d4843d15d19.png,2
data\processed\Obfuscator.AD\078cc4fc088ea0bd3ca4e9b64a0290a0.png,17
data\processed\Dontovo.A\069794c12e0af3fe647df2c5261a0285.png,9
data\processed\Lolyda.AA1\001a751176fb48f84d320651f23a7d21.png,12
data\processed\VB.AT\053d187734ac03574d1e313e2c55c680.png,22
data\processed\VB.AT\00b5f516333a918f321b5dbda5bb5b38.png,22
data\processed\VB.AT\042dc1a56804c54f6cfc6d1405103d59.png,22
data\processed\C2LOP.gen!g\00ef0df069582a2126bd97e32b726ab6.png,6
data\processed\Allaple.A\035e3dd2c50c70c0791f0ea8c0669461.png,2
data\processed\Allaple.A\083c372141b06fb392feb81e070ed1c9.png,2
data\processed\Allaple.A\0070905699493074e04bd70fd32ee925.png,2
data\processed\Allaple.L\05030ea93133f1045650b7f53a5f5b0b.png,3
data\processed\Autorun.K\079b7d7e7069be9404065a0cdd3dddc4.png,5
data\processed\Lolyda.AA1\00ccb74172db09ca2682021d75f8cf70.png,12
data\processed\Yuner.A\00f44fc25d0fb1520f81d3e51e9d144e.png,24
data\processed\Allaple.A\048ec8abfb2583ac6c94780c28bdf905.png,2
data\processed\Malex.gen!J\05de36b49e2455b86b81e28acfb67d26.png,16
data\processed\Allaple.L\051ce9b9752929b133419cf48b52cc48.png,3
data\processed\Agent.FYI\009dd03a0e59d5d94cf5a787c1ee3017.png,1
data\processed\Swizzor.gen!E\077376db808fc64057a05922724f9ad7.png,20
data\processed\Allaple.L\00d28618f35dc8393f45c902c1d556a0.png,3
data\processed\Alueron.gen!J\08add37e48066301bcfcb4ecf9e73cae.png,4
data\processed\Fakerean\0898242d976be81fd99e38242d3cc9d1.png,10
data\processed\Allaple.L\00b26f22019f143f67e42a221a7543e6.png,3
data\processed\Allaple.A\073bd44167cd1a80a2a250f63fcbd348.png,2
data\processed\Allaple.L\0067ca357228064b5f7d36036a65e417.png,3
data\processed\Fakerean\07d56370ba4a4b845cb30502c31ac221.png,10
data\processed\Allaple.L\0740c1022b6adc1d8a21cc1e232c2cdd.png,3
data\processed\Instantaccess\00d7b1070dc3faaec4cacd992216f043.png,11
data\processed\VB.AT\038e97c481778e2917f6dcf0bac11f7a.png,22
data\processed\Allaple.A\04a81149ee56db02b9353c230adb7d47.png,2
data\processed\Allaple.A\03d8ff18339712ae91e61d29782c8a5f.png,2
data\processed\Yuner.A\0135f7f85f93c6c94c484fe4c0e658e6.png,24
data\processed\Allaple.A\03b15069092b0a4c56cd354116834bba.png,2
data\processed\Allaple.L\043220e0c34a6f017cd0c52db6ebb6ff.png,3
data\processed\Wintrim.BX\00e1812a1354a133d7c861253602e68f.png,23
data\processed\VB.AT\00c094fd3476b24baf9b96d655639087.png,22
data\processed\Lolyda.AA3\00b5a64976897c6566783cfb1861d53b.png,14
data\processed\Allaple.L\03abe68451d4a485d3e7853b67c162eb.png,3
data\processed\Dialplatform.B\089d683cb6981775972c9a1eebb8a72a.png,8
data\processed\Instantaccess\05bca9899593ea58cf9b7476f6fef0fd.png,11
data\processed\Lolyda.AA2\0004ec66d9b8b8bfbf198e411f301eb9.png,13
data\processed\Allaple.A\03a29591eb3b1f0b5b6ec00ff5f6a55e.png,2
data\processed\Yuner.A\052a01531bd2976370bf185db92a5352.png,24
data\processed\Allaple.A\059748c821974ac3d2da438862d941a5.png,2
data\processed\Allaple.A\08a8998bfd1b83c264ebdfcf1b722890.png,2
data\processed\Allaple.A\050f96d5b973acf14994f14938649294.png,2
data\processed\Yuner.A\01b457d982484c88d847bcd2842cd1eb.png,24
data\processed\Swizzor.gen!E\036cdc76018212adf2278f5b16f1301d.png,20
data\processed\Allaple.L\04f15a46a1939eaf91affe32f8bae4e8.png,3
data\processed\Lolyda.AA3\006d5db80355de24e7e02308aa748526.png,14
data\processed\Allaple.A\06276a3b0cf9d41e4849078fa8aad0e9.png,2
data\processed\Fakerean\00f0b95debd4bf8f5caf94b81bb18d36.png,10
data\processed\Allaple.L\05bf1e5dfd0f9152f48ab5dc7156e91f.png,3
data\processed\VB.AT\04e899d262d5ca987d49d11196c54fbb.png,22
data\processed\Swizzor.gen!E\039b9dbc179492599ccdb5d187f74f91.png,20
data\processed\Allaple.A\041bd2c6e48f8b8b43563c877eab3628.png,2
data\processed\Allaple.L\077a50c03219f8db3c0ee107dd8005aa.png,3
data\processed\Rbot!gen\dc326c89224ac0cdee70aa6d9f2e3af4.exe.png,18
data\processed\Alueron.gen!J\0723ad3271ff9f397c78baca46446b2a.png,4
data\processed\Allaple.L\0790bacdf1d783700fd633e0fa25a26a.png,3
data\processed\Allaple.L\04b942adb36d6cf74f62b523fb67db39.png,3
data\processed\C2LOP.gen!g\04bd14db76132d4bdbb0edf9763b974b.png,6
data\processed\Allaple.L\0185a61b34fa4e2f74808c4f1b744ae3.png,3
data\processed\Allaple.L\0066a0937e6b0bd114b59c26d409606a.png,3
data\processed\Allaple.A\062479305e423ffb43ad72d9a68b2286.png,2
data\processed\Yuner.A\0708a28a0f6ed0df7dacd8713662827b.png,24
data\processed\Allaple.A\057d274eaf394d394168da5c080de61f.png,2
data\processed\VB.AT\01722c6c5fedadcb053e66595c13273d.png,22
data\processed\Skintrim.N\000ed4e84217b700a03fdd3bcb96d926.png,19
data\processed\Yuner.A\04f0697da69a8c160baf7f56c5780d9f.png,24
data\processed\Fakerean\07d75e8f1201d9301880b5e34c33580e.png,10
data\processed\Allaple.A\041e17cbd388be0d7df6bcd9aa871735.png,2
data\processed\Lolyda.AA2\001dc06484591bc5eace9d261c451e31.png,13
data\processed\Swizzor.gen!E\0849a95894356011a262ee9d6de134fd.png,20
data\processed\Allaple.A\0504e04e6470b5ef0dd7a69439a67992.png,2
data\processed\Allaple.A\07d128d376cddcc1ae2efa999dead09d.png,2
data\processed\Allaple.A\06eaa8a80943b7969780cf008011fafa.png,2
data\processed\Allaple.A\03e48bd2a71e343ead41e790a6bb94cc.png,2
data\processed\Lolyda.AA1\0099c3c7d6f40e6360b04eb44af0f957.png,12
data\processed\Allaple.A\003803dbaab02a969cae7aefaa6c0255.png,2
data\processed\Allaple.L\0341c3dffd597c8a4494e69ead7a5934.png,3
data\processed\Allaple.L\08b3ffa5e220c7969b896010c1cdd6f2.png,3
data\processed\Allaple.A\087c5aa4d3fdc74df37612ff48dff20a.png,2
data\processed\Dontovo.A\01de387e0b58c1a237c8dee6c17b0ee2.png,9
data\processed\Allaple.A\0542bf9dba3ea56d7e2101c48570740c.png,2
data\processed\Allaple.L\03fbdadacd37e509f7bbd29f8d00b56e.png,3
data\processed\Swizzor.gen!I\0082442611dc0259bd60b16156c84085.png,21
data\processed\Allaple.A\00e8d98d3ea46d82698c915b7abe663d.png,2
data\processed\C2LOP.P\0856008b55b46741446d285d1fb9c8e8.png,7
data\processed\Fakerean\06d270372f96cb495acfa9b572874a08.png,10
data\processed\Wintrim.BX\0067ad9bcb06e4fc5b5303f15472b229.png,23
data\processed\Allaple.A\0707f3d8adf785281cd8e3f6f776546f.png,2
data\processed\Lolyda.AA1\00184133dec379c07e0892e174d0b3ee.png,12
data\processed\Rbot!gen\2ac5e2ce763f4f16043efbfbfa5943cd.exe.png,18
data\processed\Allaple.A\031ed08a1d54ca2280ab2cd78e63e2d1.png,2
data\processed\Yuner.A\0022817852e5fbf4ea8fb2c89cbab7fd.png,24
data\processed\Yuner.A\073948811a32e8caae58c667cad58000.png,24
data\processed\Allaple.A\0409f376e9a85c41a4874f7474cad77a.png,2
data\processed\Lolyda.AT\07b91e51cbcb3db5b8f7eb732de960ea.png,15
data\processed\Yuner.A\07ee8283dbe1a05f535c9ca37fc4d140.png,24
data\processed\Obfuscator.AD\0808195ddfc6b432cc9b3329a0b56266.png,17
data\processed\Allaple.A\04e9bf99faad7fbbf016b30d401af6df.png,2
data\processed\Allaple.A\0761ec96aa8d48c54f11897da5d647ca.png,2
data\processed\Allaple.L\056ecf71e806ccf0f054b4dd0466f03c.png,3
data\processed\Yuner.A\05236385120cf22921180adc6a91e9f9.png,24
data\processed\Adialer.C\01fac2472eab8532d8f5951ff48637d4.png,0
data\processed\C2LOP.P\07b4d5f6bc5ddfb5b461482b088dee6f.png,7
data\processed\Allaple.A\01674805505526b78d2314cad7c97f08.png,2
data\processed\Allaple.A\03f0388e7de47b5d938791dfcb6b49f7.png,2
data\processed\Lolyda.AA1\0080bb69c78ba7ee337a910f7ee93dfd.png,12
data\processed\Allaple.A\084992f83a7ef3256648d948ba7fab0e.png,2
data\processed\Fakerean\0408806ea62a9e98b600c2a537468ea8.png,10
data\processed\Swizzor.gen!E\07e8329ec9c3497c98765348a100f840.png,20
data\processed\Allaple.L\05e8fe614f72cb4b62eb78b51d8cf59a.png,3
data\processed\Allaple.L\01ae9544df1adaee1e99e706785e6be0.png,3
data\processed\Alueron.gen!J\06bcc1b7c2f7521a4d6c61e56abb5ff1.png,4
data\processed\Autorun.K\0441d011b222a276407070e1b4de87da.png,5
data\processed\Swizzor.gen!E\04b0a72233a326d79ba918b19f254084.png,20
data\processed\Allaple.A\04dd62393545dabf9559b784ee966600.png,2
data\processed\Allaple.A\03169c2df4e86b62df2c982f5375198c.png,2
data\processed\Alueron.gen!J\01cbe2a1fd7f6eb62092e16be5d72e89.png,4
data\processed\Allaple.A\007c2413bc08726683940f57860fd045.png,2
data\processed\Allaple.A\085614b63e2c2281c6605b38d92dc157.png,2
data\processed\Allaple.L\0010a09c2522ad9ade4c91e5c0a9d7b7.png,3
data\processed\Lolyda.AA3\004da99437f882413eddf5be7363b57d.png,14
data\processed\Allaple.L\0414d35400c1798064cc7a1f25f516c7.png,3
data\processed\Allaple.A\04e5ea7a19e2e7c439f28111c20e16b4.png,2
data\processed\Rbot!gen\00272d43fffda015e50e882c369f3d19.exe.png,18
data\processed\Lolyda.AA2\00e96faf9512f9ceb8baa148ea9a0a0f.png,13
data\processed\Obfuscator.AD\04ad827c7370b3c479c713cff2e38ae2.png,17
data\processed\Allaple.A\07b8c6aa627d1145e3d7ad4f4b15ada9.png,2
data\processed\Allaple.L\0002ea01fb140312593c3f95e534038b.png,3
data\processed\Skintrim.N\009f2ff6197f32c6c71b7d50b93619ef.png,19
data\processed\Lolyda.AA2\00cbdc0daa75563920c2930f4cb34b30.png,13
data\processed\Allaple.L\003a74136367a331c04d48fd5e0fa851.png,3
data\processed\Adialer.C\0870aa305190647968d7e0250491ea73.png,0
data\processed\Allaple.A\0577adf00ed40bd8bc5c74f1103c7a5f.png,2
data\processed\Allaple.A\00000d3e89aa9d228251616ae7a6ab06.png,2
data\processed\Allaple.A\010d9bd2bc6c87475d8c8dbe90789802.png,2
data\processed\Allaple.A\0515ad11b2bce636acb57f8bd2cc4072.png,2
data\processed\Allaple.A\0395c9830d15e8a070ba6a0e91ab06f2.png,2
data\processed\C2LOP.P\00e6b897313f5159bacd52c1ec122dcf.png,7
data\processed\Dontovo.A\0883947e61e6c330d93395654519bc58.png,9
data\processed\Obfuscator.AD\072f8817b13fccad08161bd598297c30.png,17
data\processed\Allaple.L\04cbca28ab3f26ca995d03e2465df38f.png,3
data\processed\Rbot!gen\cb18cd30e1aee9a78523e062531ac43d.exe.png,18
data\processed\Dontovo.A\04dc0b558bf16ef2b6d6b1661a64cbd4.png,9
data\processed\Allaple.A\084ea2171e5094ad53148aa1bd53362f.png,2
data\processed\Allaple.A\06c844df711a2839fdef20b5cfaa35d2.png,2
data\processed\Allaple.A\0063f29eb65592041b8bab22173b5abf.png,2
data\processed\Allaple.A\07d54afad95bc473bd4f2dd39ae1b354.png,2
data\processed\Allaple.A\03b91145fbb68627898a40e12e290838.png,2
data\processed\Fakerean\075b7e689fd7cd9cdeb4b96327237d87.png,10
data\processed\Dialplatform.B\0675c0c82a178c0cddb6fdb41c0bc776.png,8
data\processed\Allaple.A\01b6e589c256c6df40765328da6c4e4a.png,2
data\processed\Fakerean\01126f005d28fc9800a308828705aad2.png,10
data\processed\Yuner.A\00e58b3b2b768bf7eee166fde56b965c.png,24
data\processed\Lolyda.AA1\007c3aa417fe1fa4bf1ac483883367da.png,12
data\processed\Allaple.A\084d479b75d1788b2fff535f195f2c66.png,2
data\processed\Instantaccess\03c6c13abf5d99e6b5a9b32d577038ce.png,11
data\processed\Adialer.C\017725cddacd791b5f4df0269f469e9a.png,0
data\processed\Lolyda.AA3\002ae5d8055327c0ffb1ec6a58606670.png,14
data\processed\Allaple.A\002b55a68bb77d4e9bde80b71385c17a.png,2
data\processed\Allaple.A\00f971e69aae4ccd38f7edae05aa5314.png,2
data\processed\Dontovo.A\06b81835efea73c6a6bdec37cacee229.png,9
data\processed\Allaple.L\06c329e2b17cb27a1850567e7663c17a.png,3
data\processed\Yuner.A\05a7516297e7ee706f8452f7a661adc5.png,24
data\processed\Obfuscator.AD\055fb58a73aa4b9eaf81986b250e90ed.png,17
data\processed\Fakerean\00063e897b934a3adc276903243301bd.png,10
data\processed\Allaple.A\075481f4b64d30f3b0761062dc855e45.png,2
data\processed\Yuner.A\004501155caf277dd9c5c981873e735a.png,24
data\processed\Allaple.L\01464a7241775e3efd6e682c11798693.png,3
data\processed\Allaple.L\0764124688897c636c954844b25ee6e8.png,3
data\processed\Allaple.A\006e9c381568f3fcf7b6e9d6d95f2cc7.png,2
data\processed\Lolyda.AA2\00a1038a6bbe321ba7e3538b2b972d31.png,13
data\processed\VB.AT\0527e7745ed937831a983ebaadc31f98.png,22
data\processed\Rbot!gen\5a0c0b6123dcf2c3662c6a65624cca57.exe.png,18
data\processed\Allaple.A\05e7912d8cb07865ce7128824c6b116f.png,2
data\processed\Allaple.L\082ac973d2dc624e899432b9ca4c5495.png,3
data\processed\Allaple.L\00fc92802f6876ae0aeb9079e113f917.png,3
data\processed\Adialer.C\06265e338245ba9efefd4fbfb3d4e9dd.png,0
data\processed\Allaple.L\059d5a421336cb6997929aaf24dfd54a.png,3
data\processed\Allaple.L\00f3ba73044739df770a35e68951d988.png,3
data\processed\Lolyda.AA1\00f6962b7c32c7bc16b523cd94303722.png,12
data\processed\Fakerean\001360f1570f9143cfa75fb8db6226b3.png,10
data\processed\Yuner.A\00a33a8708cf38ba264115f8df0d06c5.png,24
data\processed\Rbot!gen\6c84b2c247cbc82a1adeb4c9a172c15b.exe.png,18
data\processed\VB.AT\00d3faeda1178cddfe1b8e64df4b592b.png,22
data\processed\Dontovo.A\0597e3f0dd6c407e67f65dbbd3b8d13a.png,9
data\processed\Yuner.A\070edaaeb14c5381e5595059b7b1cdbc.png,24
data\processed\Allaple.A\03463026a05affb36048f888b390ef26.png,2
data\processed\Allaple.A\000aae122eba7045f7a9e4a6f729d755.png,2
data\processed\Allaple.A\04dc56107b75a512ea16ec06d580e3af.png,2
data\processed\Allaple.L\00985e714989353eb85b6b5ea51d08b9.png,3
data\processed\Allaple.A\03b7a83dde1f1c89ad982987bc1563e2.png,2
data\processed\Yuner.A\0031af9f9cdde69805f2f5428cad32f3.png,24
data\processed\Allaple.A\07bc961eea4247a06bd611c372a210f4.png,2
data\processed\Allaple.A\05af5fa5e0c4e6d918995e34bdaa8c4c.png,2
data\processed\VB.AT\00972bb0cd7cfd82b4d8698b8fcb4c47.png,22
data\processed\Allaple.A\07996f87b0b68d2209a28cff5dc75adc.png,2
data\processed\Allaple.L\04945dc536dbe3509024e0e7029828d3.png,3
data\processed\Allaple.A\035face828bad141b898ecefa6059d55.png,2
data\processed\Yuner.A\00acd9157467012dce0a772236a092f9.png,24
data\processed\Dontovo.A\04867323eef1e27a3ac168411dc0b355.png,9
data\processed\Allaple.L\064963c8be32ffd88cb493c5ee06f40f.png,3
data\processed\Allaple.L\03b8f26166fc6ad964c0f874729f6a92.png,3
data\processed\Lolyda.AA1\000f03b210bda3150d7c6b663112cf1d.png,12
data\processed\Allaple.A\0197c34ba3eaeee1255e4acf1daffce9.png,2
data\processed\Allaple.A\05c1bd2d5e046cb624e0144e5d726fba.png,2
data\processed\Allaple.L\0801e87c9574623d78c95ac479e4e017.png,3
data\processed\Dialplatform.B\0515db4432aa66c9ffb3e8eade1d6f1c.png,8
data\processed\C2LOP.P\01a5bc0b668190c4fe2725a83ed55b24.png,7
data\processed\Allaple.A\032eb52017f54ccdc9f954dcc9456154.png,2
data\processed\Allaple.A\052fe631d54339506542c0e24cb7392b.png,2
data\processed\Allaple.A\03d5718ff598c6b10bd9fc73a6cd0912.png,2
data\processed\Instantaccess\05bcf4e687a14b8301ca46fc4cf28adc.png,11
data\processed\Allaple.A\033b6e5ebac01faa3bcc677442264446.png,2
data\processed\Allaple.A\0771b1cd7224e3f2e1ab715131ba90dc.png,2
data\processed\Instantaccess\035dce02d42f4902fa0a4d91ecd35150.png,11
data\processed\Swizzor.gen!E\040ed15b004551e006dc7d705627ce0a.png,20
data\processed\Allaple.A\0554594f6345b68086320da33ca1d7f7.png,2
data\processed\Allaple.A\00954b327eddda13b4a3bcf527a4129f.png,2
data\processed\Allaple.A\05aa565acfdc5772d0a2129065443f39.png,2
data\processed\Allaple.A\00d92db2ecdf2f755f7d2d2ed5d70bd7.png,2
data\processed\Allaple.A\03846608b26d77f0c0e123c309f3ad8a.png,2
data\processed\Allaple.L\0070db74664b8bf53df13f97f7cdfc0d.png,3
data\processed\Yuner.A\01fc54afc3f8e13812be099d50d85a63.png,24
data\processed\Allaple.A\045222e8be6a5d8a249d9b0ab2a93d34.png,2
data\processed\Allaple.L\00c27e3da51107de1a65bccf1b51d61f.png,3
data\processed\Fakerean\048086737bcb1ceabf285ba1cfe3a98f.png,10
data\processed\Allaple.A\01a592f19ca008cc442a2e73ce8a3ebf.png,2
data\processed\Allaple.A\0318a6cdf888d30153ac573f07f56806.png,2
data\processed\Allaple.A\03ffac06bb079ba2af823cd4e8b6116e.png,2
data\processed\Allaple.A\032fdf1ec696990cc0f5bbdfd7e81448.png,2
data\processed\Yuner.A\001f38bee8543b0444b3659c7871bfe8.png,24
data\processed\Allaple.L\0142f178d0d2816daa02343472e63a80.png,3
data\processed\Alueron.gen!J\0720613631d482d14bfebbb30e1a5a77.png,4
data\processed\Allaple.A\012e78fb197cc1626e2628b0a0cd8b0e.png,2
data\processed\Allaple.A\074560a3ae8e9c014d15d0d02047c563.png,2
data\processed\Allaple.A\00a2c1dbb4fa40c0cae706d780e34cbf.png,2
data\processed\Dontovo.A\08752dd921c80b6955699884e22196ca.png,9
data\processed\Lolyda.AA1\00dd932cdacc92484e7a852876c4323a.png,12
data\processed\Allaple.A\036a71214b8578f1e4fee2fce127d4c6.png,2
data\processed\VB.AT\0202dad546d66ab58df5956e493266de.png,22
data\processed\Allaple.A\0710c929484e17b69da65166e06fc46e.png,2
data\processed\Allaple.A\017e85fcac0b61b5f936e6bd0f7fe558.png,2
data\processed\Allaple.L\07e87d6db47295093aa78cd09b414e8d.png,3
data\processed\Instantaccess\07c1211d75ea41771529cf0e672177ec.png,11
data\processed\Allaple.A\03a4c2efd9648fc1d5e131cf83619174.png,2
data\processed\Allaple.L\00b017d4a64a444195159d0b23e17e15.png,3
data\processed\Allaple.A\0734e97128c6f31c6e8c6767e0ab9840.png,2
data\processed\Rbot!gen\9d923c2a27ce15fcf0b297bc493c0ebc.exe.png,18
data\processed\Yuner.A\0175824e208ab7d980604fe635903a71.png,24
data\processed\VB.AT\0491a74b7c9427b4e004f8eb41e55985.png,22
data\processed\Allaple.L\06b401ba892a0ba0504947bd700eea60.png,3
data\processed\Allaple.A\033b7455c666a6e88e41a1869f6d8efa.png,2
data\processed\Allaple.A\00a2a91faca9f298a75b80122f910b3a.png,2
data\processed\C2LOP.P\04aec9257e391cda4deb333f647c387c.png,7
data\processed\Fakerean\06b3e961990502790d65496a73c8ab49.png,10
data\processed\Fakerean\0670189033381b5ef055ecc0e2d4a966.png,10
data\processed\Swizzor.gen!E\06a1b956fa927aacd7d5d23e60805648.png,20
data\processed\Allaple.A\0138b01a44eae7c84adb5787c00744b6.png,2
data\processed\Yuner.A\01e0defcf8c8bfcf913660b02fac971f.png,24
data\processed\Yuner.A\01c5344d8ef5b9e1f82a7029603dcb09.png,24
data\processed\Allaple.A\0700b36321d85afd6529485ebcfbfa2b.png,2
data\processed\Instantaccess\00f6d4ecdc908764a9e821e03f87edf5.png,11
data\processed\Alueron.gen!J\03ab73d206b3b9c53c5e7d8eff63a908.png,4
data\processed\Swizzor.gen!I\0757a054287b442f97ea305706d9e07d.png,21
data\processed\Lolyda.AA2\005796ecdd69b9bd7ae0b162e734a666.png,13
data\processed\Yuner.A\00e56824a9e110ac7933a4035fd63426.png,24
data\processed\Allaple.L\0035562f45679c14e56050fcd7bf4317.png,3
data\processed\Yuner.A\07828eb26255f8ff9f1550972338bb0d.png,24
data\processed\Alueron.gen!J\066a4eb402259a22dc17a6bec3ab77f3.png,4
data\processed\Allaple.A\03ecdc74d96ba7b079b18af6558c845d.png,2
data\processed\Dontovo.A\006181199edb789b86545299cee3e821.png,9
data\processed\Allaple.L\0049876485a83da3e5309c1eca8530d0.png,3
data\processed\Allaple.A\06b38718fc7cbcedbc74f23b7aee6bfa.png,2
data\processed\Rbot!gen\23a527a0d96622ca906ea13b47b92dd6.exe.png,18
data\processed\Adialer.C\06193160a2418d5c9a5894ca28ca8f0c.png,0
data\processed\Instantaccess\0040ef1b034d96a9059139cdc307523b.png,11
data\processed\Allaple.A\01d1d82357a3291bda1199aef154514c.png,2
data\processed\Allaple.L\07e1703482c2ad942a38287f5d15eca3.png,3
data\processed\Alueron.gen!J\053a1c15dcbf94f789027dbbf826c8bf.png,4
data\processed\Instantaccess\077c12e4c06d27e011d718c0c51068e7.png,11
data\processed\Allaple.A\03edd055e703c64e3b019b355c767c72.png,2
data\processed\Allaple.A\08193277727cd7ed83bbdc790582dfcb.png,2
data\processed\Allaple.A\049e93c79d3c3d090aadac9592dee1db.png,2
data\processed\Agent.FYI\08577c9735d6f918a0239544067be762.png,1
data\processed\Allaple.A\0500cc29dc47cb3be5fb3b5ab9ccfa0d.png,2
data\processed\Yuner.A\01c8371af942bb6ba909e47b98853916.png,24
data\processed\Allaple.A\019e9ce7ec65beaf0fee10a8de01d1a0.png,2
data\processed\Allaple.L\062a3fa68ff5915b1092bd2e2685f920.png,3
data\processed\Allaple.A\0474a0fb68bcc32db3690e2d69ad2f33.png,2
data\processed\Allaple.A\0133292b42145c2d48d54d7814e52bbb.png,2
data\processed\Allaple.L\06eb1d84446cd65038e5c6fcd1721e13.png,3
data\processed\Fakerean\07338b831785cbc699fbed0533f67f6f.png,10
data\processed\Yuner.A\00490c15cbf575280589eee0f83b7103.png,24
data\processed\Fakerean\07a55c79dc8fc0e78681b4a2050b4f04.png,10
data\processed\Yuner.A\056d6c005c62a52c6c280e1ea4584cc3.png,24
data\processed\Allaple.L\0840cc89957ad3d1f3a864ee3288cb23.png,3
data\processed\Alueron.gen!J\07527dded7ea809823194bfbcd61c449.png,4
data\processed\Allaple.L\0674a134a1ede6816de9b5d4fae3396d.png,3
data\processed\Allaple.A\088eefbe88d22761c3fa2236785d7909.png,2
data\processed\Allaple.L\08214b79d921e7c46a7b9f03dfb4d21c.png,3
data\processed\Swizzor.gen!E\04fed3d60c1225cbbb21b847f7c7ea7e.png,20
data\processed\Allaple.L\07ba80c9446bbdc7a4358d258866e758.png,3
data\processed\Allaple.A\069492b5d00c728cdb77a31db8c89a7c.png,2
data\processed\Lolyda.AT\0371a91e3a4f098440bc6d94330cd8ab.png,15
data\processed\Allaple.A\04b4116b684401860c62e09c9d664d85.png,2
data\processed\Allaple.A\07d2d5bfa6e7966cda2a87da65af333d.png,2
data\processed\Allaple.A\052b6268f23992b3e3c2f0c284064f3b.png,2
data\processed\Allaple.L\051589fc57310f793966d03b34defacd.png,3
data\processed\Instantaccess\06bfebf3d543e1ff925332d61a909bbd.png,11
data\processed\VB.AT\0788b5c0e6c6f6091b147d0b1454154e.png,22
data\processed\Allaple.A\0667a87193313b7bf979668b685dd9be.png,2
data\processed\Allaple.A\06ba4039ba0abec9e87abdad88c1f77f.png,2
data\processed\Allaple.A\06140d6ab6ec361a8f3285c3beabee58.png,2
data\processed\Fakerean\00bca831fcfb8b3936348ae4fdb9a465.png,10
data\processed\Fakerean\036b29b62cf83606a48a7856f5b8c7fb.png,10
data\processed\Allaple.L\04255f33aa053a0b4faa6d798108b9b0.png,3
data\processed\Allaple.A\01cc562d68ff7db9f2cf51fef78a16e1.png,2
data\processed\Lolyda.AT\01e84b8eafd6dd229773c71f78ebf611.png,15
data\processed\Dialplatform.B\01c959478e25816ac42f2851686fee1f.png,8
data\processed\Allaple.L\0644b36e3f57f7d12f29b7ea33906a3c.png,3
data\processed\Allaple.A\0731e8d6d58cbc63618837f9e80e7097.png,2
data\processed\Allaple.L\04c0cc9b7c51f485f3a95ed729454dd0.png,3
data\processed\Yuner.A\002333cba04f25fba692b7dac4c6eb50.png,24
data\processed\Allaple.A\077a5063c0e1bdd5412ececdb5cffb13.png,2
data\processed\Alueron.gen!J\00c8d9d6149199f4dde4a64279c63216.png,4
data\processed\Allaple.L\0762004a16633442940eb3e05fed9e28.png,3
data\processed\Yuner.A\08b0bf03f988fd2e1864e34b58713514.png,24
data\processed\VB.AT\06890153e6a8862a9985a9e9e2343092.png,22
data\processed\Allaple.A\054c6f13309ed8179ff08a60b1b25a00.png,2
data\processed\Autorun.K\00a53b82a0ebbbea57289e26000f95ba.png,5
data\processed\Allaple.A\0429eb0a42a0c9f5ebeaa52e56c45041.png,2
data\processed\Allaple.A\0823a48da41f00e06e82680299568d4d.png,2
data\processed\Dontovo.A\00e5037ea74c68a91834e4ad46d2e223.png,9
data\processed\Allaple.L\04122b12b6468b6bfc0cd55dc3efcf54.png,3
data\processed\Allaple.A\089471ef1ab3c6a736039a69b9509f16.png,2
data\processed\Allaple.A\016f26b10bb424cd0cc68e8edd01d6bc.png,2
data\processed\Allaple.A\0518369205de1b97bbcbfaeee0faf323.png,2
data\processed\Yuner.A\0059de368e7c7bdbe05de6aa3634968b.png,24
data\processed\Skintrim.N\00a3c6e9974becf91372394eab1ce50a.png,19
data\processed\Allaple.A\01fbcd025b9a9cb555bc56f1913dceea.png,2
data\processed\Rbot!gen\def65270397e14c9d3c889dbb61c6e60.exe.png,18
data\processed\Lolyda.AA1\00c0abd63aa97ad9e80f04f292b0cb08.png,12
data\processed\Lolyda.AT\0340a2746360b86374cd5911e974ae68.png,15
data\processed\Wintrim.BX\00c8829ac08f2bda11798831501239e4.png,23
data\processed\Fakerean\08420ccf3a0f53306eb22fa851e92152.png,10
data\processed\Allaple.A\0401c0db708e839aa3aa33ba54857195.png,2
data\processed\Yuner.A\019411b1008b1778c6494221281f0649.png,24
data\processed\Alueron.gen!J\0175f60cebbb2734e1c51ae08f2d29ce.png,4
data\processed\Fakerean\00685bcfdd06bbdfa3f57d953e4dec1d.png,10
data\processed\Allaple.A\058240adeb5ed75ebd8e5c55a7dc05b4.png,2
data\processed\VB.AT\0894ab8da2c3a967e8d67f4d291432fe.png,22
data\processed\Allaple.L\08065a0d24b61c5f33cf0604b71c347d.png,3
data\processed\VB.AT\02e16c2e098df4262b767b017dcb1b07.png,22
data\processed\Yuner.A\03cf594f791537d6bf42ec50fcf7c6d9.png,24
data\processed\Allaple.A\01f526fb759df003153498aecb30cea6.png,2
data\processed\Allaple.L\006b4d45e0d81691813ea49cf7322245.png,3
data\processed\Instantaccess\074ba0032df8c15f5d82972e5467d908.png,11
data\processed\Yuner.A\00246eab97afda5d26b804407f1c2b87.png,24
data\processed\Skintrim.N\0037fcbc215ccbb341772eb96e10c3a6.png,19
data\processed\Allaple.A\01a000cf7f26391c09acde6a23d262ed.png,2
data\processed\Allaple.L\087bf9993310ceb46be81db6240ec11a.png,3
data\processed\Allaple.A\049f93d97a77349ed236e45a3ca065ca.png,2
data\processed\Allaple.A\0147118c3d088e9c1c79b5910c7e0b9e.png,2
data\processed\Dontovo.A\049ba92e99d11e7c898a7a56f089870b.png,9
data\processed\Allaple.A\07e698759b9f8df2d5c8aa66764e54f6.png,2
data\processed\Allaple.L\01499a9f527e455e85734532643af009.png,3
data\processed\Wintrim.BX\00044ab15b432d7ea1466a980b06396d.png,23
data\processed\Allaple.A\0428d22c28f298fadf394d47f3d90081.png,2
data\processed\Allaple.A\0491bbadf0e9ae74335773ca6e19dfa2.png,2
data\processed\Autorun.K\01d3dd5cd0c2c5d08ab3d30d0930113e.png,5
data\processed\Yuner.A\0588429155ffe97b8f6bac7887af2a69.png,24
data\processed\Allaple.A\068dc06edc4c3934b2f3e95943a17373.png,2
data\processed\Agent.FYI\009e7574b74d409c82bed74eb41f1c78.png,1
data\processed\Allaple.A\051136624d214bb47921843a0868e93a.png,2
data\processed\Allaple.A\04ebf6ad8c125fd1927851ed601131d8.png,2
data\processed\Allaple.A\0762add73240db36b64e46957a2ff0b7.png,2
data\processed\Allaple.A\06862c6339e26fd10259b1a8f05ef2a6.png,2
data\processed\Allaple.L\038d03c5b26f58485df4e8c010b470d7.png,3
data\processed\Allaple.L\079814cd83b1150e707a4ef741ed1320.png,3
data\processed\Allaple.A\0642a070ca0302fbc68f02e065e10864.png,2
data\processed\Lolyda.AA3\0034e692f76896ec86f3a74eb4ea372f.png,14
data\processed\Allaple.L\0101d1724906694f956b8b42337a9f32.png,3
data\processed\Allaple.A\07ee3c0eecf56057ebaf1fb8e9eaf4f9.png,2
data\processed\Allaple.A\00b7dc5bd479e22beea8ea366634a7ad.png,2
data\processed\Allaple.A\05669892250c299a7fcbf2c94a80aad6.png,2
data\processed\Alueron.gen!J\0090cc9aceba78c906394bf701e8278f.png,4
data\processed\Lolyda.AA1\009cceeea66849cb6104bc376c312850.png,12
data\processed\Allaple.A\081669ca686354174462c9103238efa9.png,2
data\processed\Allaple.L\0302fe3807f3aa48ce331e3140e5e0f6.png,3
data\processed\C2LOP.gen!g\00aaa748d32b4ac5953fee3c01db1fb4.png,6
data\processed\Allaple.L\03bfda762696e9136381461f8a5b0fa6.png,3
data\processed\Allaple.A\08591187efd974428cd877e2e5ff112b.png,2
data\processed\Allaple.L\08498b46b21d2392531aca139a5b9584.png,3
data\processed\Allaple.A\0022948041c678609fc3a93fcaac37c3.png,2
data\processed\Lolyda.AA3\008d378867463e92da2dd16435351127.png,14
data\processed\Allaple.L\0673facdfa5020744483cc18808dfad6.png,3
data\processed\Fakerean\00e02baea64fa0920b3a8bba062564a9.png,10
data\processed\Yuner.A\05348fd6b8ccba10e307e984077aad53.png,24
data\processed\Allaple.A\07e6e4575e7c0e5edae7f5e683a4b230.png,2
data\processed\Allaple.L\0469997f8bf278618cee619b33579d1d.png,3
data\processed\Yuner.A\00d64e7bb56847d1f938cd3067fa668c.png,24
data\processed\Allaple.A\04a2fa9cffcd7561dabe383b2cfe3f12.png,2
data\processed\Alueron.gen!J\03ca6435225525a60702bcb7ca4ab7b7.png,4
data\processed\Lolyda.AA3\00463a4779eb7a41114d25f06ba971ec.png,14
data\processed\Dialplatform.B\01322ec7921aa1136774843a2374aeda.png,8
data\processed\Allaple.L\0861cf190f8116cea48577cfa48ddeaf.png,3
data\processed\Allaple.A\061e93b8581b56b2d60338653e5c6952.png,2
data\processed\Fakerean\014f8da05422c22390aebbb2f5ae2a4b.png,10
data\processed\Allaple.L\01b89fa8d43066b8b119d6edc9855ddd.png,3
data\processed\Yuner.A\000f036b78a7f9241df2b7b52da84c70.png,24
data\processed\Allaple.L\0077d0f14f7bfceee638d4ea95b78e70.png,3
data\processed\Allaple.A\03312f436fe4176a2b952aea99d5cb20.png,2
data\processed\Allaple.L\00c9bfba34c2b23a418926f48438c7ad.png,3
data\processed\Allaple.L\0356b644b60c968e1dd29292af35e33e.png,3
data\processed\Allaple.L\03c6f45f241c375c809bfbeb968c606a.png,3
data\processed\Allaple.A\000ac84c842dea48829f1081f52076c0.png,2
data\processed\Allaple.A\0692f70732b8c38bf2689e8a11235c2a.png,2
data\processed\Wintrim.BX\005f3a1bcc1120dfde4de815097de6d4.png,23
data\processed\Yuner.A\0814befedd8c789a9fae2ca309348ce7.png,24
data\processed\Dontovo.A\08249787bfe9707036baae2dd1f32060.png,9
data\processed\VB.AT\01fbe58a9d220b3cf714822793886f30.png,22
data\processed\Allaple.A\0195364edf6c8d553d671a893f33d4f7.png,2
data\processed\Allaple.A\008b2d05ffcdf169dbb898fd01a486b2.png,2
data\processed\Allaple.L\06376f2f27a23b89c96de983ffe3521f.png,3
data\processed\Allaple.A\04fd52fad1f040dd79742545a75323e9.png,2
data\processed\Allaple.L\08432c319de37d3f2173d3591022878a.png,3
data\processed\Yuner.A\0664811c31231dcc19857089b45a85cb.png,24
data\processed\Allaple.A\0095b5b5f1d56f26afd6dedb81a1f824.png,2
data\processed\Lolyda.AA2\00c0d346e3666f39b2ba46957dfa96e0.png,13
data\processed\Allaple.A\03408099be49f29e2628bd2977398a50.png,2
data\processed\Fakerean\00c14b26a5127b8e8c3319bec80aae69.png,10
data\processed\Fakerean\0432e1f0171c0e2f26b02df497ee1c72.png,10
data\processed\Allaple.A\03b3852be955beebbb16a438599ba03a.png,2
data\processed\Lolyda.AT\0820909da13ec06646c66fc2f4c84fd7.png,15
data\processed\Yuner.A\00e3d96f45f43d9ff466de9ad6e3bade.png,24
data\processed\Lolyda.AA2\0070da7d76d11e3fe631ac40a8e83dd7.png,13
data\processed\Allaple.A\03a895ce9e561ae3d3a7607f26998b86.png,2
data\processed\C2LOP.gen!g\048c2c47bef348cc58bb1da6d4b8a84f.png,6
data\processed\Fakerean\0607256afa3623cf11097ce2ec2b73bc.png,10
data\processed\Autorun.K\04d65e5eaf80a441cec3f20380bc80fa.png,5
data\processed\VB.AT\06131d1b8bb14ad885e8f8010945ef99.png,22
data\processed\Allaple.A\01456f2dbf2dbdf528ab7a760e213e02.png,2
data\processed\Allaple.A\0086791fe9e29c0ea84d3a6ca2a68e94.png,2
data\processed\Allaple.L\03d3c472b4265a4dea5467d9f6683701.png,3
data\processed\Allaple.A\019d8a0f6449a72cfdf2352756bf0da0.png,2
data\processed\Instantaccess\0866b45311583b38fa41bcce10b9057c.png,11
data\processed\Lolyda.AA2\00b433d06e1fc40ad268a22ce693625f.png,13
data\processed\Allaple.A\008debf30d59f94383dc3a7b5ba02480.png,2
data\processed\Swizzor.gen!I\0481054267a27faa670648ce74eb31d6.png,21
data\processed\Alueron.gen!J\0842a626308689701d90eea26e65ed78.png,4
data\processed\Allaple.L\01b4c1d908a27168f85b5123878c6d06.png,3
data\processed\Agent.FYI\07e7a5ae8d2f90be315fede789087980.png,1
data\processed\Allaple.A\0826d8f5c27fc01bdc92831f99a69950.png,2
data\processed\Allaple.A\012d6bff6e859770a3e2a566ddc53548.png,2
data\processed\C2LOP.gen!g\021a9679cea6a1540e1bcd1c38c5837a.png,6
data\processed\Allaple.L\05ad3e50f8c15142d10d542c28390201.png,3
data\processed\Lolyda.AA1\00e57f6bce02fade3c0f44545f9d6440.png,12
data\processed\Allaple.L\07d69a17f4bed1bfe473815e729dcf46.png,3
data\processed\Obfuscator.AD\03041660e8c4720a808c025c845fa419.png,17
data\processed\Allaple.A\0566566269b57ebb968343567da190a2.png,2
data\processed\Allaple.L\006aa76dae8ee2d994708ce506551533.png,3
data\processed\Allaple.A\031346f144c0bc8cdbe951caf5361bd6.png,2
data\processed\Dialplatform.B\0067767ec61d7300764109af78c6a5f3.png,8
data\processed\Fakerean\05bc7cb211f2aec39c34a9034bbf6c06.png,10
data\processed\Allaple.A\033d14c462f43c7c73f0d2fd086632f3.png,2
data\processed\Allaple.A\07a5e48481d5014f307c5dc27724d23e.png,2
data\processed\Allaple.L\0883d09bd34e4ea22774a3fd8fb15a58.png,3
data\processed\Allaple.L\04865796d0c534bf48707c884708dbf4.png,3
data\processed\Yuner.A\01b209bb574261d5043f359385ea064b.png,24
data\processed\Allaple.L\0771529795203590796f61803914b3f5.png,3
data\processed\Allaple.A\07609d644b1103d721233f2b2d0929c8.png,2
data\processed\Dontovo.A\074095a3128a95459a692d90c0bc6aad.png,9
data\processed\Malex.gen!J\060b47a566f712ccc4fe2e3798ec6a3e.png,16
data\processed\Allaple.A\070d93a7f1b1f4a6f11689cb25cbd6b8.png,2
data\processed\Yuner.A\058a417cfc703adc0c4a5954c6150d8f.png,24
data\processed\Allaple.A\0627002d95f001c8212778ba85f1c3df.png,2
data\processed\Yuner.A\00863ee834fbe456c241e32ca2e1201d.png,24
data\processed\Yuner.A\06a6029efc2154a96c83082f77832099.png,24
data\processed\Lolyda.AA2\00e2cda92b2a49cb23c7541112f662d3.png,13
data\processed\Allaple.A\051d401b1cc6697c7723e3aba9e7cac2.png,2
data\processed\Yuner.A\040136ba4c2ffb545ad90c675c32d837.png,24
data\processed\Instantaccess\0579970a5d04e5634a10676b318097dd.png,11
data\processed\Adialer.C\01691141ed365252bbe290bb7841c0c5.png,0
data\processed\Fakerean\01170b330f09a7b57f4147b38ddb87e4.png,10
data\processed\Allaple.A\07087d57fb850ecd71dd919af2483f64.png,2
data\processed\Allaple.A\01e9e748a6b584762e07b2c1bade9e57.png,2
data\processed\Allaple.L\07d7a6fc9c1f237ee1bdfd723f927b90.png,3
data\processed\Adialer.C\0561a42b51c30b2a28c809d2e3108a3e.png,0
data\processed\Allaple.A\0853045bbb47b45d334895177c0d5997.png,2
data\processed\Allaple.A\03a2eac18afb92967dcb5b0694dfa8b6.png,2
data\processed\Allaple.A\073f377fc7755940dc743b24704e2699.png,2
data\processed\Allaple.A\018e22af4cc8efd1db14178028182776.png,2
data\processed\Allaple.L\004608df8414f3a1414db57407f51f5e.png,3
data\processed\Instantaccess\08b5688c86bea763df891e75cff703b2.png,11
data\processed\Allaple.A\00faedf088d606e2bb7aed6b1a0fa951.png,2
data\processed\Allaple.L\0543d6dcc1378855cbcc9f8a2211df28.png,3
data\processed\Allaple.L\03792c45e3f8df5d2571305c9228756f.png,3
data\processed\Allaple.A\014d8e13bf1df3e34878ae3b5db4af05.png,2
data\processed\Allaple.A\032c44d08cba881bd588fa18424fcd44.png,2
data\processed\Allaple.A\004747367e23c29b95caa242b48226b7.png,2
data\processed\Allaple.A\01fa485a83fc575af915efa2f24353b8.png,2
data\processed\Allaple.L\00f1674248e74c44a3916a5d294a0e49.png,3
data\processed\Allaple.A\03c30497a7fc82a9c08fe58875d76050.png,2
data\processed\Allaple.A\079e9f8e59fd19a08a736ae2b29b080e.png,2
data\processed\Allaple.L\0161850a1846fbf548028196ec77f9d7.png,3
data\processed\Allaple.A\043912708f5a844dcb91f77276ca32d7.png,2
data\processed\Lolyda.AT\0182411b1dad2759fcdff22d13be739c.png,15
data\processed\Allaple.A\05e0140e054707071f9ae100676dd59c.png,2
data\processed\Allaple.L\0658876855197e86e417ba8a84d298ec.png,3
data\processed\VB.AT\040a0fbe97ac85bfd335905ebf00b29e.png,22
data\processed\Allaple.A\0735b694a26112476c28bf1af50ac1b9.png,2
data\processed\C2LOP.P\0147a4923f72a3d00759d09dae969411.png,7
data\processed\Lolyda.AT\0138ca1d1f48f4d63e4015f34f6e54a7.png,15
data\processed\VB.AT\02af79aa6bef31d27a0e78256c18d0e2.png,22
data\processed\Swizzor.gen!I\0042fa646d67f6ca4b12e10d1b1f9f30.png,21
data\processed\Lolyda.AA1\00ef709863e83b4afc12725ef373c61a.png,12
data\processed\Obfuscator.AD\03332db8e563af87e42f390d32efbfad.png,17
data\processed\C2LOP.gen!g\000c2a21b0a32178fa7ac19c3b83b2e3.png,6
data\processed\Lolyda.AT\0490af525c39c7f4406315daa2a56a7a.png,15
data\processed\Dontovo.A\072f395efff1a56f2bf0e8bd07999a09.png,9
data\processed\Allaple.A\06324754db02e067855b6d32f794aab3.png,2
data\processed\Instantaccess\02a7b06fad7b16002fd6730f755d300b.png,11
data\processed\Allaple.L\01aa59f0debea6d2ed35168aef8877e4.png,3
data\processed\Yuner.A\0860ed8a40ea6a2acd816426da6ed1a9.png,24
data\processed\Swizzor.gen!E\005a7ddc8ebebb819b95f3bde8da7e5b.png,20
data\processed\Allaple.A\00926ae224ce85f5dd0f05806a21f3ca.png,2
data\processed\Instantaccess\077d90602f2f8cf52c363ccb7cc52345.png,11
data\processed\Allaple.L\04a3d71ff90ea2cbb3c73c1efa2d6035.png,3
data\processed\Allaple.A\06b87c658aaad579f97b092917b6a838.png,2
data\processed\Agent.FYI\0063cc17bb367ec42d48f18c0808a959.png,1
data\processed\Fakerean\0111e7abf69e365ccfc811bab0d65f42.png,10
data\processed\Allaple.A\03efe1319678f926be2fef8165e7889b.png,2
data\processed\Yuner.A\002ac81fda7cabe88e1d6dfb4989b17e.png,24
data\processed\Allaple.A\088296595a78120c07cda0b0a61ca484.png,2
data\processed\Autorun.K\0716919722aad74afc126849f12d321a.png,5
data\processed\Alueron.gen!J\06d937970ad021fd902293e9f4f48927.png,4
data\processed\Lolyda.AA1\00cec0173eaca1f80f28962cad1a1e80.png,12
data\processed\Allaple.L\06854bf10600bba9b06a3ec3d1d12996.png,3
data\processed\Allaple.A\05e6e0f161af13ffebca15a73dbe1a6b.png,2
data\processed\Instantaccess\057ce8dc0ff26183c2c2a6447525a382.png,11
data\processed\Allaple.A\05ae82e28e2d3d958d9f745065142fdc.png,2
data\processed\Malex.gen!J\04e4ebc69c89291e2ec13d922e9921d3.png,16
data\processed\Autorun.K\02440b8a9939a2c4ec869842870bbd81.png,5
data\processed\Allaple.L\05c0a4cd273874526c91edcd58712892.png,3
data\processed\Allaple.A\012b68fb8cc02962a9448fdf5f7d2e22.png,2
data\processed\Allaple.L\075d756f3fda1dcc8cbcb1200e232b3a.png,3
data\processed\Yuner.A\07240416bf0d16f342b57bb72ef6443d.png,24
data\processed\Rbot!gen\a20ab72ecb97346229dae812e718303d.exe.png,18
data\processed\Allaple.L\0481d3fabf2f2f95d9b9de16409beaba.png,3
data\processed\C2LOP.gen!g\0562644a4244952e86a70ecc6959187a.png,6
data\processed\Allaple.A\048ac59dc9b5aad4edc9ecdf435264c9.png,2
data\processed\Allaple.A\00c2be984d71e44be80b4207ff9e3c07.png,2
data\processed\Allaple.A\07b3ccec55e6b5d620a95f5f0273ef44.png,2
data\processed\Allaple.A\0799e913f91ec889a07ce2c71352f16f.png,2
data\processed\Allaple.A\07d25abab4c269a0c79e206e40a28808.png,2
data\processed\Allaple.A\00b52988053860ae04292b2a7151ed2e.png,2
data\processed\Allaple.A\015b2751b55e79b3e450274243414eed.png,2
data\processed\Allaple.L\072c0b277ef7067b6e9924496c7accf0.png,3
data\processed\Instantaccess\05bb7b0ad472bcd837b754f379165085.png,11
data\processed\C2LOP.gen!g\04d23bc0f9e3cc01ce652d2e7f4988ce.png,6
data\processed\Allaple.A\03514f98ab34e4a8504377059e68bd83.png,2
data\processed\Allaple.A\0771f4b2be6185193e2e790be9ed1929.png,2
data\processed\Instantaccess\01bf549d05d3ffbdeb9bea565d7b3676.png,11
data\processed\Allaple.L\034be04a47ea211529acef09fbceb8f5.png,3
data\processed\Fakerean\0500543c0d9aae9b99b172c36fb9982b.png,10
data\processed\Allaple.A\047052dce77897344345c09a6b5c6183.png,2
data\processed\Allaple.A\00a48bb5e5cf645b57e4f26e183d5656.png,2
data\processed\Allaple.L\04960d9e95139a31d756a584fbccc4e2.png,3
data\processed\Yuner.A\067bcf913845de72c056e0656c40472a.png,24
data\processed\Allaple.A\00a0324cd0894bedb618ef4ffc059449.png,2
data\processed\Allaple.A\04e7809c211917c925606304191c145c.png,2
data\processed\Yuner.A\046a55265f43ee26724e027f4960fdc0.png,24
data\processed\Allaple.A\0635126b0b70394e634e3313c5561fb2.png,2
data\processed\Lolyda.AA1\0019d4344daea6876f124bbf1ef60de9.png,12
data\processed\Allaple.A\048e38d0177d7da4b4b142632139e5a0.png,2
data\processed\C2LOP.P\041f1caef37562cc4c717d339fc0b05e.png,7
data\processed\Allaple.A\00542f182a5391aebcda24f14a6ebc50.png,2
data\processed\Instantaccess\071697f4ca6740eeea3cf4b651dd9c0c.png,11
data\processed\Fakerean\02476d3efc6e44979db43878ae848a36.png,10
data\processed\Yuner.A\05af71ef9fd63cacc7173d00c2e74662.png,24
data\processed\Lolyda.AA1\00675fb4f52124ab64fe49b4b07aa693.png,12
data\processed\Instantaccess\07426cea51f45702c52bf081669b18d4.png,11
data\processed\Allaple.A\061fb3180c670d0854808a2a3d36cb86.png,2
data\processed\Instantaccess\0821751ef5970b8e5c3e89382135cad3.png,11
data\processed\Malex.gen!J\0761d43453e344cfb00b9f05c7907ac0.png,16
data\processed\Allaple.L\019702abb9549f6b5b06ad49a2dbd863.png,3
data\processed\Allaple.L\0665c595d52991076a577f1f5ba0b528.png,3
data\processed\Fakerean\086134cc7bedad6cd7e2cffe6c7e86e2.png,10
data\processed\Skintrim.N\0006b7efc46b2a927b020478157e431e.png,19
data\processed\C2LOP.gen!g\01ad404d78113f73444341ba89dc4538.png,6
data\processed\Lolyda.AA2\0068c644ec538d6990160d0a4bb68a6b.png,13
data\processed\Rbot!gen\3fa0f4a3b4c7393da3573f6072216558.exe.png,18
data\processed\Malex.gen!J\019df42f887693a0138643d1d0977131.png,16
data\processed\Allaple.L\04524229a2b279dc45efd7a5ebd50ac2.png,3
data\processed\VB.AT\03b065a76d5636364d5ed99d2101e4bf.png,22
data\processed\Allaple.L\068f61ea15822a524687ee16b1dabee6.png,3
data\processed\C2LOP.gen!g\005278d931d49c3b16377701743ba72a.png,6
data\processed\Fakerean\001e07fe140e959ed20bf5068dd7de86.png,10
data\processed\Allaple.L\0191c33f7ae9e9b6a81c312267d2ec01.png,3
data\processed\Yuner.A\05c990750a7f1b5c843ab1328d179c2a.png,24
data\processed\Allaple.L\05e4236d75da9ae021579a29f9eb1b04.png,3
data\processed\Instantaccess\089d03b9c16bb3e2d0c4a37a144d7a08.png,11
data\processed\VB.AT\013f904193f052021a18805c1601e980.png,22
data\processed\Malex.gen!J\06b4b341fb6076aba0f0fed9ceea8fad.png,16
data\processed\Allaple.A\0479f2231a6f71cc1128c3efc2ad06c1.png,2
data\processed\Allaple.A\0062c2efb85d18898da075f5cc819557.png,2
data\processed\Allaple.A\074f7d8c7b14381e1a512a95b3a436fa.png,2
data\processed\Yuner.A\003df47f72587518fbfc715f04abc91a.png,24
data\processed\Skintrim.N\00f4d1a333e01f69e10f73cd34388e64.png,19
data\processed\Allaple.A\0396b927b97a35ea6fd2ca0ae5aaba07.png,2
data\processed\Allaple.A\005d824e33387788d0e8e8c5ba820e47.png,2
data\processed\Alueron.gen!J\01aa9b1539f96b1b99de1c18e3ac9baa.png,4
data\processed\Yuner.A\06505f139a688106b64a1f4914eb6337.png,24
data\processed\Allaple.A\08add55c6371d928333519a45c608444.png,2
data\processed\Allaple.A\01106090a8883803229a474a2c300346.png,2
data\processed\Lolyda.AA1\003f698d78fb1a8b5c8ad9cc329859b0.png,12
data\processed\Allaple.A\055bf9e6d76aaea3a2147cb2ef9b7c8d.png,2
data\processed\Alueron.gen!J\00d5396e525190654fad63192370392e.png,4
data\processed\Allaple.L\08284009447144da290e9c401e547ceb.png,3
data\processed\Wintrim.BX\007636cc8c8ee3df4f84c32aeb4ee339.png,23
data\processed\Allaple.A\0756aaf178c619621ddcce816b2d4151.png,2
data\processed\Agent.FYI\00fbc5c7271260dc0fa407c797d60099.png,1
data\processed\VB.AT\044cf8ccd6fa572274e33ea7157f6f8c.png,22
data\processed\Allaple.L\00085fb872d3cb6dc326563789a67574.png,3
data\processed\Allaple.A\0837f57bad615b2d3500dc92f9fb2c0c.png,2
data\processed\Allaple.A\04338eca1ac182261f9b523fcb633f5b.png,2
data\processed\Swizzor.gen!E\0170b2441ff820b2aa0d86d9abfab249.png,20
data\processed\Adialer.C\06cfd6ce7c118b76e73e081304254457.png,0
data\processed\Dontovo.A\04c497337c81115d7d5df32ebc6458d1.png,9
data\processed\Allaple.L\00c2b80f4669c63f96b298c41af31618.png,3
data\processed\Allaple.A\0852a007579af2d3248d0b7751bdc4c8.png,2
data\processed\Obfuscator.AD\04c2b9812c86b7e29be18e663fa16126.png,17
data\processed\Allaple.L\042138026c35589f0f81e76b5c12108f.png,3
data\processed\Yuner.A\06c7d3804a7eb3d785d6df0412066676.png,24
data\processed\Lolyda.AA2\00b11cf322ef190062aa1af2d046f3bc.png,13
data\processed\Allaple.A\0091d8c8abec0163c94087ff5ac0e73d.png,2
data\processed\Fakerean\001e61a93f5e540f2f6c7ba89cfd0f73.png,10
data\processed\Yuner.A\0352dab473cc5ef91ffad152d3fc64d2.png,24
data\processed\Allaple.A\036822ef760ec7751f87a87d006e5a60.png,2
data\processed\Allaple.A\075856b170f2f793be1616f3dc539eb7.png,2
data\processed\Adialer.C\00e10bb5c7467e2e52ec9505dd4c8e95.png,0
data\processed\Allaple.L\05e99952052b1b55f9fe61f6f933007d.png,3
data\processed\Lolyda.AT\0877bdf6c8b2738a6404ef7b096a7217.png,15
data\processed\Allaple.A\08b29c6d34cfc20180b49dcef6e3bc78.png,2
data\processed\Allaple.A\004a342f62db4b5803a2a8a972805c3a.png,2
data\processed\Allaple.A\013159fa04273fb5804710316e2c1c66.png,2
data\processed\Allaple.A\044741436cea24056716ec8b2598fe39.png,2
data\processed\Allaple.A\00c96084ad9811f83d7e715ff57b4187.png,2
data\processed\Yuner.A\032a7de0620b85979ad6a6081dd488d9.png,24
data\processed\Fakerean\079e1636dcea9a8a7117b082dde40af1.png,10
data\processed\Allaple.A\059989b67abc809fc4694fc47d0b47fd.png,2
data\processed\Allaple.L\00bfb94cd12f77dba8941b571f196f3f.png,3
data\processed\Yuner.A\0509783b8e5cbe1afcea6d4f86a9efe3.png,24
data\processed\Instantaccess\0352bb6c1f0864ef8c3432a79c4ad218.png,11
data\processed\Lolyda.AA2\00c0b72a4df7f57874880361e0579134.png,13
data\processed\Swizzor.gen!I\00e51977d8cbaad72f01f639340691c8.png,21
data\processed\Lolyda.AA1\00b206ab5a3852a1f6f3bb1c0cec3ca3.png,12
data\processed\Yuner.A\08765cf16ecace8bd3001cac9a14ecbf.png,24
data\processed\Allaple.L\01c66747fb0c79646c9257d4ce5d0cc9.png,3
data\processed\Allaple.A\031a39a712041c95dc66f065903aee6b.png,2
data\processed\Rbot!gen\c81ce9487057e519f9233dc58b6538ad.exe.png,18
data\processed\Allaple.A\010e5e35cc5fdfa3431a37f68d205e7f.png,2
data\processed\Yuner.A\03bed2182e0c52c0dc29595539ab573b.png,24
data\processed\Allaple.A\06d1f00cc4a3868ab505986ab48bf860.png,2
data\processed\Dontovo.A\06153bc7050667efa381cfe6665c85ea.png,9
data\processed\Obfuscator.AD\04ca34db6217c866af4cbb169522872d.png,17
data\processed\Allaple.L\00697726c30003689f8d40024ddddcba.png,3
data\processed\Fakerean\05dfa8d9aa7505c1937424801af8994a.png,10
data\processed\Yuner.A\001b1d0ed82432d2b245cd8c8bab7e40.png,24
data\processed\Allaple.A\01fdb2823a1696edb745dd089de2bdf6.png,2
data\processed\Allaple.A\062cd712fc18d022594d49c5fa140784.png,2
data\processed\Dontovo.A\0694d2eaf437642960ae81441f681a3d.png,9
data\processed\Fakerean\03b1eb8a4a23a50253eae125e2567b5e.png,10
data\processed\Allaple.A\07588c1dd2b7df83a55277b7a6194393.png,2
data\processed\Yuner.A\04fece1b49c632eea8ba5f1c299b7097.png,24
data\processed\Agent.FYI\006e3bce4dc1af6bb30a9b1ea6f1ef25.png,1
data\processed\Allaple.L\014b5439704f2ad67bd3d8705e69f34a.png,3
data\processed\Allaple.L\033c5281a588a7eb12281cae94d5a63a.png,3
data\processed\Lolyda.AA2\00bfa0570c5e477226fae4075e075fc6.png,13
data\processed\Allaple.L\0076882dc1cbc96e04aac521fd0132ce.png,3
data\processed\Allaple.A\05bddcd5454d2a73ca956b88e7abded4.png,2
data\processed\Yuner.A\0558e357182e3400a11e704a8484488a.png,24
data\processed\C2LOP.gen!g\01c47904124b6df3d1db012c106f27d1.png,6
data\processed\VB.AT\020e4a095ad99cab31c42d84ed4bab6f.png,22
data\processed\Yuner.A\05d6f808a1fb324619155f8735fb052c.png,24
data\processed\Allaple.A\0047c9658cb072763a88ae4f7831734e.png,2
data\processed\Allaple.A\07cdbef4796a4b9fae185c0c9790343f.png,2
data\processed\Dialplatform.B\076cd512141c295ca1734e6674bd6425.png,8
data\processed\Allaple.L\05a33e6976e9c976db63dba092d02a10.png,3
data\processed\Allaple.A\01ff0cc4be21096121e4ee16e649422d.png,2
data\processed\Agent.FYI\088c0581b722d2b2c25a61f21a19669c.png,1
data\processed\Dontovo.A\0383c95ca595cdda9e479cadbac72256.png,9
data\processed\Lolyda.AT\0410428bb26a17cf5585697bbba8eee6.png,15
data\processed\Allaple.L\07318e491e5df819ee4f6b263853cb7b.png,3
data\processed\Allaple.A\0099eba4e288cda9a038908a05c86bf5.png,2
data\processed\Allaple.A\01b9cd7638783c489b622ba17c68adb2.png,2
data\processed\Allaple.A\05dddc59ca1ff47deda9211b57296811.png,2
data\processed\Adialer.C\088fa7c16b4a1110f229992ea815e8e2.png,0
data\processed\Allaple.L\0397829ab7d5e2ffe40805f52d35e752.png,3
data\processed\Lolyda.AA2\001712b1bbdd0326f0c4a50838c39e09.png,13
data\processed\Allaple.A\076058289e30c3cfb0cc97c8de3eb336.png,2
data\processed\VB.AT\03b69c7f8158f880499f7e54a2a18136.png,22
data\processed\Alueron.gen!J\01ad72e8961472ba71fdfd58ac29a288.png,4
data\processed\Rbot!gen\7ddfab2e08514bf5c7b51b7d68a60517.exe.png,18
data\processed\Allaple.A\07e9433616a9798fc9a94ecebd3a5172.png,2
data\processed\Lolyda.AT\0131098eda7f8f789c6ca617d739e81a.png,15
data\processed\Allaple.L\080d22710338cc7be1de94ea12585090.png,3
data\processed\Lolyda.AA2\001f5be1d19d9679f8910968dbfc1722.png,13
data\processed\Allaple.A\004d7421b543c382c4315841633f1d83.png,2
data\processed\Allaple.L\0324dd9d0f55586ec4d708cc269a39c4.png,3
data\processed\Instantaccess\0419641b72b314539b802f265ea4df15.png,11
data\processed\Allaple.L\030a8c7ca03ce9de2229cbfedba453bf.png,3
data\processed\Rbot!gen\7409f08588d747283700d9990f3e1709.exe.png,18
data\processed\Alueron.gen!J\03e56bb062c2f445b07e707fa7ac90d6.png,4
data\processed\Yuner.A\0088a322b11d7390890dea317b7531f0.png,24
data\processed\Allaple.L\089d3f5d6d07398940a3dcc199b89b2c.png,3
data\processed\Yuner.A\05ef33f4f635333d55481b15993ffc8c.png,24
data\processed\Lolyda.AA3\00a3f6aea452b9f1870f8f055346f173.png,14
data\processed\Allaple.L\0502339fa46e662fd751f8ecff1e99dd.png,3
data\processed\Allaple.L\009d371eb40086ece9ca8d7905a77077.png,3
data\processed\Allaple.A\0322e63d11ead23fa1a9c30b8ee25a4e.png,2
data\processed\Allaple.L\01073bbb3f996c684bac154d8ae5d444.png,3
data\processed\Rbot!gen\2689d7cbb00c682b313e8fa90aebf384.exe.png,18
data\processed\Allaple.A\08561c253ec033e3b37985eb16b485cf.png,2
data\processed\Allaple.A\05a3d927598223fb5e2ec3b68a7ed98a.png,2
data\processed\Allaple.L\01446c9c553330aaf052d39328471b04.png,3
data\processed\Dialplatform.B\085b0c356e91972a4851064e58c290e5.png,8
data\processed\Allaple.A\0020f00c3b205c2021402801f24d7742.png,2
data\processed\VB.AT\06268bc63d49af3ac7c194c2eb162395.png,22
data\processed\Allaple.A\031378cf68a13a02fd4053f1ecd28509.png,2
data\processed\Allaple.A\0111859f78558ef3dec3d09df9ed5c0d.png,2
data\processed\Lolyda.AA3\0079dde6f43c73cc5fb21dae0a07aa62.png,14
data\processed\Allaple.L\008c854a83ed59feaf224337f1cb0517.png,3
data\processed\Allaple.A\017f0e4770af4276ca45218b9f4fabf3.png,2
data\processed\Allaple.L\08142ed617e80d03b10c46e35d9a2477.png,3
data\processed\Allaple.L\04cca093bcea2c53fe0b694610e7e51c.png,3
data\processed\Instantaccess\01d0a892f28306bcdfffe6685444bb2b.png,11
data\processed\Fakerean\0529b8292b023bd1f6892bd24bd7990c.png,10
data\processed\Allaple.A\08a85d215971ff05d3c053121dbf1aab.png,2
data\processed\Allaple.L\047e00c37ef93f7d2382030ee5035647.png,3
data\processed\Yuner.A\05d762f24367b7c5b45df00a22c8dabf.png,24
data\processed\VB.AT\0315022eac210c4e4800deeb2044afe8.png,22
data\processed\Allaple.A\054095f91aaecb1892b1c9268e2c1388.png,2
data\processed\Allaple.L\0642db2b65b614783bd1049518faae0d.png,3
data\processed\Lolyda.AA2\004cf72c01ff5f23b5b7407413725e9e.png,13
data\processed\Yuner.A\075c819d5d612889c50ac922b68f3645.png,24
data\processed\Allaple.L\000e5c7521abb4ea4e15853bdcfdd991.png,3
data\processed\C2LOP.P\07c5696e49b0b25b34fcf52d32cc764f.png,7
data\processed\Agent.FYI\002bb62e80912094ff9835005d904ce1.png,1
data\processed\C2LOP.gen!g\0724e22785970a11b15ab75148468a72.png,6
data\processed\Allaple.A\07b865b32e35e5a5ea0b776bd977716e.png,2
data\processed\Allaple.A\05c96950479a3ad06561518b07d0686d.png,2
data\processed\Allaple.A\05584852c8d34ea7d133ad73d760eecb.png,2
data\processed\Allaple.L\085d3c4853ddf072649f4cc7457e68d7.png,3
data\processed\Yuner.A\01d6d9289f9a6bde02712370c6bcd8fb.png,24
data\processed\Allaple.A\00585f0f03751a54c31593c5d9ee04db.png,2
data\processed\Swizzor.gen!I\03bb3a23d0aa3bafae88c6c26dd7047d.png,21
data\processed\Allaple.L\01a1336f3030f2d64371a774e328715e.png,3
data\processed\VB.AT\001f924e44b363361d2e6adc0bbc7c0b.png,22
data\processed\Allaple.A\03a8f9cf6f056b46e41649fde60188b4.png,2
data\processed\Allaple.A\07706dad4e695936152acfca15b95522.png,2
data\processed\VB.AT\06c7cde6c93da86e108f859153ae803a.png,22
data\processed\Allaple.L\0072fc4dcb663f66267b3971b8b12044.png,3
data\processed\VB.AT\04dec4a494383462ba0f33ecbc4a5603.png,22
data\processed\Lolyda.AT\06dcafcd57729b0433eadf8808121d20.png,15
data\processed\C2LOP.P\05617046ca35f1dc2696d425f53401df.png,7
data\processed\Allaple.A\069a31da419cd906e873313ebbfa7dc7.png,2
data\processed\Allaple.A\00821f49d2562a3e126bf8e8f169d88d.png,2
data\processed\Allaple.A\01e9552ca27c5eb5c3dfc35ae8b9b075.png,2
data\processed\Allaple.A\0600d74b4402648649a7999343babd7d.png,2
data\processed\Allaple.A\07322c47d34db162823d1d393643200f.png,2
data\processed\Allaple.A\00efd33cb1c75676d0ce24c2fa351160.png,2
data\processed\Dialplatform.B\03a33214b7538b68feef7411ecc1b992.png,8
data\processed\Allaple.A\03e23b9fcf8e6227ec1a140cdc801d1c.png,2
data\processed\Alueron.gen!J\0009ea945d63b6f003acc98b4fb73e94.png,4
data\processed\Allaple.A\03f6b24b4400a61375ba5aeca7fc2c0a.png,2
data\processed\Allaple.A\06e80fcb63f7e9cfd684a6a174c317b7.png,2
data\processed\Allaple.A\00849df2a4205a1837f7acf3b041f854.png,2
data\processed\Allaple.A\04f717d5c315b8f8c874b4c321cb24e4.png,2
data\processed\Allaple.A\016b0fe447bcfe09f552481e91d9933d.png,2
data\processed\Allaple.L\019149236b9d60c22cef707db3ed95c0.png,3
data\processed\Allaple.L\079bb565a6c24123ba372884ed7976fa.png,3
data\processed\Yuner.A\050c21ad740a725f763b2ea6b27e3718.png,24
data\processed\Agent.FYI\05136f2bbee69dc20948c6ba7f18a87f.png,1
data\processed\Allaple.L\086b607b5862199d802213bc77a0b041.png,3
data\processed\Fakerean\00e2afcb503944144a72baecfc538aee.png,10
data\processed\Rbot!gen\d4d53d0b20d5befe436f356f399644cb.exe.png,18
data\processed\Instantaccess\07d0383410a15af64be3763c66d8ace7.png,11
data\processed\C2LOP.P\04f30dc81a1e1b5d8e8e3263dcda4119.png,7
data\processed\Allaple.A\019fa5b576ae19c1b1616f77ab5b0323.png,2
data\processed\Allaple.L\08824b5ffb369b53eb55529636796bee.png,3
data\processed\Fakerean\03ce2e88c777606233dde90116f28e6d.png,10
data\processed\VB.AT\0372f803926f056f5b01ca4a895640f5.png,22
data\processed\Allaple.A\08120eb2f30f31589dc8447dc02ea88f.png,2
data\processed\Yuner.A\03f4cf52f71875207c77fad8adfb417f.png,24
data\processed\Allaple.L\089c8a93300203fd612d73fc8ee64305.png,3
data\processed\Allaple.A\006be542fc2a3897cf431dd209b4317b.png,2
data\processed\Allaple.A\082ff4d1babcdfaf3e5c9e214df3ab21.png,2
data\processed\Allaple.A\014ddfaf9dd3909fd2cfc13712ffcd10.png,2
data\processed\Allaple.A\089eb2887f7a7f6e985df86a46f1a3fd.png,2
data\processed\VB.AT\0861265d726ce9fbb2670544b5721a2e.png,22
data\processed\Allaple.A\03d1cf163656721e5f1c3ac7af42f682.png,2
data\processed\Allaple.A\01f92ae2622d94d219518aa00f55292e.png,2
data\processed\Allaple.L\03ebf885adcbd1daacad9576fb157692.png,3
data\processed\Allaple.L\0075c7d9099c35e08684d632bd9643a6.png,3
data\processed\Allaple.A\07a3aff75b524aba0553ddde70b8c332.png,2
data\processed\Fakerean\0447b212433bf74c96d2cfab436a407e.png,10
data\processed\Allaple.A\0089c08b36db26d0b3810a5c56d54b00.png,2
data\processed\Allaple.L\081fe4e92941ed9c4c783b11622d86e4.png,3
data\processed\C2LOP.gen!g\0357f54012864c7deed3e8516ce08932.png,6
data\processed\Allaple.A\05073c141a9e958ee5afa20a92aac687.png,2
data\processed\Allaple.A\01a93c45984b9b6395e35908efbd78c7.png,2
data\processed\Allaple.L\010fde1d4a199cd0d28779841501c876.png,3
data\processed\VB.AT\02af69c2f1f3ea4aabc9b6ce9ecf02a2.png,22
data\processed\Allaple.L\083059997802432b0bb474e77881ab72.png,3
data\processed\Allaple.A\00d17ac4984bd6c9389af0ae9d5189a1.png,2
data\processed\Allaple.A\05878019748d299cf1b7a49c2b290875.png,2
data\processed\C2LOP.P\019d450a887fe30b5d7bb5abb5e3609c.png,7
data\processed\VB.AT\0291fd211a0325dd8b21182f5f1bbdfb.png,22
data\processed\Dialplatform.B\0715925427ffcbb78d6819c20cf5b545.png,8
data\processed\Instantaccess\00f91478fa15fe71766fdc9049f86ab1.png,11
data\processed\Yuner.A\059a80dd55526484ba6905401ed0a9fe.png,24
data\processed\Wintrim.BX\002899612714496b129149989e058ac4.png,23
data\processed\Yuner.A\0041f6bc0297daa79274e48478e0bef6.png,24
data\processed\Allaple.L\0571c886c05810a845dfc9e3d3f9fd49.png,3
data\processed\Allaple.A\010df06ebc1f21266bd8f51e2acef495.png,2
data\processed\Allaple.A\03bf4829efd16390bc6158815c3463ed.png,2
data\processed\C2LOP.gen!g\04a6242db2de5f1c4c2793d1086924d7.png,6
data\processed\VB.AT\0492091f676d0d75c24594bd60ccc861.png,22
data\processed\Allaple.A\055d7185445ddc1627e4353684395a2a.png,2
data\processed\Skintrim.N\0090985dbbfd85247978924fc5f7d01a.png,19
data\processed\Allaple.A\035bf7840394e566233b0451006276ef.png,2
data\processed\Allaple.A\077a72ac3ab24fb1950f4b29f08f19f9.png,2
data\processed\Fakerean\021a6b31c825c90df5bffbaa8032c02a.png,10
data\processed\Allaple.A\062ee42d7e9e3dae54c92b6e7b1773a3.png,2
data\processed\Allaple.L\060011c7e5b72df6b2e880440fcafec2.png,3
data\processed\Yuner.A\0554a26d2ed57746168b6ff01c79d48b.png,24
data\processed\Instantaccess\0077de8432c84c69f2c84edf95dcb737.png,11
data\processed\Allaple.A\06d183f04c09971f5012e535916d82bf.png,2
data\processed\Allaple.A\0896b8222d725ec52b3bfab5309dcded.png,2
data\processed\Allaple.A\07ea613426d2723d294515fec791c3a9.png,2
data\processed\Lolyda.AA2\00a70cbf45a04a032a4e91b4129c9e8b.png,13
data\processed\Swizzor.gen!E\0482793705d1ac88d320c3f6d71fcd0d.png,20
data\processed\Allaple.A\038e9523e1f7de6bcec88c0a7d9992dc.png,2
data\processed\Dialplatform.B\05e0823b50f9d853a6cda52b181dc528.png,8
data\processed\C2LOP.P\0546b94c1881afe1563bed3dc6fb7d06.png,7
data\processed\Yuner.A\07ca03d787b6d6b68c96f6ca0e5e23a4.png,24
data\processed\Lolyda.AT\02808ede32d634b96d3c9cf84d5942b1.png,15
data\processed\C2LOP.gen!g\0657390a69862b470e4c01778767e7e4.png,6
data\processed\Malex.gen!J\04b75ac2e365ee5f9d5d3a3f1afc23fc.png,16
data\processed\Lolyda.AA1\000deb8fcb503ff14f7d9d94aed2b58f.png,12
data\processed\Dialplatform.B\0682ea0ebe2a67275e4e13871a072d99.png,8
data\processed\Wintrim.BX\068c661283435cf9a2a5802c255f8d74.png,23
data\processed\Rbot!gen\85d08a6ca05cc557d62bab194cd930e6.exe.png,18
data\processed\Allaple.A\06303f07eae9cb76f6ff35887489b244.png,2
data\processed\Allaple.A\05952a97c9bd20d862bd31b81212d319.png,2
data\processed\Rbot!gen\8d4f1110692a5b969d2d9969907a5e41.exe.png,18
data\processed\Allaple.L\01ffd1d4cfe87045221be93f5d8523a1.png,3
data\processed\Allaple.A\00854f81f19bb0d0d98cadbfd323eecb.png,2
data\processed\Allaple.L\071f65e2d068bbc9b50ec640d251ce2c.png,3
data\processed\Allaple.L\0674c2af829f864ddd66dab1a43cb603.png,3
data\processed\Allaple.A\040e3600776a7b9489f4fb6880dd6992.png,2
data\processed\Allaple.L\0024256e13b1d1dbcb3ad9cdfe3b582f.png,3
data\processed\Allaple.L\0011c44957904a7b6b12061fb1062854.png,3
data\processed\Lolyda.AA1\00f5f0e652a34cf7c3c6023fb3ca7b6a.png,12
data\processed\VB.AT\03bb558f6798b44368b41dee75d89736.png,22
data\processed\Fakerean\08a913db1aae442b102bd9520d0e4a11.png,10
data\processed\Yuner.A\05b7589ee56beaf6c7f7134749b9c7f7.png,24
data\processed\Allaple.A\0495880135af95f02377bdbb792c9bf9.png,2
data\processed\Allaple.A\0466f6c6f493c0e8da38594809164ab2.png,2
data\processed\Dontovo.A\003c8bac4de429e026046af2107942a5.png,9
data\processed\Lolyda.AA3\0050ccade8d8f432e10c852a8f60a4f5.png,14
data\processed\VB.AT\036ad3fd80109475313e4184067272a2.png,22
data\processed\Allaple.A\03ca4f0585c9bf3e276cf091654fc1ea.png,2
data\processed\C2LOP.P\051e514ce0f69e93249ddd0d8062b407.png,7
data\processed\Allaple.L\0043ee68cc6733626b74d145182593ed.png,3
data\processed\Agent.FYI\00361329f1a79890d0dc31263502cf56.png,1
data\processed\Allaple.A\015165bd0445f991408de728a7e2070e.png,2
data\processed\Allaple.A\07a1a9c21f942e5d2fdb8c0d9b1f3e20.png,2
data\processed\Swizzor.gen!E\04a9bedc2f641dc3059d40da1f9ef755.png,20
data\processed\Instantaccess\0801905558f7173bf128915e4ec80493.png,11
data\processed\Obfuscator.AD\038fe148d13a74d2f0c84c11ac63e369.png,17
data\processed\Obfuscator.AD\03daad14dfd376eb5f8850ff2976c6bd.png,17
data\processed\Yuner.A\04cdcee905e75f71b8ac27f0280bff3b.png,24
data\processed\Lolyda.AA1\0004ec3690fb9cc8332230f6a5d1d8c8.png,12
data\processed\Allaple.A\033bffccb30d99357656f50d839de885.png,2
data\processed\Allaple.A\07d23ebf9b6560b0bf8b6cf5c703cae2.png,2
data\processed\Allaple.L\073551bc891bca8a66b3b88381fdb484.png,3
data\processed\Fakerean\0351fa37fb772961216a63dc7f75841b.png,10
data\processed\Autorun.K\053e84dd4fe04a5584116c892363dca4.png,5
data\processed\Malex.gen!J\085f9c03290dd3e175e8d0c28a598821.png,16
data\processed\Fakerean\05966c6cda093f280252ddbc3b7d2759.png,10
data\processed\Yuner.A\05b58601a9cdca07224067104150af5c.png,24
data\processed\Allaple.L\03894be227c92909c89a94214ae7e7ff.png,3
data\processed\Yuner.A\0061c6c3a550809e030784a2d77a28a7.png,24
data\processed\Allaple.L\031dd50ee63d449c0e30eb7335f1dbca.png,3
data\processed\Instantaccess\0355bc9201f94f87c1da3b98bea4bf3a.png,11
data\processed\Allaple.L\03276c370511a568c463b2fe713b5107.png,3
data\processed\Yuner.A\00087a523a19b1626a9467b2af2961dc.png,24
data\processed\Allaple.A\0329e4779ea794b9db069c1941b7b15d.png,2
data\processed\Allaple.L\04dcd3544634ad44c9d2e5eb01c3fdda.png,3
data\processed\Allaple.A\0185218982ae006fe0fcbaf7be64c977.png,2
data\processed\C2LOP.P\00f1038a7adf6230ab701c5368dd747d.png,7
data\processed\Fakerean\0199c0aa73316f3eb13c9249e6da1ce1.png,10
data\processed\Allaple.L\052cfaff7e52bce1bcb709be537b6fcd.png,3
data\processed\Allaple.L\005ce1a58bbe26d280880f7640470acb.png,3
data\processed\Allaple.A\044c7d491cf1e653b55d8f5f1b0a4669.png,2
data\processed\Allaple.A\00382359f9c8825a7f54319023b77d51.png,2
data\processed\Allaple.A\0421155cf089205c3a945ae88b9eaaa9.png,2
data\processed\Yuner.A\086b4ef365f77d0e75aa499dc251d2a7.png,24
data\processed\Rbot!gen\5134a7b1d431eb550d3637083ef4c8d5.exe.png,18
data\processed\Allaple.A\051cccfab1f9c0f606545fe016d96712.png,2
data\processed\Agent.FYI\0809042c8e6aca427f9da89d15c7894f.png,1
data\processed\Yuner.A\005d028a61840a34cc71e7525dc0abb3.png,24
data\processed\Allaple.L\0102f19cf81a317e6ca4884f8ab0a65c.png,3
data\processed\Allaple.A\006641c163cb49ce852f0664b6624e5f.png,2
data\processed\Allaple.A\00205614288ef128e88460f94281e1ed.png,2
data\processed\C2LOP.P\0485b5817f0cc8f94a20b0a8b26de2f9.png,7
data\processed\Allaple.L\016061c6ccac56dcf587261f8f81649f.png,3
data\processed\Allaple.A\06c4946f330a7c463d3d3fb87f7620c7.png,2
data\processed\Allaple.A\00ed5f82049f4d166aebdd9eff79b164.png,2
data\processed\Allaple.A\07ce90a8b61d044e2380934e04b1097d.png,2
data\processed\Alueron.gen!J\079c4a3b6719294f3c298d4c1563e438.png,4
data\processed\Allaple.A\0349a3bd7a4f49496a6fccbf46f8ff12.png,2
data\processed\Lolyda.AA1\009c95d3dba661f809fecdc803ce11f4.png,12
data\processed\Fakerean\06d1ed3d63e91c290ded82f12e4baee2.png,10
data\processed\Swizzor.gen!E\059937d45af3b39320e999d492453bad.png,20
data\processed\Allaple.A\017390f9e671fb5219f76134a1d9487f.png,2
data\processed\Allaple.L\019ee5f8c7df45e2847feb0d7ef8edc8.png,3
data\processed\Allaple.A\055caabff333a12a6a777caab2f4ad6f.png,2
data\processed\VB.AT\06ce8d8927cbf763c3b231878e39b149.png,22
data\processed\Lolyda.AA2\00dcb0866776e314b6f1dd74a5b90f0a.png,13
data\processed\Lolyda.AT\0562da3a3e5d2548a8e13506dbfb75eb.png,15
data\processed\Instantaccess\052845f270e3174df448d875ca1e0417.png,11
data\processed\VB.AT\00e7164568f585e623b7de429b104692.png,22
data\processed\Dontovo.A\04909933ef15f6a01e8bdcbde085cfed.png,9
data\processed\Allaple.A\039188d221419ae4670786e732355db7.png,2
data\processed\Obfuscator.AD\060b96b18411b1187e25ffe4376afd0b.png,17
data\processed\Allaple.A\06b1fc4edf0d045446a3baea0ea8aa7b.png,2
data\processed\Allaple.A\050c7218b408be0502a8b65afed02d6f.png,2
data\processed\Allaple.L\0128f71a97b61dd41b4e9be20f05bbe2.png,3
data\processed\Allaple.L\04f2143ea0eac21bbda8d4caad6744c1.png,3
data\processed\Allaple.L\048169f5123d1812164ef67c339dabbb.png,3
data\processed\Allaple.A\00266d0c75eb27d66e08cab080d09fc3.png,2
data\processed\Lolyda.AA2\00ea001b77db646b3986e343d4caed71.png,13
data\processed\VB.AT\03c4c93ee0e63037f860536c25005b17.png,22
data\processed\Allaple.A\0622ceea48f58b6c9a42041311bf795b.png,2
data\processed\Instantaccess\00582e0b06e8a20e9baf2276a64091e1.png,11
data\processed\Allaple.A\0415b87cb98fde93bb932557aa8abd83.png,2
data\processed\Lolyda.AA2\0001a4ade1aaa72da1c012610b1f2e48.png,13
data\processed\Instantaccess\034f2ca93adaad43bec847ed8dc9a031.png,11
data\processed\Alueron.gen!J\07d18c02d06498b94fdee8ca9ffb70c0.png,4
data\processed\Allaple.L\0562075a37753a1e6956e12afc4e27ae.png,3
data\processed\Allaple.A\0320a0c78942b2f121b20b147281a916.png,2
data\processed\Allaple.A\0102edb604ffe2af3e22768ef08ba09a.png,2
data\processed\Yuner.A\087b9e43a7b08ab6781f86a277340ac0.png,24
data\processed\VB.AT\002001489663e435b75dbc837e2486bc.png,22
data\processed\Allaple.A\04b1473dee0e841385b973af540acfd1.png,2
data\processed\Allaple.A\03ae65b62d4b841a89044228b02b60a8.png,2
data\processed\Allaple.L\03d0d34d3b256b67f0104d49380126a4.png,3
data\processed\Wintrim.BX\0085baf10e5049a8374d5e4685dbbe8c.png,23
data\processed\Allaple.A\0030c0ead034b21158f2b8a9ae1bb2df.png,2
data\processed\Allaple.L\01472f378acaef2a8c34c6bfdb593753.png,3
data\processed\Allaple.A\00a3b6e9be926f71d550b985411e430b.png,2
data\processed\Allaple.A\0838bf0ffc322b3aa5d4dbdf63dc5c36.png,2
data\processed\Obfuscator.AD\050db912842a759f1e3235edad575a22.png,17
data\processed\Allaple.A\017e4103e36ebd82cbb37de864bfbd41.png,2
data\processed\Allaple.A\088177d75f1cb3dd6d45b24518ccf06e.png,2
data\processed\Malex.gen!J\01022ae2105e4bfacaca0faf0907b90f.png,16
data\processed\Allaple.L\06434fc724a98192d85b3aa2e490784a.png,3
data\processed\Swizzor.gen!E\05a9c0c53cddc0810867915e412f80e9.png,20
data\processed\Rbot!gen\248a95d2266f4ff3f5dc6d9d0dd9aefe.exe.png,18
data\processed\Allaple.L\0899a3b24b428701079dbd3c42559c46.png,3
data\processed\VB.AT\02c679022c16eca27907219a9f0ebc3a.png,22
data\processed\Allaple.A\074eece2179230fef1c6182be6dfd507.png,2
data\processed\Allaple.A\07b9e825bb0e2c20db3c6b19d41406c5.png,2
data\processed\Allaple.A\04d004e7751fd4850fbc2fba572d1d6f.png,2
data\processed\Swizzor.gen!E\0592d6b9eb5918d601ff0e7f0bdfe411.png,20
data\processed\C2LOP.P\010b61f21109f4e66696efdd2a601e4f.png,7
data\processed\Allaple.A\05553cd2ddf3cfca1a3716e89d9ea0db.png,2
data\processed\Yuner.A\055bed9cb3252ea7638f0db505ab2534.png,24
data\processed\Rbot!gen\2561d2effe769aa9dfaa8840c0167698.exe.png,18
data\processed\Yuner.A\005766d61cb96c948a4e56561898d015.png,24
data\processed\Lolyda.AA3\002393ed3b19333292074f99cc402c69.png,14
data\processed\Allaple.L\06e5e9594bd7760d23228d5cbfd47b42.png,3
data\processed\Yuner.A\071ec4ef43b7a3f261bb95e1a1ef5f95.png,24
data\processed\C2LOP.P\00d07c82622565c1b28055b70138d42c.png,7
data\processed\Allaple.A\00749d2d1186924c40fd32dc9a36f634.png,2
data\processed\Lolyda.AA1\005a59e6475a766898cfdf639a8bd2d0.png,12
data\processed\Allaple.A\007495b2802c15de15b4138e84016a0f.png,2
data\processed\Autorun.K\03bb296bfdbcfae2329b4b3bd57b411e.png,5
data\processed\Instantaccess\013e18bf7de1207c8d7171a3e73f8feb.png,11
data\processed\Obfuscator.AD\06b8bd703fb98d071dd676d85649b6f3.png,17
data\processed\C2LOP.gen!g\04c7cfce2c48559894893c133c50486d.png,6
data\processed\Adialer.C\0180cd408119b1fbb961705a5cabbee1.png,0
data\processed\Lolyda.AA1\00a9d4b114bc5419fd277efda7fac96a.png,12
data\processed\Allaple.L\009811cd235212fcc1f02177194de933.png,3
data\processed\Allaple.A\00db15d6021b0740315815ee7072517f.png,2
data\processed\Lolyda.AT\008b714c81ba068af8666df6a39d6dad.png,15
data\processed\Allaple.A\004143dda8a91e1f557b891a663af3d1.png,2
data\processed\Allaple.A\03d8a505191b0a9975311406b0ed147e.png,2
data\processed\C2LOP.P\03d5d5c19c69c118e23050fb5015a1d6.png,7
data\processed\Wintrim.BX\00c9e7748a85837ba386a260cd02d2c6.png,23
data\processed\Allaple.A\00fa692bae31c2684eeff4129bd32edd.png,2
data\processed\Yuner.A\065c5e6cc37ab533ea9d632f7b7008ee.png,24
data\processed\Allaple.A\0171b4cf207262c709bd1505d1981fe4.png,2
data\processed\Allaple.A\009b65bd1a2042868bbca351d87c5dea.png,2
data\processed\Yuner.A\037bf3857678bdddf02a21cec73287d7.png,24
data\processed\Allaple.L\0034c613f8aa196e54258ebf1c4a09ac.png,3
data\processed\Allaple.A\072cf74451c75cb637c9076f5b82ed2d.png,2
data\processed\Allaple.A\00e492a03041c796934a42bf609a6e7a.png,2
data\processed\Fakerean\044cab1de09e15024f7afdcb2709f112.png,10
data\processed\Allaple.L\061b8899ae72de0c5804e2b4e6fb9627.png,3
data\processed\Allaple.A\0457462e2759e23eb7200ecef809727d.png,2
data\processed\Instantaccess\04dc8ca4cfdad452ee5d0d26642482b6.png,11
data\processed\Allaple.A\0854c0c1775be97af202d77f81e308c4.png,2
data\processed\Allaple.L\08a452650422d0b5e6a793279dce3e35.png,3
data\processed\Allaple.A\003b17b6fa5b0c52d1d233fba00519b1.png,2
data\processed\Allaple.L\0748b120499e2939007f4169f1c94d26.png,3
data\processed\Allaple.L\08474eca338b146874a695b0fea79df6.png,3
data\processed\Instantaccess\0296d7bca83fcaf3f4b6a8bd2f9c64a0.png,11
data\processed\Yuner.A\00775539b5acd40230c8f299cb1aa964.png,24
data\processed\Wintrim.BX\00d791b14504de57fce9b30fe209c7f1.png,23
data\processed\Allaple.L\04838c7145d89dbc53a83e2e06f9a98b.png,3
data\processed\Allaple.A\0392c1faf9baeb3aead074ca19f99c0e.png,2
data\processed\Fakerean\074dd6cd63440a8ea1e419ef5517a317.png,10
data\processed\Fakerean\0840132d7e3c3b72ee41959b9d59b284.png,10
data\processed\Yuner.A\00b77a67e88dcbc9fb4b58d8619d4ecb.png,24
data\processed\Allaple.A\0687f8045482e472fbced5671e854fee.png,2
data\processed\Rbot!gen\6a0bfd1e46131fa83a03e5a1a74121f2.exe.png,18
data\processed\Yuner.A\05c848579ac16e04c0025af66522da54.png,24
data\processed\Agent.FYI\00cf669fa23870981063632c498a9ba8.png,1
data\processed\Allaple.A\010ad2e99d65dc9c636ff33036bae546.png,2
data\processed\Skintrim.N\002d6d7415030558c973b374200d257c.png,19
data\processed\Allaple.A\07342ce02da9d3967aacbc26819f5b58.png,2
data\processed\Allaple.A\0030224ce62dbb5985fe9de93356866f.png,2
data\processed\C2LOP.gen!g\03e4362550616f75a762ad3f86917806.png,6
data\processed\Allaple.L\064910bdece1ca1eca94e0f2ec536750.png,3
data\processed\Adialer.C\064fde354f765bd5857e966d8385bae0.png,0
data\processed\Yuner.A\00dd5cb278b5718f56b79a9b5f5ba9ee.png,24
data\processed\Allaple.L\0365a7786c05d474a638b0861fdc4322.png,3
data\processed\Allaple.A\042ce14ec175980586c19851d1fb0586.png,2
data\processed\Fakerean\052d5c52f63b65be76e2f917a61fbaf1.png,10
data\processed\Swizzor.gen!E\03f04cbfae1d6c5e6b89442e9bf14e7e.png,20
data\processed\Lolyda.AA1\00831546005efcadf5f1ab45417a4d8b.png,12
data\processed\Lolyda.AA1\00aa035400d02c15c4725e6969fe58ed.png,12
data\processed\Allaple.A\044279ee8b307b8c8e74bbffbffd30d9.png,2
data\processed\Allaple.A\0394309946023893698dadf62afe43ad.png,2
data\processed\Allaple.L\0156fe062052647f5097920e4ded29ef.png,3
data\processed\Agent.FYI\08040557c801fa10090b88b0ec495dd0.png,1
data\processed\Rbot!gen\f19ed87eb510ca9ae222edd3b13cdf1d.exe.png,18
data\processed\VB.AT\06c049825be06dc5409ed1bb7e6a860b.png,22
data\processed\Allaple.A\0785b3ee9c934d31f943cf0016f58c94.png,2
data\processed\Yuner.A\040fe2231250ede3071162057369af29.png,24
data\processed\Yuner.A\003db3e13a94b87492963c843b218a06.png,24
data\processed\Allaple.A\0158b0cc23acfda0d1ebcf6c06a41d3c.png,2
data\processed\Allaple.A\086435fb5de3955f8d4918c9e4f61b3d.png,2
data\processed\Allaple.A\0393be192d58bd05f455e51eec9b4708.png,2
data\processed\Allaple.L\01e0b49bcb1eba2b6129061b9a3c9aaf.png,3
data\processed\VB.AT\006f4f1ce04c5497c325bbe0f1ae8048.png,22
data\processed\VB.AT\06977442e9532c448e3a2813ff1be2b1.png,22
data\processed\Allaple.A\0039510387a21e7b2a2d7c60cdb50c8f.png,2
data\processed\Allaple.A\05adb9cbfeb8fd4fde590d64f9aa0895.png,2
data\processed\Allaple.A\00ef9bb57b885cdf9d292a79b54ec1ec.png,2
data\processed\Allaple.A\08377116f91547623bc2132f429e024a.png,2
data\processed\Alueron.gen!J\05a632f85f3c2a64dbb6f6845fbc6d6f.png,4
data\processed\Allaple.L\0627ed1e1a82d168ff2e47f7eecfa9fb.png,3
data\processed\Allaple.A\06d72bb6f7e13c06fe23c0eca310d122.png,2
data\processed\Swizzor.gen!I\0528a3a10a2c6be262c77eb4a8920ea5.png,21
data\processed\Allaple.L\03510e6d2d68aeea9a4c682934a70a81.png,3
data\processed\Lolyda.AA3\001e7c85342bb7cb6b55de3bb874e3a1.png,14
data\processed\Instantaccess\00d6dc2f684be6d517941d0db3beddf0.png,11
data\processed\Yuner.A\018ce8e3da2c5761cd422518147d86b7.png,24
data\processed\Lolyda.AT\012cb95a12f291e1938dff0b9964f6e0.png,15
data\processed\Allaple.L\00dec28ce00c4c4fe0754a8c5d119571.png,3
data\processed\VB.AT\01f7ef59283294701b90a54589507a6f.png,22
data\processed\Dontovo.A\00f9efcc0115b904695791ebf6a9b06f.png,9
data\processed\Allaple.A\05016f3d9aa5240e127eaf4cddc5d00b.png,2
data\processed\Allaple.A\04d242e87bda6dde445e9c6736af4a46.png,2
data\processed\Obfuscator.AD\0891216d5de4697aaacaac3c7febcca6.png,17
data\processed\Allaple.A\0895e83b88c11f2c19372f533c64f342.png,2
data\processed\Allaple.L\00046675912b1196b3c1871bca48c297.png,3
data\processed\Allaple.A\008e1d42f324c92403c90e3452b7d3f9.png,2
data\processed\Wintrim.BX\007603b6dce126f41272bd6ac58ca936.png,23
data\processed\Fakerean\04194b6cf1ead760871e1d99f3ad1808.png,10
data\processed\Yuner.A\03a22af31355074745151e90becc9ac4.png,24
data\processed\Allaple.A\08a8ca77b8d6f641f7a0740c4da6865b.png,2
data\processed\Fakerean\089ccf64b3318c108b79529a5651834d.png,10
data\processed\Allaple.L\03ad3e0b9e52d2aa8de8d07c5133cd1d.png,3
data\processed\Allaple.L\072425325bd52c77efb5056cbaadc7f0.png,3
data\processed\Allaple.A\000aacd1dfa20d3e8b230b586ab52b75.png,2
data\processed\Allaple.A\00590d02dab0f1f465e0200e8a622b4c.png,2
data\processed\Yuner.A\068018f697c79024872f202ca125d2c5.png,24
data\processed\Yuner.A\07e76d2125a3f6a55d83f2228f4a4b33.png,24
data\processed\Allaple.A\0071f90dea60000eb52275afe2d28866.png,2
data\processed\Allaple.A\069175aacde43527089901a7fffbc2db.png,2
data\processed\Yuner.A\069bba2194325e195be75444b3d4220a.png,24
data\processed\Lolyda.AA3\002120188c84951a2c18606ba982aa9a.png,14
data\processed\Dialplatform.B\039ea8b4136aae326b3827b24b9c2ee1.png,8
data\processed\Fakerean\0620e0c6a945bf7a50c3d50721115681.png,10
data\processed\Allaple.A\03c948bf58d7ce346db67bd00c1c836c.png,2
data\processed\Allaple.L\0074aef80dff722bba2bc34c6cfa24b5.png,3
data\processed\Dialplatform.B\007ac7fc473b3df5aac6e55896807d4c.png,8
data\processed\Dialplatform.B\07df703ad0a4a62d63f94fff5dd23b03.png,8
data\processed\Instantaccess\054be5859509003f5c60bbd3c9c32677.png,11
data\processed\Yuner.A\0327efd34328a767ef2b76582839e3a0.png,24
data\processed\Fakerean\024633a2e75c3d1d8aeb2d6a07a09a93.png,10
data\processed\C2LOP.gen!g\02bd2a8c8496828478979348472dd908.png,6
data\processed\Allaple.A\03465b0a6736eac5ff1adf84fba6812e.png,2
data\processed\Allaple.L\00c0d3e8bd1942d3b2ee2f673663496d.png,3
data\processed\Dontovo.A\038f3b601320c5a334631370dc0b11e5.png,9
data\processed\Allaple.A\017ba0a2bbde8f4336b6c1d981c99e0e.png,2
data\processed\Allaple.A\0616007a61690b872489c88d1c41ea89.png,2
data\processed\Malex.gen!J\065f33b1125bce8df1f914b0ce654489.png,16
data\processed\Instantaccess\0098f4d15ed3f5583316494928ef897f.png,11
data\processed\Malex.gen!J\085259e15b418cf208249553dd96bc15.png,16
data\processed\Allaple.A\062dc4267ed3ed3d9b8f5e23053848f3.png,2
data\processed\Allaple.L\05a5a68c79c56be51c3ca71ee0afef59.png,3
data\processed\Allaple.A\0441795d33c648b5aa3dd57143465ade.png,2
data\processed\Swizzor.gen!E\089b7f45ad1e2e4093698930037f4b33.png,20
data\processed\Allaple.A\07d90e6b289afbc25da1901076aca159.png,2
data\processed\Alueron.gen!J\006d1b7a57dd14d5b71fae31e286a906.png,4
data\processed\Allaple.A\01241a5ca41508d07b33a50b9e0b34e6.png,2
data\processed\Allaple.L\01b3f69cea751025b5f99e5bcb5150e5.png,3
data\processed\Allaple.L\0187b27f99378a07f6716333ced72a5d.png,3
data\processed\Fakerean\02c554c0aade99403688f512d9662dfb.png,10
data\processed\Allaple.A\0033493b3c0ac3521ec5f1b135c885fa.png,2
data\processed\Autorun.K\001356b73bdeada80637d37d449529c5.png,5
data\processed\Wintrim.BX\008c914250c67525958154da3906d523.png,23
data\processed\Allaple.A\034b9e05b83c409054b4a5d2d56db119.png,2
data\processed\Swizzor.gen!E\06b4bf67673dc7f0c68e9e317977e436.png,20
data\processed\Allaple.L\01166d0caf3b87ad167131a8e3b64bd2.png,3
data\processed\Allaple.A\00c632113f0279ee83b826ecd36c976c.png,2
data\processed\Yuner.A\06327cbb8941def5107e60b29bb7db0b.png,24
data\processed\Allaple.A\07ee376c0d5c95fcb1dfc861d88e8517.png,2
data\processed\VB.AT\01f9ad99676ca6a6c2fc58c46a04bbd3.png,22
data\processed\Instantaccess\03700ac99a835a72aa8f24c3f51a5556.png,11
data\processed\Allaple.L\06ae7815350211558e1b892accb9d276.png,3
data\processed\Swizzor.gen!I\005313ca8131ef69276a240dc100dd1b.png,21
data\processed\Yuner.A\007d1872ce5637287cf11ae9e30953f6.png,24
data\processed\Instantaccess\03625fc8100189e0ade41ebf9f1eb0da.png,11
data\processed\Rbot!gen\1489460ac4a6ab2c417ced818671fb84.exe.png,18
data\processed\Allaple.A\05a092228326efef7fac59a503d44244.png,2
data\processed\Dialplatform.B\02d7d6d40bd64bf1b73b8690d01e7c96.png,8
data\processed\C2LOP.gen!g\0310ba692d846e2d82e5e0ebfa236edd.png,6
data\processed\Allaple.L\00a0d4f008a1b2f17716ca3d4fef4c92.png,3
data\processed\Allaple.L\07b0bf12ca243d90d3abaeacf3062c9a.png,3
data\processed\Dontovo.A\00333fcb876fb16b7169aa723adfa980.png,9
data\processed\Allaple.A\006773b975717a6bb54e7fb270eaa5f0.png,2
data\processed\Allaple.A\07875d1c42e385f79e74d578bfd2114b.png,2
data\processed\VB.AT\052e233c407ad4a6b28d96ebbcd268f9.png,22
data\processed\C2LOP.gen!g\0018f36876f30bc431d5e3df7352902d.png,6
data\processed\VB.AT\00580848e4b197a7e5c105954f4eb436.png,22
data\processed\Fakerean\001126eb360130d0f73d2b28201ed8ae.png,10
data\processed\C2LOP.gen!g\087a7a43dbd9c8acade65c9fb23d7151.png,6
data\processed\Allaple.L\038fbbea10ac09e00cc90503906ea8b1.png,3
data\processed\Allaple.L\004ba2ac488e5e9be9d4c04f0209602e.png,3
data\processed\Alueron.gen!J\03acc6b988d0174943e4f628e7c7c631.png,4
data\processed\Allaple.L\045aa17f9675371934e1934731a880cb.png,3
data\processed\Allaple.L\07e62e20490d66ce92b41783335bc4d5.png,3
data\processed\Yuner.A\051ccb4a0f2c8d8599488c15feaf72ec.png,24
data\processed\Autorun.K\084dd550e47d29dcc12e5aba325ec0e3.png,5
data\processed\Fakerean\08aa56670c87aea30006f6c8bacea62c.png,10
data\processed\Malex.gen!J\00086fc370dde6617ddc9083ea4d2a77.png,16
data\processed\Yuner.A\0036ee1aff708e36f3fabfa27557e33d.png,24
data\processed\Allaple.L\0765bb9ba4d16bc42100d797ad6c67b6.png,3
data\processed\Yuner.A\08a2cf4d9b148c7e5e151202084ce60a.png,24
data\processed\Allaple.A\0017da23eb85ab313d827c5e7188b832.png,2
data\processed\Allaple.A\0012cf48758dc4ecc18a4fe50d1b4da4.png,2
data\processed\Allaple.A\07b68cf0675f757e0fbdb73af1332d36.png,2
data\processed\Allaple.A\040a8ad877c5dcced084f1d7f249dd41.png,2
data\processed\Allaple.L\01ceccefba41db56ba963c8074bb6e34.png,3
data\processed\Instantaccess\04700d52e1df3656e9885fef3561a1d4.png,11
data\processed\Instantaccess\005ae26b9ccfc72a5c7b34819ce8be50.png,11
data\processed\Allaple.L\056e010eb79c32f0c2da3373a042d598.png,3
data\processed\Allaple.A\083b0ce4824ad75c0b7fe59d46923edb.png,2
data\processed\Yuner.A\004dbf452fe4914defc45ab87df4e235.png,24
data\processed\VB.AT\0459823c88e7f0479a53c036e9589c52.png,22
data\processed\Allaple.A\00b77a13546322264dc73d432125db39.png,2
data\processed\Allaple.L\04002dba344e85e07bf3a6b33169237e.png,3
data\processed\Swizzor.gen!E\04cf144746f5f9f47d52db9bb45fd72d.png,20
data\processed\Allaple.A\014f4e5cb4d7a35739a33a3c27217d79.png,2
data\processed\Dontovo.A\00166079e432559db5e4de1adf8907e6.png,9
data\processed\Allaple.L\00425061e2e9f9cfb9c0c6b8dae0beb9.png,3
data\processed\Instantaccess\00f102a42c31be2728d1476ee63c1258.png,11
data\processed\Lolyda.AA1\00042825a3712174b1e092294c6473d6.png,12
data\processed\Allaple.A\006d4a1aade16f19556596f77e38512f.png,2
data\processed\Fakerean\047402ec24ed34250368c7ebeef3439e.png,10
data\processed\C2LOP.P\071bb812b3f541051cce40ad63dcd873.png,7
data\processed\Allaple.L\00dc203d30901f99afb3715e4643479e.png,3
data\processed\Instantaccess\016f922881ef949c09a3c2b07874a356.png,11
data\processed\Lolyda.AT\063b1c1faa72bd849cedaf886a049aa6.png,15
data\processed\Allaple.L\01a4d82a126f61654566106c67a2b62c.png,3
data\processed\Allaple.A\0046d224f9a4d864bebbd91c59c25815.png,2
data\processed\Allaple.L\043ce4e61b83e28d6e704672f46621d3.png,3
data\processed\Allaple.A\00005470c58e40d3255c064f9db60b71.png,2
data\processed\Lolyda.AA2\00e50eb4d6e48c5c49b9a999fd248c3d.png,13
data\processed\Swizzor.gen!I\00c462b42f9df57dd90a5b912c9bd7ec.png,21
data\processed\Allaple.L\044a2366b83b4bc05a5f95f29d85b41a.png,3
data\processed\Allaple.A\0434861157f0ebad5a2f8a39ad70ccc5.png,2
data\processed\Allaple.A\06957a808359efaf54ab4612c374bc76.png,2
data\processed\Fakerean\04d1f6219d6ff1ccfd839615e516c6a2.png,10
data\processed\Yuner.A\003964ae0fd91b8c7bfcd8ea385af39d.png,24
data\processed\Allaple.A\01555c05bfe2bc3931afc856906eac4b.png,2
data\processed\Lolyda.AT\0161b8480bf67c56de8cf0831ba9a1d4.png,15
data\processed\Allaple.A\083ba79291544d58f744f62ef6620dab.png,2
data\processed\Allaple.A\048a07297af2b643412ce59a8585463e.png,2
data\processed\VB.AT\05841a599cd61c699e063871685aae48.png,22
data\processed\Obfuscator.AD\01b72cae3ede1c07bdecb6a4accaef67.png,17
data\processed\C2LOP.gen!g\0312af51d4e0631cf7140918763d9258.png,6
data\processed\VB.AT\01a72dfb66951db80113fb071c646099.png,22
data\processed\Instantaccess\073468b681c2a26bb11f3f474d492899.png,11
data\processed\Fakerean\03726f5621e9d8c3bf874592df795017.png,10
data\processed\Allaple.A\031e474ab863eeb3f83186582dfc142b.png,2
data\processed\Allaple.L\01a8473f40b9e21443b26f6d65c0a859.png,3
data\processed\Lolyda.AT\01b09b3fe041a32d9850b022c4726894.png,15
data\processed\Allaple.A\0864ec85f7f7c11175af45d7df3a609b.png,2
data\processed\Allaple.A\05e6fef303bee2684360d37e4f94f146.png,2
data\processed\Allaple.L\07a4e6e9c1e0b1526eab4d8a3930270b.png,3
data\processed\Instantaccess\041e3f09277f4d69680b07182d3d882e.png,11
data\processed\Swizzor.gen!I\0845fc40a3867372ca6c5deecaf93cc4.png,21
data\processed\Agent.FYI\00443069b59f9b9682cf044dcbd498c7.png,1
data\processed\Lolyda.AT\01703f1843cc4c1607c2fe5cd559ee55.png,15
data\processed\Allaple.A\059738cc49eae10b87848726db168995.png,2
data\processed\Dialplatform.B\02bd903252b87263f62ba273f9a5a2bb.png,8
data\processed\Allaple.L\01ea10269977044cb62510d39586220b.png,3
data\processed\Allaple.A\034f93fafc239e44a816e6c70d0b89e6.png,2
data\processed\Allaple.A\04cf66384b3dc48f5eb0c4e97be4fa8f.png,2
data\processed\Rbot!gen\9adb80cc06306dbdc5ec3dd1b30a6cd8.exe.png,18
data\processed\Allaple.A\00788e93f81cf29b321a7617f46f5a58.png,2
data\processed\Allaple.A\08809320f2f7e5acc7f2d7b9d82c4a9a.png,2
data\processed\Lolyda.AA1\00cab11c9f00eb2560cabd15c4713f31.png,12
data\processed\Allaple.A\0807e6997111fd5acaf3777f0f046146.png,2
data\processed\Allaple.A\0446c80eebefa906e8f248d10a732cd0.png,2
data\processed\Allaple.A\00fc338a44e48ef78736c41b41a013c4.png,2
data\processed\C2LOP.gen!g\0342556692818c4a4055a418e267ec29.png,6
data\processed\Adialer.C\0507a1034a8e029220bcd616fe903074.png,0
data\processed\Fakerean\01660104081c1cd573011d79ab68c57a.png,10
data\processed\Allaple.A\08a058f629f7d54b0ba4b85cc60eb60d.png,2
data\processed\Allaple.L\054fbe2e70d40e37f4dde7926e3ffdf7.png,3
data\processed\Allaple.A\05731d4872e566de8cc1aaf5c6b1e7c5.png,2
data\processed\Allaple.A\03d97a6e64412f58523102ffeb646691.png,2
data\processed\Fakerean\07106ff785128226e21e88a69292abf2.png,10
data\processed\Yuner.A\0823d0fa9e21cee43174ecd9931846d4.png,24
data\processed\Obfuscator.AD\01dae218e78623f525ceff52b4ddf97e.png,17
data\processed\Alueron.gen!J\008ac1c70a2dffebee51b994e21a9933.png,4
data\processed\Allaple.A\003b7dc119575a7267d759674e5bbfbd.png,2
data\processed\Allaple.A\05e172d3ee87280ed123b7854e5675bb.png,2
data\processed\Wintrim.BX\006f293e7d7e3b6a251c371642787193.png,23
data\processed\Skintrim.N\00f1d11ff2ccefaccc307636f8e1b7c3.png,19
data\processed\Allaple.A\00fd36e6a102a8ab91e09ec353a09d37.png,2
data\processed\Dialplatform.B\03d5c607d2e4228bc7b0983a9cce0532.png,8
data\processed\Wintrim.BX\00400c89ffbe633210f76699a0204a2c.png,23
data\processed\Allaple.A\0752d666490781feed306bda56816d67.png,2
data\processed\Yuner.A\00e80e8be105e4196c97b9d5e5e56eab.png,24
data\processed\Allaple.A\0598ee6ade6d1ccdb4d81936d9032395.png,2
data\processed\VB.AT\081fe758cc16a0ecac0305814cc4706c.png,22
data\processed\Allaple.A\07b05e52a978da46af8332919a14d16e.png,2
data\processed\Autorun.K\051a89fa4e2e88a725a3cad14ab74f63.png,5
data\processed\Allaple.A\06dd75dcdae9c1bac6e0074a66719750.png,2
data\processed\Autorun.K\05b43c8f989f9a54840f666a9903773e.png,5
data\processed\Yuner.A\0001af1d0918db18d74a0d83e938c468.png,24
data\processed\Rbot!gen\859f5cdecd66d101de479299961407b8.exe.png,18
data\processed\Allaple.A\00d7068112059764cc4a0c58f268c5f8.png,2
data\processed\Fakerean\0433affd7059cb1ac8d27bca4c4032bf.png,10
data\processed\Yuner.A\081b941f4b51ccde157dc8133583f511.png,24
data\processed\Fakerean\065caf609203fe66d07b0379d5af2dc1.png,10
data\processed\VB.AT\0433275a87e2a961e931945dcd713cce.png,22
data\processed\Instantaccess\07a444792317aed47f6f48dd0cb3bb00.png,11
data\processed\Allaple.A\068bb77bf0db5ac27be011f9180b033a.png,2
data\processed\Allaple.A\080cf5aa3cbc6f2724861b3508a0215b.png,2
data\processed\Allaple.A\069033830247a5a73f038b9412cc1544.png,2
data\processed\Allaple.L\07856963d5f369ab658ab161ba0f2aac.png,3
data\processed\Allaple.A\0718d707648e3fadb07d4eb1af9495cc.png,2
data\processed\Allaple.A\07a5c571ea39e9e926e2485f30aa0ade.png,2
data\processed\Allaple.A\01ba1fae5dfe4898bef29aa1723063ba.png,2
data\processed\Allaple.L\0056aea6633a3e774129a291602ed5ae.png,3
data\processed\Allaple.A\005e9a70df8b9928bcd42f62861fc946.png,2
data\processed\Allaple.A\005b765fe6091ca9a9a2a6f90042917d.png,2
data\processed\Allaple.A\008e1ae7ea2c65172b575a0651a3f0ec.png,2
data\processed\Allaple.A\00eb59ea5a624dbb52c6dcb412bf22af.png,2
data\processed\Allaple.A\0064243fa6f392c72e2b22a0bb2a8999.png,2
data\processed\Allaple.A\056baf11e729b0f41a6cbc2febb95cb0.png,2
data\processed\Malex.gen!J\089d3e8f91384e605f9005e966cbde56.png,16
data\processed\Fakerean\054ef4cd781c1f7fda634cdb580e4ba4.png,10
data\processed\Lolyda.AT\014e95c6b0456baf7d489f71a03f5ce9.png,15
data\processed\Allaple.L\038f7d30e93c1a996e3a39b8f53d66ea.png,3
data\processed\Allaple.A\05e1cdcdc73a7fbfa74f1115fcc14691.png,2
data\processed\Allaple.A\04dcaf42d14fe8c84dbef7ec3fb1d0d4.png,2
data\processed\Instantaccess\052591ffb625bd7667fd42282fc09dd5.png,11
data\processed\Allaple.L\018bcff5e7b76b8b8c4a9ad7be06405f.png,3
data\processed\Allaple.A\0891bdc337a939b7820cd620da060afe.png,2
data\processed\Allaple.A\00bcf55d9fa71f8a673182e330a00f0e.png,2
data\processed\Lolyda.AT\0833d11afa1eb5c9ee2c5ab370e2eaf1.png,15
data\processed\Allaple.A\05102d1650e0cd76b00961a6d791a43f.png,2
data\processed\Alueron.gen!J\04e1958622f89a2bd00779def26c6e64.png,4
data\processed\Allaple.A\041b07129a0255d989921a1eb5e4bd0c.png,2
data\processed\Allaple.A\07ec2108ce0bd7bcbeaef28c2d38b3dd.png,2
data\processed\Yuner.A\03870ca30b32f488bd8fe8025272869e.png,24
data\processed\Allaple.L\009c19bcbeb41b7cb1469099d04d13b8.png,3
data\processed\Agent.FYI\00bd1a12d592bdca96cdb6421c17922a.png,1
data\processed\Lolyda.AT\0217fb65d9a374fab52e8f62f5260924.png,15
data\processed\Allaple.A\00d698377fda64b8a151c3aeb2663350.png,2
data\processed\Yuner.A\08708fc26d952cd4c1ea31fe24a08ab3.png,24
data\processed\Allaple.A\04f704cd27c6f0398a331345c483fca0.png,2
data\processed\Allaple.L\01829b06eca041ac7122effa97edad84.png,3
data\processed\Allaple.A\0547fdcd1a618d09bf2b58613e155eb8.png,2
data\processed\Allaple.A\0365efcbb2ee6b6a43d0542eb2ac33df.png,2
data\processed\Yuner.A\01c3ea4a315a90d41512af4ddb2e8204.png,24
data\processed\Allaple.A\0130903b9067f98e725aa8e8e4175818.png,2
data\processed\VB.AT\0708a171c4423553ec9bf27581394bfd.png,22
data\processed\Allaple.A\03ff65e3575327c65913cfab103309bd.png,2
data\processed\Lolyda.AA1\00959dd8784e5a41951b9b4930ac6425.png,12
data\processed\Allaple.L\0471e0d877a21f48014f4d9df5b8491b.png,3
data\processed\Yuner.A\074bc7b7dbd1ee194830104faf6fe2e9.png,24
data\processed\Allaple.A\00045f3fa894b3c3d18c53988ba9adba.png,2
data\processed\Allaple.A\00c17d67382bd0e5db279f4d38391b5f.png,2
data\processed\Allaple.A\0016d211d1dd3661acc7343a4b96018c.png,2
data\processed\Allaple.A\0072cc844135d54bda7e7023ae87713c.png,2
data\processed\Allaple.A\00a7ba864f3af932d47e6e998d35e769.png,2
data\processed\Dialplatform.B\00eecef5bcee7073965bf09abed8bbc5.png,8
data\processed\Allaple.A\072d4dfc56daa569e268ce1b4859eb5e.png,2
data\processed\Instantaccess\00e11703d750a6d059071bc3986a0c86.png,11
data\processed\Allaple.A\0116fefc4d0ed2e5098661142657859d.png,2
data\processed\Alueron.gen!J\08177f289193d6295b4043a1e37ebf71.png,4
data\processed\Fakerean\002f6cc8f5548b0cb7f9f0fa97e235a7.png,10
data\processed\Autorun.K\05574845ee3cc09c0c13843dcf808dee.png,5
data\processed\Obfuscator.AD\003e933855c121291eb2d7f197fcd3e5.png,17
data\processed\Yuner.A\062ec529b9ce6f6a24f2db45787e8951.png,24
data\processed\Allaple.A\07e0b0e5267cccbf7b3612cb748db48c.png,2
data\processed\Dontovo.A\05dabaeca83c0dbbf1b6cf421ddddeb6.png,9
data\processed\Allaple.A\067fb52f35450177d61f1679b9e8afa8.png,2
data\processed\Allaple.A\04583c262995ebc0a0578c7528777ff1.png,2
data\processed\VB.AT\00b57796891cb133efe3958d57f482c3.png,22
data\processed\VB.AT\02e3c06488c3b61fd07ca7a564e911e4.png,22
data\processed\Allaple.L\00de3fef5749b9cf75ce3e96d31781f5.png,3
data\processed\Dontovo.A\038096c3e054504ee06d15b2c9a3bc46.png,9
data\processed\Obfuscator.AD\05cb6c85ad3abb1d56b3404e3640b3f2.png,17
data\processed\Allaple.L\04069ffe3bc6f16d4225f3cc74aee086.png,3
data\processed\Allaple.A\0182df3fb485803474f5060a33716bd2.png,2
data\processed\Allaple.A\001c7214f3f4aeb0dd64c80e25ef5211.png,2
data\processed\Lolyda.AT\00ceb71a2c92c6cbff665f74cb90fc04.png,15
data\processed\Allaple.A\039d3b91424c076e94058025488d7400.png,2
data\processed\Allaple.A\00e95a1a9f6cc5509edaba850ea725a6.png,2
data\processed\Allaple.L\03f3fc6943ac23d0f9cda89183f008a3.png,3
data\processed\Allaple.A\087ce79d8bf92562c231235759a8bb29.png,2
data\processed\Agent.FYI\00540ad7a094f61a4d73ef5fc2e44b1b.png,1
data\processed\Allaple.L\06378e88f5176baadf70348bf87d0230.png,3
data\processed\Alueron.gen!J\080f2d294693c06837947b37141245ba.png,4
data\processed\Autorun.K\057a362e66553401aeb7db2f640bc2f4.png,5
data\processed\Allaple.A\0519d77f59f91a908576e1b7002b1243.png,2
data\processed\C2LOP.P\00051420759dd13d0d8a217c23dafb54.png,7
data\processed\Yuner.A\079c22d169d3531df2c4981234b98361.png,24
data\processed\Yuner.A\085d9838f346bc2a6e7ff7dc02907926.png,24
data\processed\Yuner.A\08a6524fcd7e52d3f87d73c3f91eef10.png,24
data\processed\Yuner.A\00b8e3aceb4974a7d4e449868fcd8c91.png,24
data\processed\C2LOP.gen!g\08a87672379d3a81c86b6b80ab2987bb.png,6
data\processed\Yuner.A\05eabcb7b96a957cf4743f3cf27d2f30.png,24
data\processed\Yuner.A\00656bdf27cb1f1133abcc8be8d487db.png,24
data\processed\Allaple.A\00d8cbc327f7eae035617d204c1a737d.png,2
data\processed\Allaple.A\06d35b6ec423da6da766c779ef13f97b.png,2
data\processed\Allaple.L\07639bd81e111c284d886e71d000a3ea.png,3
data\processed\Allaple.L\01b66f17d83f99114ef70fec00114b58.png,3
data\processed\Alueron.gen!J\072dc59852cd2f06ab2a64ae59dc6bdd.png,4
data\processed\Alueron.gen!J\064749705a355f0ce7ba5008523aeda9.png,4
data\processed\Allaple.L\00fa2bc5711162e393d2bcbc5d2f147f.png,3
data\processed\Allaple.L\0487ad55fdf0b4fb6534476de989875e.png,3
data\processed\Wintrim.BX\00d55eff876681e3d576ca56a7ce4fd3.png,23
data\processed\Allaple.A\0381ad7d402209dfa290ad0045d6780a.png,2
data\processed\Allaple.L\051c124a26b5dafc4a272635c1c17671.png,3
data\processed\Instantaccess\00d913f70e42698bed23d71b81cadaaf.png,11
data\processed\Allaple.L\01a1726fb3312d4ff3e4a83bc53dd3fa.png,3
data\processed\Allaple.A\01976f098036086f1b1017ebb5a550e2.png,2
data\processed\Lolyda.AA3\0023a5049b14342d2e3235c2eb2d35f4.png,14
data\processed\Allaple.A\084fffa3832743a2fe4ac0ab360bda40.png,2
data\processed\VB.AT\0885e82203e6f13004d9a9a92e330100.png,22
data\processed\Allaple.L\01ee85d2ab3be10c46a44ff66f4aec10.png,3
data\processed\Allaple.A\0455eeaae7ef1fc5110f1ee131a0b253.png,2
data\processed\Allaple.A\03c017fc208ea1489f4407d7afc5fb05.png,2
data\processed\Allaple.L\033398d220d43a073a7e1610357a1799.png,3
data\processed\Allaple.A\059a9e96b97f7d2362af9730bcb889c9.png,2
data\processed\VB.AT\079ed7dfd97c9b986609acbc203b1a9e.png,22
data\processed\Allaple.L\06a294190b20aac3bc55defd229604ba.png,3
data\processed\Dialplatform.B\081b6ff450ac400c98b6f63b9e4461f8.png,8
data\processed\Yuner.A\03cfc399578cd6440e55ad9a89a4402c.png,24
data\processed\Allaple.L\04f2c811f9867141865e6c24e4771f79.png,3
data\processed\Yuner.A\0325077f1c55a57178abb4a07320847d.png,24
data\processed\Allaple.A\0627e5fa411ab86dcbd9a0e2442bdd67.png,2
data\processed\VB.AT\0812c91037653df59c5de9928e341d31.png,22
data\processed\Allaple.L\070e0f3ec3a177b0bf298a5c366c6aa8.png,3
data\processed\Lolyda.AA2\00d0af5d152547aa0bc336518196e538.png,13
data\processed\Dialplatform.B\0083c98fbc37c480098b889b54b54463.png,8
data\processed\VB.AT\088ec4ae5db8e54fc56ec88e30a68cf1.png,22
data\processed\Allaple.A\07bc3c7b5ba15ad53884c10948854834.png,2
data\processed\Adialer.C\05470e5a35272f1ae45976054f925c7e.png,0
data\processed\Dialplatform.B\02f9be7091aa193851f05e2e032a8c26.png,8
data\processed\Allaple.L\008d1d130c0952a92e3e911d49cf22cc.png,3
data\processed\Allaple.L\085fc29f41a0e6315c9a95422b6e1955.png,3
data\processed\Dontovo.A\05776116e884c33040b425aa0762cf1f.png,9
data\processed\Skintrim.N\004e162dee9beb4394a57c1be8a33204.png,19
data\processed\Dialplatform.B\07e423afaa57af29c5a1d45cedca8b86.png,8
data\processed\Allaple.A\07954ea137c1200188d2a9d056fc1699.png,2
data\processed\VB.AT\00a01abf46dd15ede8eca185e36d7d4b.png,22
data\processed\Allaple.L\007ab2589836de0f1b364c8d860a17d8.png,3
data\processed\Instantaccess\05e2570020c19b20e1d773b3b0a6f008.png,11
data\processed\Instantaccess\05c0e99a803c4260f628e15c3b464755.png,11
data\processed\Yuner.A\05586eb4ce24aa03c6f0c6df13360fae.png,24
data\processed\Instantaccess\083152308178fdaca346e4aea0f7e106.png,11
data\processed\Instantaccess\039578c6d2fd4334efcbb20ab36dfd67.png,11
data\processed\Allaple.A\05ad2a0ff4494b47cba6015bc369deca.png,2
data\processed\Malex.gen!J\06d16abd47fa46c93f9b1eb0d7dee7fb.png,16
data\processed\Allaple.A\000aab4fed7547f0e32d5b21148c9a9d.png,2
data\processed\Allaple.A\064df554844b61d86b880a599683e703.png,2
data\processed\Allaple.A\0741d506dcc4dee7c074a97d5345a026.png,2
data\processed\Yuner.A\0302b850b6a4186498c3ed40313f7aff.png,24
data\processed\Allaple.A\0494f562c582963b81c6e97a8e086e43.png,2
data\processed\Malex.gen!J\0646c96797698595dabe7631ce597555.png,16
data\processed\Allaple.A\044c072217d6ee38027f74216dbca239.png,2
data\processed\VB.AT\009066e64d8c20dadbb216c1d1cde005.png,22
data\processed\Allaple.A\079a8bf6073020716fd93b81a2430a1c.png,2
data\processed\Allaple.A\00db3f5850638e2ab7aa3016b78efe0c.png,2
data\processed\Lolyda.AT\01be98012aa72312f7f351ba5154e42b.png,15
data\processed\Allaple.L\007de49ff294eef9fe01da3f6c593049.png,3
data\processed\Allaple.A\03739cf56607c0fb0795a00c4150e7dd.png,2
data\processed\Instantaccess\0744a5e8458906c88e2a8044d97b2cf3.png,11
data\processed\Allaple.L\04015f4dbf069a7d9c6017811dffaf23.png,3
data\processed\Allaple.L\04aa0f5222805484653b34471ceb1fa4.png,3
data\processed\Allaple.A\07344f7af2990a51c11846453e444a9f.png,2
data\processed\Instantaccess\076bdc94ee511e74ee97286148951f01.png,11
data\processed\Allaple.L\01cdc112e7ae462ed47568ea8171669d.png,3
data\processed\C2LOP.gen!g\04c71a8f2c2ec5dfaeb2cbeb12aca700.png,6
data\processed\Autorun.K\00f14ad336836926437383235a62f081.png,5
data\processed\C2LOP.P\05cb7e9608214cf7a794f6809614ba2b.png,7
data\processed\Dialplatform.B\0571277eb617069685167819ddd39697.png,8
data\processed\Allaple.A\064d6543b3e9cbc171542dd7fb3198e9.png,2
data\processed\Fakerean\02d532b689900fb0f6d2f46691487b57.png,10
data\processed\Wintrim.BX\0070c1f83d9406df7e0d2009f05a3147.png,23
data\processed\Allaple.A\03e79c1fc78d6a8aa9f686c7d5a8d81e.png,2
data\processed\Allaple.A\009d34cbf41eb03372728167b820b7a3.png,2
data\processed\VB.AT\084c37b0ee8d4fef39427ab882669287.png,22
data\processed\Lolyda.AA3\00cb9c74fca4562613aa88ebd0519bd1.png,14
data\processed\Allaple.A\06e541b9c6a3fd37a1b8b140fac85e37.png,2
data\processed\Allaple.A\050830af79736cca66bc8e0a60efc66d.png,2
data\processed\Allaple.A\009833f680b58cd59a446f79a483d4cd.png,2
data\processed\Allaple.A\037b93d13d7b7d8b170929f3c8e8e4c1.png,2
data\processed\Allaple.A\015c77bf389d316134e79a44dac9372d.png,2
data\processed\Allaple.A\05054a2835aa0d02f710e9da008d592c.png,2
data\processed\Dontovo.A\01da8381c823b44a9c4edf3e1c48ea1f.png,9
data\processed\Allaple.L\033a0038baebccad490aa970621f654d.png,3
data\processed\Allaple.A\00584fed4f411adeac3126c271d28e9e.png,2
data\processed\Allaple.L\01f3f11cea94b34162bc399e32ab35ac.png,3
data\processed\Allaple.A\00cb4516aa5208b1fe3a75be8fd9a393.png,2
data\processed\Lolyda.AA2\00e6ce0cd25c83e993ef7ae7aed0f046.png,13
data\processed\Allaple.A\012c76eadbfca2a56e83b4a7843508d0.png,2
data\processed\Allaple.A\010988781c8f49b61a720679caade100.png,2
data\processed\Allaple.A\0355fb1022736fa3de07216c08109d81.png,2
data\processed\Fakerean\0805e92a41591db8f3baa8d3ed8e733d.png,10
data\processed\C2LOP.gen!g\0853bbcf651699d5cdad8ac9418708d8.png,6
data\processed\Lolyda.AA3\0094f26805d6980340f9ce3cc151e717.png,14
data\processed\Allaple.A\036620d59f5bd5d2690e190280b1925d.png,2
data\processed\VB.AT\00a678bfb002116637ce31c5f8ab8480.png,22
data\processed\Lolyda.AA1\00180ccd8a2ddc78b6ac19e640c30b4f.png,12
data\processed\Allaple.L\07325a7b6e9aaae5f8d58d8e2e281495.png,3
data\processed\Autorun.K\086c42b84cc993dec082a032940890d0.png,5
data\processed\Rbot!gen\d7f96be8ee1a446c036a0cda548180ee.exe.png,18
data\processed\Yuner.A\00d20a09842df44bc3c5c6d6bb508fba.png,24
data\processed\Allaple.A\07d0834e584d13533e7883c2ea95dac9.png,2
data\processed\Fakerean\01083e99fc5fb051d04e905ed0a4a97f.png,10
data\processed\Allaple.A\043b34ecfd813f7984fe55da96279031.png,2
data\processed\Obfuscator.AD\011e27ffd08029f6c26e0242d34abb8b.png,17
data\processed\Allaple.A\01a0b5314bc4b937de1a673265e3bf5e.png,2
data\processed\Lolyda.AT\020f7f177b63c00c612963601d7347f0.png,15
data\processed\Allaple.L\018322f7c05f2666239f1ee8607c0bb5.png,3
data\processed\Allaple.L\064898011e3975b8bb9af37b5acab0f3.png,3
data\processed\Lolyda.AT\008953ac594524a89af22354c7cf6f1e.png,15
data\processed\Dontovo.A\0623fcf31ca1d141f3a279c196cf6cc4.png,9
data\processed\Allaple.L\043eae9c01ceb0281a92074a5629c42c.png,3
data\processed\Lolyda.AA1\00c21a6b8c91ffd5ebd50cb5b078b647.png,12
data\processed\VB.AT\0293a6020776b8ef5b7feb02f07a3dc0.png,22
data\processed\Allaple.A\00586458b7d08416aed4dadee80f5525.png,2
data\processed\Allaple.L\006be24340dc1e8cb7ddb71635f92e3c.png,3
data\processed\Allaple.L\0502121ac04bc6dd5dca8ca5e9e86cb9.png,3
data\processed\Allaple.L\000140aa9d2faf7e643a5dc03f9663a9.png,3
data\processed\Fakerean\04c1c98073b0a23cb31169703e333c3a.png,10
data\processed\Lolyda.AA3\00e73d91cc629dfdccc66c8c699b9033.png,14
data\processed\VB.AT\08148d8fe5bfa7f71b8e3e8fcf3f6ed0.png,22
data\processed\Allaple.A\00650da282f05721087d92ed00096bfa.png,2
data\processed\Instantaccess\00cf0a2d0ab323ae64f70fd0f71fe4ee.png,11
data\processed\Allaple.A\076f403bc3bbb4cfc568fc7751c3da41.png,2
data\processed\Yuner.A\006e90a480b1de91c9563ad66c781208.png,24
data\processed\Allaple.A\0095dc95cd2f1202a03cfbb36dd6d1fc.png,2
data\processed\Swizzor.gen!I\062309c9a5e8750cee4a89a5d38db76f.png,21
data\processed\Lolyda.AT\03ce94c98e1514e4f81171ea36fbc822.png,15
data\processed\Allaple.A\048294ffc2de83175c1647982305dda7.png,2
data\processed\Allaple.A\0065bd0e8ceadbf06289cab70ce05162.png,2
data\processed\Allaple.A\08273c2c69e1aaa74f1cbcd4a55c324c.png,2
data\processed\Instantaccess\034903403ee0473b099245af4ec80e04.png,11
data\processed\Allaple.A\01062bbc0c6b748751c2378d810df033.png,2
data\processed\Allaple.A\03fe56296aebe2546c1ce03d8605de63.png,2
data\processed\Allaple.A\06d0b096a488e0b53f178d9192208765.png,2
data\processed\Allaple.A\05ba4aa095a69040c8415ba5747704ab.png,2
data\processed\Allaple.A\036191970ec5e3a0dce62be312bcb9bc.png,2
data\processed\Allaple.A\04c6628951206a951b4a794b5c990063.png,2
data\processed\Yuner.A\00560d965ca3245ba2ac0ac9b3ac8f73.png,24
data\processed\Allaple.L\0445f08eaf4bf1b15412508f27592287.png,3
data\processed\Allaple.A\0652a0464e5c05cdbc06971fc1d29996.png,2
data\processed\Allaple.A\03327462582d576cdb3d74db411b82ae.png,2
data\processed\Yuner.A\03f3f08987527d481066a9e456e3eb4c.png,24
data\processed\Allaple.A\081da2690c8a1cef98e8c2ee5a93766c.png,2
data\processed\Fakerean\064b82e692a1b68d5e9d0d4c2e079a57.png,10
data\processed\Allaple.A\015b13bdaeb70b3ac8b9b0ee8040bc09.png,2
data\processed\Allaple.A\016e76c11f1c52839955484da0caaa62.png,2
data\processed\Allaple.A\0556600b99efda0ae6a973f6663e2847.png,2
data\processed\Allaple.L\032501d21b22e1651c0f588faa03a08d.png,3
data\processed\Swizzor.gen!E\074a491c8b023e843f17b21cd19a3607.png,20
data\processed\Instantaccess\05b7d4d006ce16d17484845ddc65e96e.png,11
data\processed\Allaple.L\068357f1a936625adc33adf8edbea104.png,3
data\processed\Instantaccess\07710ff8a2e3ac39aafa89bf2f47d387.png,11
data\processed\Allaple.L\002188f92c06a21c4be20ac977651ba0.png,3
data\processed\Allaple.A\04f80646f330f121708719bd0d7cd398.png,2
data\processed\Allaple.L\00e3317b038b4f2b7ad693bcd879dd55.png,3
data\processed\Allaple.L\035592cb755e029f38437d675309d893.png,3
data\processed\Allaple.L\05d611a9c15aac4626ef9bc21f4ddcbc.png,3
data\processed\Allaple.A\068e0c369fb3ed5e43a7580780fa6726.png,2
data\processed\VB.AT\003f8c3ec25d26b80fbb336199d06716.png,22
data\processed\Swizzor.gen!E\01b777c2bde79adf9c0a7e248b83cb1b.png,20
data\processed\Allaple.A\03b58602736e0c5fef16e67ec5b74e1a.png,2
data\processed\Alueron.gen!J\059ba963644321ba4209f2b5834375db.png,4
data\processed\Yuner.A\00bdad5c480dee2d6f049274500c43f8.png,24
data\processed\Allaple.L\07141ba31c88d31a5e55cbeef6c6d815.png,3
data\processed\Allaple.A\003d44c96d7ce6446fbb6e46cd679cf7.png,2
data\processed\Allaple.A\0640afabe054de9e8298a0be6fd39045.png,2
data\processed\Yuner.A\054ac9a39960217e88d680ccabe0caf6.png,24
data\processed\Allaple.A\06deeb249e56c18bcac84972a8a4fc1e.png,2
data\processed\VB.AT\057c73bba2cb461fdf6604b512fd4d00.png,22
data\processed\Dialplatform.B\00c27b6423b4d35e48a54e3b69b81e4d.png,8
data\processed\Allaple.L\07920c2cc8a6bc0fc0174f356c24755a.png,3
data\processed\Allaple.L\06524ebf396548004410f99a4dde2e54.png,3
data\processed\Instantaccess\0138dedf0370118a191ba39cd4d5af1f.png,11
data\processed\Allaple.A\085048951cbf19a14aff35f5f70228e6.png,2
data\processed\Lolyda.AA3\00855c11a4229db61862def2dc01eec1.png,14
data\processed\Allaple.A\03cb088342de579da992403992cd4f38.png,2
data\processed\VB.AT\00b677afe71a9de25c6017482e911125.png,22
data\processed\Allaple.A\050baf6eda027d8c0f2ac8cdf33b7eea.png,2
data\processed\Allaple.A\00b7e4086540307270290b5d4359a6f7.png,2
data\processed\Allaple.L\01ea67a36a7eb0632c2625fc2ba85ac1.png,3
data\processed\Allaple.A\0626a38e2bc1d4582081aee7ab497d7a.png,2
data\processed\Yuner.A\03ef60af13e92f097db35481a0e15625.png,24
data\processed\Allaple.A\0354ffecfc67ebc368c03adf549539ed.png,2
data\processed\Allaple.L\03a668b5aa2eb00872d7794d8a93f471.png,3
data\processed\Swizzor.gen!I\070bedcb9eab0c49867fcb70a4d1ddbf.png,21
data\processed\Obfuscator.AD\08882d8d089cd5de5e07cc9ae36bd87c.png,17
data\processed\Yuner.A\0029dde90b38fc13bd25b870af6f59a1.png,24
data\processed\Allaple.A\00d7d9d40779a4d495181f05d8f662f9.png,2
data\processed\Autorun.K\00828eb372ad438340c4334e645a17ad.png,5
data\processed\Allaple.A\00db4a645a736e9ae94da0a2a7efbe44.png,2
data\processed\Swizzor.gen!E\00c72b8bdd8348a63326bf174761be2d.png,20
data\processed\Allaple.A\0079a5a72fbd191b5ca30a0b4c6f8374.png,2
data\processed\Allaple.A\070fef4c7d67828c4607c3e9eca1c29b.png,2
data\processed\Yuner.A\0144dff2ee6bfa4eb506177bb8be5f53.png,24
data\processed\Fakerean\014509c039481b83fba7d3b9181c7799.png,10
data\processed\Allaple.L\036ceefd11575dcb8874fe43977203aa.png,3
data\processed\Fakerean\077c36747186a85ee01abf410456a4a4.png,10
data\processed\VB.AT\06a21aecc1695e36dbed67bc3d447eb9.png,22
data\processed\C2LOP.P\003b49e4cc86d5a866821f66a714b4d3.png,7
data\processed\Dialplatform.B\0742301728d8344bd8c554114eadd99c.png,8
data\processed\Allaple.A\06cec283f6db7456d3e6c08a5818c351.png,2
data\processed\Allaple.A\077aafb3cbd4545298eadc28ba55ba15.png,2
data\processed\Yuner.A\0847910424871e70ba8b17b799a5d4de.png,24
data\processed\C2LOP.gen!g\0600530f3ea6d381e8d5f461e4b9047e.png,6
data\processed\Lolyda.AT\06d3b1ea00929ff9870fedcaeed946b3.png,15
data\processed\Allaple.L\00d9ca3f091996d5bf3e3a2c0e512417.png,3
data\processed\Allaple.L\074f0ff427df5e990c8ec16a2acdee0c.png,3
data\processed\Allaple.A\0868e1d6b65c472efc1fbea5c4235688.png,2
data\processed\Allaple.A\05cd98c98b869f27912f147205740412.png,2
data\processed\Skintrim.N\001ddfa8d2c507d6cbdb372008b46a52.png,19
data\processed\Allaple.L\0345dfbeecca5cba6f5d543ff0880d29.png,3
data\processed\Skintrim.N\000ae8c2522bd2309aff9e156a60c5cf.png,19
data\processed\Yuner.A\0485d7d328c07c5068cc72fcc8cfd5d0.png,24
data\processed\Allaple.A\048d8276f73c21bcab51265f293ec077.png,2
data\processed\Allaple.A\00c05979f541173635f236e25f8b0b50.png,2
data\processed\Yuner.A\00a8784e0b1fe40cf4025f4649895170.png,24
data\processed\Obfuscator.AD\07465173a2aafd8a4d62b210f3b2aa6e.png,17
data\processed\Instantaccess\03eefa0b07dc24be3fcb8aa61339dad5.png,11
data\processed\Allaple.A\05e01989129b0c79823df04d4216db04.png,2
data\processed\Allaple.A\052835fd678ec83d7ae24d2fcd160dd0.png,2
data\processed\Lolyda.AT\081e326f4e318f565eb711fd39ac45da.png,15
data\processed\Allaple.A\00d94c1147d2014063a102b8e00c3800.png,2
data\processed\Swizzor.gen!E\04f1ed2e69da4ce242e7a5d667b35f2d.png,20
data\processed\Allaple.A\0014914aaaa77d1867b5b8e0fc6a1096.png,2
data\processed\Instantaccess\03d1a10a37e10b99cf40d9507e8bdc1c.png,11
data\processed\Lolyda.AT\0147aa6db73b91d988cc90e3125f79c5.png,15
data\processed\VB.AT\0783bdeba18702d7e1dc071c7ccf11a8.png,22
data\processed\Agent.FYI\003bded45dab5ee1d20452b8be13af5f.png,1
data\processed\VB.AT\00d1b20264d3d114f0dd401a1867fd19.png,22
data\processed\Allaple.A\07193c0ce7e18dba6ead85ec04e6c43e.png,2
data\processed\Rbot!gen\a8aa8002ea13fbc69e50fa5bb03a3921.exe.png,18
data\processed\VB.AT\03e1b56cc28d0623a1bf17277c7d8f4e.png,22
data\processed\Swizzor.gen!I\04adf12a1fce5bcc4f28ab962b49294f.png,21
data\processed\Dialplatform.B\0020ebfdc288ac7b93f699c50ca1bc43.png,8
data\processed\C2LOP.gen!g\02a2140d94e89e3722dd8f3acb73c3d2.png,6
data\processed\Allaple.A\01995818572edbfa01f172ce339553cc.png,2
data\processed\Instantaccess\03e283a310de343b2eeb17339228ce73.png,11
data\processed\VB.AT\00dc064bd7c4c7f208051f9d13db4246.png,22
data\processed\Allaple.A\073ac7dcb09a5a4234944b4731c18d4a.png,2
data\processed\Allaple.L\00840cbdc7c54d096e0b1c734b7e70d4.png,3
data\processed\Allaple.A\03742c30f277a7dc05c7c5fa7426a12f.png,2
data\processed\Allaple.A\0501a76a157f6a8d5a0fa05e1313ef22.png,2
data\processed\Yuner.A\01997941c846fc6efe40790a95c8c612.png,24
data\processed\Allaple.L\0049f2607e9eac4010ba1fa8e30315b3.png,3
data\processed\Instantaccess\02e5f27ce8313a7c44af8b4adedee3f2.png,11
data\processed\Allaple.A\03a1ae7f7050e4d9d475a3c022516cc9.png,2
data\processed\Lolyda.AT\067c868207fb1a58ce9657bda56befc6.png,15
data\processed\Rbot!gen\511a177421940c5d8ec532c019fb5c69.exe.png,18
data\processed\Allaple.A\05cc732a21a56044cd39d7ae9f5ad846.png,2
data\processed\Allaple.L\079622ec067b514258ae0ecc2b164904.png,3
data\processed\C2LOP.gen!g\0869c0d55fa8582d9000e8c5a26627ac.png,6
data\processed\Allaple.A\0363f739488c5183bfe1978d8eec4dac.png,2
data\processed\Allaple.L\00bc35cd2a059ae384af25a75854d5aa.png,3
data\processed\Allaple.A\0823cb0f9ccb54f0938ae29ef6710fdf.png,2
data\processed\Yuner.A\00859eef66ba7f636f109f05fb765aa3.png,24
data\processed\Instantaccess\00491090f285437109198dc8726e0925.png,11
data\processed\Allaple.A\0344b689e430b614f76d0efd951f42fd.png,2
data\processed\Allaple.A\052e7c02449ac7d4f1633ad052428825.png,2
data\processed\Fakerean\0536e501950b0e846490e0cc3ea8189c.png,10
data\processed\Dialplatform.B\00efa101c3755253b928f36c000c45d2.png,8
data\processed\Allaple.L\0314f24ceeadea1aa001bf7087e246d9.png,3
data\processed\C2LOP.gen!g\042fe57f4a03c17969cfbda90d606745.png,6
data\processed\Allaple.L\048a8b7e6e00d8e8c79d8c95e41cc1a5.png,3
data\processed\Autorun.K\031420cb5c4310b114a3ad1282f87db1.png,5
data\processed\VB.AT\068472bfdf10a7d565593d7271fe1a3a.png,22
data\processed\Allaple.A\04ac858cdde0fc29362bef912e05ef0a.png,2
data\processed\VB.AT\00d603aee33d1bf4b5578afb2b9af8f3.png,22
data\processed\Allaple.A\0889bb90ac6bbe198973c9720fd6659d.png,2
data\processed\Yuner.A\0031bd196bacfa8effc8019402c55594.png,24
data\processed\Allaple.L\04e8003700448490e879093b374dff5b.png,3
data\processed\VB.AT\00a70c9d48cc596451c51a2b14fafd55.png,22
data\processed\Allaple.L\0172943850bd77841fa856df6cb955ba.png,3
data\processed\Allaple.A\01ba351e362c6b1313c61587d487f3d6.png,2
data\processed\Alueron.gen!J\0703b92430bda0ac18750f7bf1cfafad.png,4
data\processed\Allaple.L\03be34d0562a245c949531573076de66.png,3
data\processed\Fakerean\04ab4125dc6c0855518760a0fc5cc63e.png,10
data\processed\Allaple.A\038d64007ddb57b9ded99449c0faa533.png,2
data\processed\Agent.FYI\00275a24e433a32333315022c5e1b520.png,1
data\processed\Rbot!gen\3c02f082b6298394a343c6a27b0dddcd.exe.png,18
data\processed\Allaple.L\0756cd25792d89861fb24b303c496a5b.png,3
data\processed\C2LOP.gen!g\032eb40f9bf35aa3c3a0ffe1002cba18.png,6
data\processed\Fakerean\00c9edb1891387e614077c33f8402537.png,10
data\processed\Lolyda.AT\0629a8a548c7abae89dbba50bd57856f.png,15
data\processed\Allaple.A\06ad8508a7df20025b5981c65c844e6e.png,2
data\processed\Obfuscator.AD\01259f29264935e2b6c3d1110c3a2be5.png,17
data\processed\Allaple.A\0395219e2f5c2db5bbf03d41ba56d504.png,2
data\processed\Instantaccess\000ee2bbcbe013fff2cbed6e43e9e37d.png,11
data\processed\Allaple.A\079f4cb9e9537dfee174b0ed128506cb.png,2
data\processed\Allaple.L\0831e5628c0800cb7486283e51c43c66.png,3
data\processed\VB.AT\0533df27c1c0f9633544745bb59d7de0.png,22
data\processed\Swizzor.gen!I\0497419dcdabf9fec06e285237ca4898.png,21
data\processed\Lolyda.AA3\007fcd61fe0ce4f02a7d96ddb17c57ea.png,14
data\processed\Obfuscator.AD\00b8b4e614cc77693dc25f4d8262a047.png,17
data\processed\Allaple.A\06b776ba184d1ba4d2ca39c44f177a14.png,2
data\processed\Swizzor.gen!I\014b1ac9c37c234a6ea83460f47f8993.png,21
data\processed\Allaple.A\045564044519ebd3f5e44625c9311f09.png,2
data\processed\Yuner.A\0173dc1e22caef692d8f924b464920ae.png,24
data\processed\Allaple.L\0147f899c584c79e15ab8b038fa2668e.png,3
data\processed\Allaple.A\0310b051d7c236c8e6491cb10ef45b1f.png,2
data\processed\Yuner.A\007c39955d89ad52ce08c040a8638d49.png,24
data\processed\C2LOP.gen!g\057b50c0e8c2cf7791d768c91f862dfa.png,6
data\processed\Allaple.A\06b7b00466f773fdd190c6d702a570ba.png,2
data\processed\Allaple.A\0495551b75a0051535dc9f9a85d3ea20.png,2
data\processed\Yuner.A\06d392a2191d95cb5fa032ca186e1170.png,24
data\processed\Adialer.C\058967ebddcce17902948cf1ddac69f3.png,0
data\processed\Wintrim.BX\00e242b1966753beb08487feda16d6d9.png,23
data\processed\Allaple.A\0494c6b6382d45b4d59ea5f52e45127c.png,2
data\processed\Allaple.A\00a431e443caf1fc97aee511f37ea00a.png,2
data\processed\Allaple.A\0781d3a5222a08a2c4d88b8bc8ce082a.png,2
data\processed\Allaple.A\01bb571cb40e841d1e081e1f17d7f3e3.png,2
data\processed\Allaple.A\003083e83bf9498da86b96faeb373fc7.png,2
data\processed\Fakerean\06b61f47eecfb837f32050f9b79e06af.png,10
data\processed\Lolyda.AA1\00488b238ad9c42fb307afce7540e536.png,12
data\processed\Allaple.A\044ec0e9bbe9b5c63a3ec87c4c090b86.png,2
data\processed\Fakerean\00d0aaa2995d0d13e63ab85baa747a21.png,10
data\processed\Allaple.A\0811580843a2134104924ceee5d2d214.png,2
data\processed\Yuner.A\05bc49a8ebbbee58de7f593015c99ce1.png,24
data\processed\Allaple.A\04b9f1af68dddcb75b0f4e6588fe7bec.png,2
data\processed\Allaple.L\08b41901b8d64ce02399eb567f6eac40.png,3
data\processed\Lolyda.AA1\00fbc011c052e8dc2c886ee837b28140.png,12
data\processed\Allaple.A\088744e8c6cd7a1c9ed9627bdea3803c.png,2
data\processed\C2LOP.P\03fb0b6f6d5b251aa4352842589e0861.png,7
data\processed\Allaple.L\0882a52ce9b36057780cc10f04c70a64.png,3
data\processed\Allaple.A\049f43eb1e640b8fc633435b01309534.png,2
data\processed\Allaple.A\06e314659ab75d37fd736579d43fceac.png,2
data\processed\Allaple.A\05cc8864c2cddaf983710441f32e546c.png,2
data\processed\Instantaccess\00b8380f35fc59aa262f77b86cd16210.png,11
data\processed\Yuner.A\00320934c042573fa2ec9d4e0e5d05a9.png,24
data\processed\Allaple.A\087a0167368a35d1caa0d2ee1cb4b78a.png,2
data\processed\Fakerean\016a42fa4bef5611223db7ef1467180d.png,10
data\processed\Yuner.A\00674b8058982b2183a400e32f668752.png,24
data\processed\Allaple.A\0033a812153c79e62c78a6117bd51599.png,2
data\processed\Autorun.K\03d314e089a013507258d8249f5c8dd7.png,5
data\processed\Allaple.A\07a59a084a32ea72837fb8ec34cc132a.png,2
data\processed\Yuner.A\037e5910f59a0540a6227339654c0b9b.png,24
data\processed\Allaple.L\03736498d20943aac4cfd2dbcb90c39b.png,3
data\processed\Allaple.A\04018fbee1b51a1ff14b8bca0cdc6ab9.png,2
data\processed\Yuner.A\044de4cb5e9ebae35ae1246420b3084e.png,24
data\processed\Autorun.K\04424aa114b01ab71f593bd7dbe4e661.png,5
data\processed\Yuner.A\0046a40c51ce066baa251c7206a9aaef.png,24
data\processed\Allaple.A\034ab51af1cf82490fbd80cc7afe737d.png,2
data\processed\C2LOP.gen!g\01687c9ecd12ed2bdc81f096c4a2724d.png,6
data\processed\Yuner.A\00dc321e39f127125b96544f83288912.png,24
data\processed\Fakerean\0194f30a2a9c9a0e907684a963966dd1.png,10
data\processed\Lolyda.AA3\0074d9cbef77f558dc761662089de8e2.png,14
data\processed\Skintrim.N\00ac3c265e5d8389f8af00427ff51555.png,19
data\processed\Allaple.L\044f9645050a3aa584f9c6e2b4de5a4c.png,3
data\processed\Yuner.A\0825616ce78826a796f41b201e683af4.png,24
data\processed\Allaple.A\04403b008cc9ab75fd0f37c4c017f07a.png,2
data\processed\Lolyda.AA2\00dd767f98d2ee742987eaab3dc4ceba.png,13
data\processed\Agent.FYI\02d1ce911d005a360f343aded5ac08ad.png,1
data\processed\Allaple.A\07174f35ecd49112661fe5d8df8e39ab.png,2
data\processed\Allaple.L\05ca11c9bcc05c5b4480870738924b9e.png,3
data\processed\Lolyda.AA1\00881bb589e27ed5631a4310ee75163d.png,12
data\processed\Allaple.L\03ccacd07d51106bcaa97152d2c7718b.png,3
data\processed\Allaple.A\017e3200b985f605ea7d0c2c34f4ddd8.png,2
data\processed\Agent.FYI\0095a73b6d04a452e6956e455d3b3229.png,1
data\processed\Agent.FYI\00a6fb4c9c3a7894b7d43c32c5a223b3.png,1
data\processed\Allaple.L\078bdcefc748b5d680a15c7beebc7911.png,3
data\processed\Fakerean\00ac97bcc62006e5bdf1cab4d5b52940.png,10
data\processed\Instantaccess\0738276df2db7344c9d3c05c742d57a1.png,11
data\processed\Allaple.L\0449c17dd9d82a29b38924c40365b825.png,3
data\processed\Yuner.A\009db3ab7baf3ff21cc12cdd090c4922.png,24
data\processed\Yuner.A\0789ba4355e88e43ad3c608620ad9cf9.png,24
data\processed\Fakerean\0621e23318a7f1b2b3a4851497719cc3.png,10
data\processed\Allaple.L\07948ef9af35736b92dfa00a614cb5c3.png,3
data\processed\Yuner.A\00b7d55b43b454081cfc7bd3fb3fc0d0.png,24
data\processed\Yuner.A\00033b7875a984a66a4f376910735486.png,24
data\processed\Allaple.A\047d3cb5001d9870b55eca4f804da809.png,2
data\processed\Allaple.L\015823927acf749c0ae8809b0b9396cf.png,3
data\processed\Lolyda.AA1\007f83ef05075252252cbffa08717cfb.png,12
data\processed\Swizzor.gen!E\04ccac9271aa4eebbaeb72aff2090a10.png,20
data\processed\Agent.FYI\00b4f405f21d5aad547558a44191df29.png,1
data\processed\VB.AT\08af07c4d21f9d2226094760b8bd9754.png,22
data\processed\Allaple.L\031c7c65dbb5cc9af3a774ff9a4a7496.png,3
data\processed\Allaple.A\069af7dfdf00b3262fcf83bd2f499b7b.png,2
data\processed\Allaple.L\072cba1eb1a57a642229396d9e97ac36.png,3
data\processed\Allaple.A\0768f560b55efc11e243f19477839eab.png,2
data\processed\Allaple.L\06b0666a7ab819c5e31c935c732a79f7.png,3
data\processed\Obfuscator.AD\0361ac7ec90120f6cb9dbfeb9c7d6e68.png,17
data\processed\Allaple.L\083afe03e29734d0a3665878d20ae429.png,3
data\processed\Allaple.L\050fc5832ce2fd90af15df2b39042d8b.png,3
data\processed\Swizzor.gen!E\00b62f5e4900915172248c8cb5f9d606.png,20
data\processed\Yuner.A\018d6e440c8b85de41231642ff4096e3.png,24
data\processed\Swizzor.gen!I\05753172a508e73a739f0932f2116462.png,21
data\processed\VB.AT\024a971b5295e8d5c2b3d97da4c20c6e.png,22
data\processed\Swizzor.gen!I\0729ffd34d287beb056630408d868682.png,21
data\processed\Allaple.A\080126aaec88fcef0c19cfa8933af700.png,2
data\processed\Yuner.A\00594176c1fec1cdc74d78c104d8b5af.png,24
data\processed\Instantaccess\0798abf619cceef95f576560cfdd0773.png,11
data\processed\Allaple.A\046806c8bbad98acce9bb15c00ac312c.png,2
data\processed\Allaple.A\04e7c25bfdb3115602a256325066e098.png,2
data\processed\Allaple.L\0710362b8d5b2dada7acbb7ee1a26352.png,3
data\processed\Allaple.L\03fb883e2c6e830ac0c55aa31e3ce8c9.png,3
data\processed\Allaple.A\009d8c6c443490e3d96e9913dd29bddc.png,2
data\processed\Allaple.A\08464bdde646ffb69ab8a33f06374da6.png,2
data\processed\Allaple.A\07ab2eadd327b326ae3b1fc1cbd390dd.png,2
data\processed\Allaple.A\009c7de9f0a00109c1a20501def5dc5c.png,2
data\processed\Allaple.A\013127cc20cf39cb0b89cb890e1080fe.png,2
data\processed\Allaple.A\045ab0c5b33e59ac459e1135330d1832.png,2
data\processed\Allaple.L\013587fc92dbfae941302567be0803a4.png,3
data\processed\Allaple.L\01c822ffdf5232a517e866397972f576.png,3
data\processed\Allaple.A\080df20b7fa9378ab3f055769042ae3d.png,2
data\processed\Allaple.A\03eec89a567b67c3fc62d7ae85ec92aa.png,2
data\processed\Allaple.A\036550e7bb16dc198546c890b722edde.png,2
data\processed\Swizzor.gen!E\04ff4c40df48ec8431b986e55aeb2091.png,20
data\processed\Lolyda.AA2\003edd44221fc7d7f2878ab07c0c472c.png,13
data\processed\Allaple.L\00759f73f69dda29f8ea499c47cc964f.png,3
data\processed\Allaple.A\07099f35a3b47b1fb5941a8b17f0abbd.png,2
data\processed\Yuner.A\054dc48c334745bab96074fe0223c2aa.png,24
data\processed\Swizzor.gen!E\04c2e43c6913a02af391d276e35f3bdf.png,20
data\processed\Instantaccess\019f52631b7872a843b3faa5dded5e4b.png,11
data\processed\Allaple.L\001cdc5c30502bb8c00d3d19757ddb2c.png,3
data\processed\Allaple.L\01450cd91dd4801452219b2a9992bc91.png,3
data\processed\Yuner.A\07c1ce8a34c9796275de7562760e7374.png,24
data\processed\Allaple.L\074cc7298778114b29e253401a5a5e0b.png,3
data\processed\Dialplatform.B\00409e86a8ad9b52680427d6bd2086b0.png,8
data\processed\Alueron.gen!J\071a111f13774dd08d384d8d9f90d119.png,4
data\processed\Allaple.A\00ba5de1b147258d17838155cc35b9d3.png,2
data\processed\Allaple.A\0736c105af8f27497286424fa442cb40.png,2
data\processed\Malex.gen!J\03b93357dbe7fadd15ac6ea71cb1df2d.png,16
data\processed\Lolyda.AA1\00c51f6f40e355c6ea8e0b19a823e752.png,12
data\processed\Yuner.A\0155f774c79b44b51a6444acf0aa37ca.png,24
data\processed\Allaple.L\07908e044047ec1dda349c8583c2fc47.png,3
data\processed\Allaple.L\050d1d591aefd31603c7ab7dd41774a2.png,3
data\processed\Dontovo.A\01b7712fd907ffbb34614a0a0f238741.png,9
data\processed\Lolyda.AA3\0170c44cac1ee45936c21df8cb44807b.png,14
data\processed\Allaple.A\00fc785910ebf9eaf1dcc453d0e9d78f.png,2
data\processed\Instantaccess\0768199344d3743c9914f96df0136874.png,11
data\processed\Swizzor.gen!E\06643e13061fc35f37955f4edf901f51.png,20
data\processed\Allaple.A\00103afc6f440bd4bebc80fa7df94f9e.png,2
data\processed\Allaple.L\0458188f228294612c52f71940b0d97b.png,3
data\processed\Agent.FYI\005cd476ceb174041dd5b08b5fc9decb.png,1
data\processed\Adialer.C\07bf5a839b319a61370fb47128daefde.png,0
data\processed\Allaple.A\06547f694e76bb26e946e954a1a42e50.png,2
data\processed\Fakerean\02d80bf31d80931956b2fca655f5b271.png,10
data\processed\Allaple.L\046dd0d34aeb18a4aa2d842531fbdd95.png,3
data\processed\Allaple.L\0497b506acef9ffa5f58bd1578288221.png,3
data\processed\Allaple.L\05396b667a5eed517819d5da19e6c23f.png,3
data\processed\C2LOP.gen!g\089f14257f371d4b052764df5577a697.png,6
data\processed\Allaple.L\01b0f1df2d5c1fece3d8cc746bd50e30.png,3
data\processed\Allaple.A\00a54e82a199c28b8be6872b026c398e.png,2
data\processed\Swizzor.gen!I\006138ba87cbc9069102b5f851a98e16.png,21
data\processed\Lolyda.AA2\005699c63cb71815989f19f95c168921.png,13
data\processed\Dialplatform.B\0866008d9f56a0ee118f09927075f9d4.png,8
data\processed\Allaple.A\030a67f3068aea29804b32ffe242daaf.png,2
data\processed\Alueron.gen!J\00feb260b6dccea24ae7eee13cf0c499.png,4
data\processed\Allaple.L\085c17cea351a20aad1f23719246e629.png,3
data\processed\Yuner.A\01dc08d439482c44626e660f5b9a44da.png,24
data\processed\Allaple.A\07791b136906a7aa687aa7664823f1b9.png,2
data\processed\Allaple.L\0325e055cc749fc418f6be8a10b59dac.png,3
data\processed\Allaple.L\04aa9c88c64930143dce8370764e4d56.png,3
data\processed\Dialplatform.B\02063bc357372fd9ee34c2a6566aa3c5.png,8
data\processed\Lolyda.AA3\002d0d4813f1e36134b670996a640bc5.png,14
data\processed\Allaple.A\042f59eb5e2e16802e047fb03a8c99ab.png,2
data\processed\Lolyda.AT\007e89a7126f2c90a00c64b11971038a.png,15
data\processed\Allaple.L\05b5cb0d3c345d9ba6e7e4bf6bdcb4bd.png,3
data\processed\Allaple.A\003e4764a8283200e4e4f01ca3417960.png,2
data\processed\Allaple.A\04ce1acea1aa444389ca5a7aedd7b398.png,2
data\processed\Allaple.L\08150c8234545d8d3aac3b89c517dbcd.png,3
data\processed\Allaple.A\05bdcf24d356e235006367f071819041.png,2
data\processed\Allaple.L\0178c32518c0dd5e6d993939f715162d.png,3
data\processed\Allaple.A\00f62b1dd15cf72832aef8c333844ec9.png,2
data\processed\Allaple.A\0008c498cad7f1498b301fbe24bf4954.png,2
data\processed\Allaple.A\038f126fa7f3db3d92bf240f07ec8985.png,2
data\processed\Yuner.A\04e28de9178ac53126a08ebf7d727d6f.png,24
data\processed\Allaple.A\0038bcd98e8d969d09ece22e7b03189a.png,2
data\processed\Allaple.A\0531efe3974bdce280a50829b2cb350e.png,2
data\processed\Allaple.A\05e5489b9394914c9f2bc3c1fb91311c.png,2
data\processed\Allaple.L\047305a732e33bb2640b832d8b032ec7.png,3
data\processed\Fakerean\001bd95147871c77e5be83d1ba7b362a.png,10
data\processed\Allaple.A\035377ea97ecae5875fb1b341d2aec94.png,2
data\processed\Allaple.A\0310a4ee8fe67db32e995b1037df12b8.png,2
data\processed\Lolyda.AT\0205fafb998daf57ff5c3c39410ceb18.png,15
data\processed\Skintrim.N\003a1198ba4de2d6eb876f272e2da80c.png,19
data\processed\Instantaccess\05dec36567181dd43efd4f47e32ebc31.png,11
data\processed\Adialer.C\065b51cdf941073bb720bc01d515dae1.png,0
data\processed\Allaple.L\01e0d33c62bae611e932b799dcecec31.png,3
data\processed\Swizzor.gen!I\0077de059786949493843999c819dd57.png,21
data\processed\Allaple.L\07789b1062a263f240b2554ffa5567f3.png,3
data\processed\Instantaccess\075cd24d60066528d202c5573dd5dca8.png,11
data\processed\Swizzor.gen!I\04b010726ad62facb26df93978216b63.png,21
data\processed\Allaple.A\0716bf041f43ce605db579c4afd101df.png,2
data\processed\Allaple.L\03165ff376113e15581113187ff99d57.png,3
data\processed\VB.AT\05ad192c1b1a7278307dab6af1151c63.png,22
data\processed\Instantaccess\03d730975308d51e87643deaf109b3c2.png,11
data\processed\VB.AT\060b92a21b5731a5d41b94f764f6b8b9.png,22
data\processed\Allaple.A\0084c6ff8138eaa19fd8c55bde814a3a.png,2
data\processed\VB.AT\04a4bdc1e8384d0a46a2b9153005124d.png,22
data\processed\VB.AT\013e5b7d68426002dd6c80a5456c1557.png,22
data\processed\Allaple.L\05aa70e3a03fd574fc6dfc254bdd8d9a.png,3
data\processed\Allaple.L\018dd42940af456b0239035dd0aa47e5.png,3
data\processed\Lolyda.AT\0683a456f253639fbf5603a9e5286704.png,15
data\processed\Yuner.A\08b53ab9f2a056a4e53534d47df297b4.png,24
data\processed\Fakerean\03a5680497e4445646a22900a76058d0.png,10
data\processed\Allaple.A\005c785f7e9c454972fc61f3aa349e92.png,2
data\processed\Malex.gen!J\00f019a9a9b780114f0eba97dcdec995.png,16
data\processed\Alueron.gen!J\05cb51270f3b29dce613f2ae0e0535eb.png,4
data\processed\Allaple.A\017bf6036551ad7046a8043d6824f3ad.png,2
data\processed\Swizzor.gen!E\05465b241e47ee78d83e385b5ce68221.png,20
data\processed\VB.AT\000f200618c412164a541149d0728498.png,22
data\processed\Fakerean\05593b2b45696f928b19db2a7ac7623d.png,10
data\processed\Allaple.L\05284aa280bd342ce3bd52a082c1a8b8.png,3
data\processed\Malex.gen!J\014b57df7af5a3ec248e02b4f1086ee5.png,16
data\processed\Rbot!gen\d682a3d7b58aa7ce3bbcead457674b32.exe.png,18
data\processed\Allaple.L\04681995f040caf4ab89b197758fe0a1.png,3
data\processed\Malex.gen!J\0044a2b033f818dfd8931b6bf88530d7.png,16
data\processed\Lolyda.AA1\00a5867b3c40e0a17fdb52d56ab349a7.png,12
data\processed\Swizzor.gen!I\006d14292350d9972e68b68329e853b8.png,21
data\processed\Allaple.A\082d85c314116dae95abe5996f50c869.png,2
data\processed\Instantaccess\05d28416083494534a5f9dcdaba801b7.png,11
data\processed\Skintrim.N\00813424e6cd4d896c618bbe2b705ff6.png,19
data\processed\Lolyda.AA2\00c141cad0a9607af953a7d2943511bd.png,13
data\processed\Allaple.L\01197fd74a0419ad166dbd80c950d4c0.png,3
data\processed\Instantaccess\00336181099747efe57ac04b9e50d3c3.png,11
data\processed\Malex.gen!J\045efea6c76ffca1d743e1276a7b769c.png,16
data\processed\Allaple.L\01ec78bc28c1722d401ee29f79df0556.png,3
data\processed\Yuner.A\07afb20dda022eeb2c334ecdde65280b.png,24
data\processed\Allaple.L\033b4a069730fb8f1ae0e3646c0bc1e4.png,3
data\processed\Allaple.A\017980fc3daec81e56d235de97a2e70b.png,2
data\processed\Allaple.L\04afe6c4287a5629cbbade36a4c0394d.png,3
data\processed\Allaple.L\01d2d4de7506e60c4252b2c8cadc733a.png,3
data\processed\Allaple.A\00b3637f991955dd60ffe4faae82c5dd.png,2
data\processed\Allaple.L\0683544d62edd6fdf7e36068b12753da.png,3
data\processed\C2LOP.gen!g\022918270fab6302f741b18aab36020d.png,6
data\processed\Lolyda.AA1\00f15031b1a3e902e5ec06652ee62765.png,12
data\processed\Allaple.A\088a502b1623685038cd2faca97dcc1e.png,2
data\processed\Lolyda.AA1\0094acb2bc0696ef2703f024dc772b31.png,12
data\processed\Rbot!gen\c19d447ac95fcd2bd51e8423866ea99d.exe.png,18
data\processed\Allaple.A\03efc0c21da1eab6f89e7ad1f197d8ec.png,2
data\processed\Agent.FYI\00dff301afdcb75efcffcfc58a23e0b4.png,1
data\processed\Lolyda.AT\01b53ca13b4881699e8e6111759cb29e.png,15
data\processed\Fakerean\07af1d8941c0df9694195ef0e70b255d.png,10
data\processed\Allaple.A\00220b5385e9c8955ef3ffaa6c90abff.png,2
data\processed\Malex.gen!J\057f8f3749eedfae876546449bcd01f6.png,16
data\processed\Allaple.L\050db724e8cc6726431ebdcbb36bcdac.png,3
data\processed\Allaple.L\070749dea08d8656b7d227993d10f21d.png,3
data\processed\Rbot!gen\53dfb9688912a509e010012aa9e78159.exe.png,18
data\processed\Rbot!gen\52a1c9af826faa4c1733c5ad06550be7.exe.png,18
data\processed\Allaple.L\05d96a2ee719067aaa0500bee6d27320.png,3
data\processed\Swizzor.gen!E\0828267f550cc0a3dd22067ddb57f1c0.png,20
data\processed\VB.AT\01594f3fb8a4837965ef687adc30694c.png,22
data\processed\Allaple.L\040cc3e17592d20246c70c8d142e6646.png,3
data\processed\C2LOP.gen!g\01f8d9455be8a26c992703428ec440a9.png,6
data\processed\VB.AT\00185456bfeb0f5b06a21cb8c7c28a0e.png,22
data\processed\C2LOP.gen!g\0075ce5a3bcbdb14a17996c11c7ecd42.png,6
data\processed\Malex.gen!J\0027dfbce8c3a5cfce6f7c70c24ead61.png,16
data\processed\Allaple.A\06796b9d7e8b42860f3a82d627764fd3.png,2
data\processed\Skintrim.N\0058d7d1e0897e2234d86c8d1e8dddeb.png,19
data\processed\Lolyda.AA2\00958014cbdbf88a925f324284318b80.png,13
data\processed\Allaple.A\018ffd34237e722763636b51d7437c94.png,2
data\processed\Swizzor.gen!E\0451baccf669d622f5adb269a5c82cb2.png,20
data\processed\C2LOP.P\010146baaab964a8264ef8141e2148ff.png,7
data\processed\Skintrim.N\00846c5f2bc1400cc6d782d6857041d5.png,19
data\processed\Skintrim.N\007f63de875ef49d111f64c455582eb8.png,19
data\processed\Lolyda.AT\077cd45a1108cc759126ee85666f480a.png,15
data\processed\Allaple.L\051b7742c53e724f2c0bfd032a59e9d5.png,3
data\processed\Yuner.A\01e9553fde9e31bca2232764cbb54e22.png,24
data\processed\Alueron.gen!J\0737ca9717fa4a6f76b18baa4384690d.png,4
data\processed\VB.AT\02a6e9468f9f301d5cbed99e0fddc061.png,22
data\processed\Dialplatform.B\018b20536f158469edce36d8bc1dcaa7.png,8
data\processed\C2LOP.P\08078f0a63e2f79f9e90efdc13cbf96d.png,7
data\processed\Allaple.A\060da16ec0bc544ddc584ef21b1a390c.png,2
data\processed\VB.AT\08766b5cae317baa81801c97a609c124.png,22
data\processed\Allaple.A\071f5d8cfad4b5ecb59debd506ac5738.png,2
data\processed\VB.AT\0038882cb2bd5242ac86e4ebd94f582c.png,22
data\processed\Allaple.A\048fa738ee78b690b9158baf6bf22d71.png,2
data\processed\Instantaccess\04c72750d96bb30d764fc2b1f7fab887.png,11
data\processed\Dialplatform.B\0661e54e5f4eaa3a43494c6e45653328.png,8
data\processed\Swizzor.gen!I\066b58a9086e615b6a414adf5acff97f.png,21
data\processed\Obfuscator.AD\07e1f4d873519034c84d3bc2ca8947eb.png,17
data\processed\Allaple.A\01f9040e6776937d59541a523d7b9b0e.png,2
data\processed\Allaple.A\03611c245b28aad4051427959b38327a.png,2
data\processed\Swizzor.gen!E\0857dfa2f619d73d2b5ff5fea5d98545.png,20
data\processed\Instantaccess\05163aa24c0eededadd6c22a22aa9554.png,11
data\processed\Lolyda.AT\02e89f081562b1cb37425d97f76e718d.png,15
data\processed\Allaple.A\045a92aed80bb03f72b647b254427a1e.png,2
data\processed\Dialplatform.B\0405c360059d198946662c78910ada7e.png,8
data\processed\Wintrim.BX\00ab053d7acab54eed85fa68f0005bd3.png,23
data\processed\Allaple.L\00ee9249315fefc37dfa18f9de41fca6.png,3
data\processed\Obfuscator.AD\0729df91613d8d466ed49cc509a3acad.png,17
data\processed\Allaple.A\07d2f0251939c8ea5e2134db2d0be945.png,2
data\processed\Allaple.L\00ea19acf7eacdcc4427ab648164de19.png,3
data\processed\Allaple.A\086f6cb3856e422aa85f53ce97830c97.png,2
data\processed\Allaple.L\07be46675e844159c451c0a66a92d220.png,3
data\processed\Allaple.A\012a60a288b9392d7b463154fe0c0be9.png,2
data\processed\Allaple.L\050cd48639cd13662603924241b49373.png,3
data\processed\Allaple.A\0055c5c1c802d73410d09c64a41351a4.png,2
data\processed\Alueron.gen!J\004f92bb6d33b9467291b286360a1f02.png,4
data\processed\Yuner.A\00b65115c140b5c0b93f5fb0dfbaef35.png,24
data\processed\Allaple.A\07c44f40114bf6c015212f29bffcdb3d.png,2
data\processed\Allaple.A\038e424950f006a7668d8fab67cb07f9.png,2
data\processed\Allaple.A\0893465534d6e0480c5f410ad8746dfd.png,2
data\processed\Allaple.A\049a5b1605ce35aa87da659ad917ce89.png,2
data\processed\Allaple.L\03299d126d2d1498fd604bae1ea78427.png,3
data\processed\Allaple.L\06b1f9f9fa03fe18cba4d44ddf7de9e8.png,3
data\processed\C2LOP.gen!g\024126939acbd5c5d7450e1c331e7d91.png,6
data\processed\Swizzor.gen!I\003b25fa5212bc796467510827ea5e95.png,21
data\processed\Allaple.A\067b966466e73bdadb2613de8169fc76.png,2
data\processed\C2LOP.P\008841b99d44c9f609890c9612ca91ad.png,7
data\processed\Allaple.A\065cb125a06a6f90d1a643f612a0302e.png,2
data\processed\Lolyda.AA2\00829b55a26a24fa32b046e4737fb200.png,13
data\processed\Allaple.A\01a87c892dea00d86fe4fbd34ed61aa9.png,2
data\processed\Dialplatform.B\04508ac6b547c9dbb8782eb11a7c271a.png,8
data\processed\Yuner.A\04bc44e667e0a17b94fde9d44ba0f437.png,24
data\processed\Allaple.A\04a287af39df742b2fb7b49dc02818f9.png,2
data\processed\Lolyda.AA2\00b94674e8e3dafbe82ff02328ea5ca0.png,13
data\processed\Allaple.A\08846022dedd7081ef2ac9b440ff7c4b.png,2
data\processed\Allaple.A\0753af6a1a5ed90ba0271a39b332625c.png,2
data\processed\Allaple.L\01d7c73b66b01660ff0f5b441833ddec.png,3
data\processed\Allaple.L\04a8cc9b02fb3c3596e7f536f1f28a1f.png,3
data\processed\Allaple.L\00e04a86e616b381d6a946d3a6f7a1aa.png,3
data\processed\Fakerean\05065e4bede6eced20b725993369bbee.png,10
data\processed\Allaple.A\001bff8838a125e55c3fe93c0f07169c.png,2
data\processed\Allaple.A\07963fe4aaf3314843b6a677d06ab433.png,2
data\processed\Allaple.L\018bb34acc57f88886f50584db82f115.png,3
data\processed\Wintrim.BX\001b4910c633ca151c15c163fb6b74d1.png,23
data\processed\Allaple.A\0588c3de4ca966bf4ebe15c98ef80868.png,2
data\processed\Allaple.L\0094590f1f645d61d38604122d94f4c9.png,3
data\processed\Allaple.A\032690090817d2a3c16c294c45bdbe27.png,2
data\processed\C2LOP.gen!g\08259ca7ee1c39b028a4bec2e384f464.png,6
data\processed\Allaple.L\07d9651c93af26150691fe7786358f15.png,3
data\processed\VB.AT\063611d46cc4bdd0a607261fdfa0330f.png,22
data\processed\Allaple.L\030409367e464f90ed06a4f3ce6a89fc.png,3
data\processed\Allaple.L\00356a8c5e939cd68b954747eb8fb30e.png,3
data\processed\Allaple.L\07eaafa75a5f2b4b8c8c5cd4e889c076.png,3
data\processed\Obfuscator.AD\0761a0d235e42fcfd6e36ac6969b929c.png,17
data\processed\Allaple.A\04c9980a9ae7e4e5adf3b5bd9ae4eeb3.png,2
data\processed\Fakerean\07d48bbe2ea8cc385531e67861115066.png,10
data\processed\Allaple.L\00ecdb78d6e8babdc6836d85e4f8cbc2.png,3
data\processed\Allaple.L\03ecf22d47e0c5f07d2123b998990e77.png,3
data\processed\Allaple.L\00a8427f2ddb79715c7f2545c0718725.png,3
data\processed\Autorun.K\0079df60cc0db8ec819df38aed1a340d.png,5
data\processed\Allaple.A\0544506855004cd97c9b17c296280723.png,2
data\processed\Allaple.L\04c304bd398d995c5d9a6997ac51d8fc.png,3
data\processed\Agent.FYI\001057ff216f82ad939c0a520711b093.png,1
data\processed\Allaple.A\040c2415ab27a77e486ef80f0d19dea4.png,2
data\processed\Yuner.A\001dd56417422457fe1e7075f4989a69.png,24
data\processed\Yuner.A\03fcd39f6c2f7f7699ddcb961f1eb2a4.png,24
data\processed\Yuner.A\009f74c2593e6c8d3ac5823cf136a955.png,24
data\processed\Allaple.A\05b74061a6f45085a5b7461844a7f829.png,2
data\processed\Allaple.A\04f4fd04baaab4adeb7ffa0d4321fc79.png,2
data\processed\Allaple.A\06946c007462dc2dd655c982d070b14e.png,2
data\processed\Fakerean\01c0a9ae8f8c41d5f740b127b58f5ded.png,10
data\processed\Allaple.A\0426333ebfc2e0fce77a2431d73a1f8c.png,2
data\processed\Lolyda.AA2\0000c5a2b302f346b8dfe0090f726848.png,13
data\processed\Swizzor.gen!I\0693517f6e9c948b13a1970ea93ccfd2.png,21
data\processed\Allaple.L\00d8e32088c9414e09f5011d64f6e9e9.png,3
data\processed\Allaple.A\00cb9e13eb0a0bb8d4bf1a9215eabd04.png,2
data\processed\Allaple.L\0408357f25cf256f0a9ab6cc4f973585.png,3
data\processed\Allaple.A\003f1713fff67493d687af471bae9f29.png,2
data\processed\VB.AT\04bb646a73f103a2da50f55f2cf5d2b9.png,22
data\processed\Lolyda.AA1\003d08038f9c60a0bd03cfa2e3259269.png,12
data\processed\Wintrim.BX\00ddeff9b3a169b5c597a479fd92e973.png,23
data\processed\Allaple.L\0575bc3f48c2118edb273c6d6592c9aa.png,3
data\processed\Agent.FYI\004dddc6ee18a44a5f67e8bbd6a54205.png,1
data\processed\C2LOP.P\076c518bdaeaf8852ffb022977c9a476.png,7
data\processed\Allaple.A\05e9f76e9f70c7214ed506fa14640149.png,2
data\processed\VB.AT\01163eb6170a6e535fe6011215dc7947.png,22
data\processed\Yuner.A\0698fe935dafc3a5282ed1371a19d9c2.png,24
data\processed\Lolyda.AA2\000b2eb0324e774229705f6318ecefef.png,13
data\processed\Yuner.A\04a52e8ad19c4e2c943ff6306502664f.png,24
data\processed\Allaple.L\04e3290b1252ee1036ef71f00949d47d.png,3
data\processed\Swizzor.gen!I\0755cda14001adf821477388666718a6.png,21
data\processed\Yuner.A\06e1e4483271383482eee47b4bb5316f.png,24
data\processed\Swizzor.gen!E\00140a79a7c0805d4a543284be675c42.png,20
data\processed\Allaple.A\082ee5f63058c25637c10524fdfa33cc.png,2
data\processed\Allaple.A\067fc4dc8bf7433a76af25cbe1af1fd3.png,2
data\processed\Yuner.A\00b0cbe96262bddb2c399ab959b21dea.png,24
data\processed\Allaple.A\047553af2017dcc1c618d8900ab18ceb.png,2
data\processed\Yuner.A\01f641ada23f64d25385ec953d4ed89d.png,24
data\processed\Adialer.C\0567456795a20973f49c894d4d11b772.png,0
data\processed\Instantaccess\03e95d829fc767eddc17d0c4f388558b.png,11
data\processed\Yuner.A\0893c10c1203cf02022a237c64104067.png,24
data\processed\Autorun.K\045b093d32f94e9e63e090088b0a2ef5.png,5
data\processed\Wintrim.BX\002910579f8c6105e22edbe8ff47e3ae.png,23
data\processed\Allaple.A\0074b4008bd26385f810a01416bf92bc.png,2
data\processed\Allaple.L\032f34b563a65f4d53d64c82d6520839.png,3
data\processed\Alueron.gen!J\082e05fa59a3aa1940637861919da739.png,4
data\processed\Yuner.A\06bb60a6e7bf1baeec7ef2ad99b98ae1.png,24
data\processed\Swizzor.gen!I\07d156080c4d50bd7b1bada1b77d57f0.png,21
data\processed\Autorun.K\06ae717fc5dd2cb478a68d3f95042739.png,5
data\processed\Allaple.L\009f8c712b0386bf6628f59661cf1e03.png,3
data\processed\Instantaccess\08b676a1e160c97b7ca96bd2c47804ca.png,11
data\processed\Allaple.A\06cd5dea241c3c6e8f4536423d70ea86.png,2
data\processed\Allaple.A\01b9a837d58b987600c7347f741d3390.png,2
data\processed\Allaple.L\05e10f288e84aaaad250318162c483cc.png,3
data\processed\Lolyda.AT\0623927922775f14ee8d611d37f0e477.png,15
data\processed\Allaple.A\001136f832a1eea98ab2a0d141d8a8ea.png,2
data\processed\VB.AT\02c100b9e1c3268c100bf0f7942f2708.png,22
data\processed\Instantaccess\00053dd69c9836db847ba73c1557c17a.png,11
data\processed\Fakerean\01164e90f5263475b2e7691415653cd6.png,10
data\processed\Dialplatform.B\00bb7d3b7a3c83ca056ca543d459486b.png,8
data\processed\C2LOP.P\032e64f388dcaf7c2c6285394eee529c.png,7
data\processed\C2LOP.gen!g\022a345dad3d09471132b8f179ae0b00.png,6
data\processed\Alueron.gen!J\03ff40a8ce3ad0291dc34b0dafb879ef.png,4
data\processed\Allaple.L\03143735e927876f7ca696c2927bcfa0.png,3
data\processed\Allaple.A\00bf2e3498b6a450b0c648f6eb4e8be0.png,2
data\processed\Obfuscator.AD\07a612a3469066d21ad23457c5fc7f4f.png,17
data\processed\Allaple.A\07df4140d60a3569c0f5a40f35cfb9c0.png,2
data\processed\Yuner.A\06acb09973e179035b02e0d57ff7c0bd.png,24
data\processed\Lolyda.AT\03f7b7a82bcf0aa0f6cdd210fdb39d13.png,15
data\processed\Allaple.L\0583529f509164befa6236014dd6c504.png,3
data\processed\Agent.FYI\054383104436f3b1abe16bb715121522.png,1
data\processed\Swizzor.gen!E\05aea2ecc92157ff1e414d399b822684.png,20
data\processed\Dialplatform.B\04b319f33ddde2cd8d72d82b6dfa6fd6.png,8
data\processed\Allaple.L\0455ecf41a41e14598ab8305fe3d0685.png,3
data\processed\Allaple.A\085e62f7f172361c286588c55c457b07.png,2
data\processed\Dialplatform.B\005f1c99c8b99fd441aa894cb638a390.png,8
data\processed\Adialer.C\064a524a1e6238a1f42970e4f6bd6172.png,0
data\processed\Fakerean\0712234536635917eeb3fbb6798becbb.png,10
data\processed\Allaple.A\00dbb341298084573e6e5499a45dd506.png,2
data\processed\C2LOP.gen!g\01372dfdb1bd8449249b07ee04530ab5.png,6
data\processed\Allaple.A\04427ff126222955f509e95029e2b9d2.png,2
data\processed\Yuner.A\007d7806d06dc9cc97462c950bbb0913.png,24
data\processed\Dontovo.A\07093fac5a6cf46929ca93e7fdc7c203.png,9
data\processed\Lolyda.AA1\002c53a3ed0974814fefc5ad3ab8a287.png,12
data\processed\C2LOP.P\081ebaff855e6487e9b8a7ada985287d.png,7
data\processed\Fakerean\03cb1a012632e904cec336b5a99efd39.png,10
data\processed\VB.AT\003607c42d80f9bd2a3c6d4876884301.png,22
data\processed\Allaple.L\019196ef815e712c887072bb4ee44ed1.png,3
data\processed\Lolyda.AA3\00ec19bbc3f669a8aaabfb203be72d9e.png,14
data\processed\Dialplatform.B\022d613414af5a0e90c2433de8e4b169.png,8
data\processed\Allaple.L\0321d19caecfce092a2870772a2f575f.png,3
data\processed\Allaple.A\07db6055724942e5f4f9eb2c6b096904.png,2
data\processed\Obfuscator.AD\035133b84114fb34548487a3893c44d9.png,17
data\processed\Rbot!gen\21c638bbc0e9803f6f40083cc7994642.exe.png,18
data\processed\Allaple.A\00e9d391b7012a1ce3c26b0adee4c900.png,2
data\processed\Malex.gen!J\01dfa49e2233de301db64c81002c74d2.png,16
data\processed\Allaple.A\068d0d72a7a99c688dea61794d85890f.png,2
data\processed\Skintrim.N\00e6a9a4a9610bc0bb98ac3a4f3fcef9.png,19
data\processed\VB.AT\00df83102d14539fe04504d85550a1c6.png,22
data\processed\Allaple.A\07b19b6493d603e54f3782a51b24ec92.png,2
data\processed\Fakerean\01c610bc5e2ac8250c2b51cf01afd122.png,10
data\processed\Alueron.gen!J\06cf418b9efa5d5fd10363a15b89dc78.png,4
data\processed\C2LOP.P\07eac7529ae0fb9b84fe334949b7b7cb.png,7
data\processed\Dontovo.A\01e3751c159e458d0c49e0d9473a0e1c.png,9
data\processed\Alueron.gen!J\0180e3514401c2e925dc39020483cadd.png,4
data\processed\Alueron.gen!J\0763a035768cb6911878de458c65bf56.png,4
data\processed\VB.AT\084dc93f68d8bf08c10e706f3011c269.png,22
data\processed\Allaple.L\0055a17c304175f6ca4d26c9d4f2c80f.png,3
data\processed\Lolyda.AA1\000be4c9108aad4dc9c6ed67d4e92758.png,12
data\processed\Allaple.L\014e8a15835bd0af1db4d546315f8322.png,3
data\processed\Allaple.A\006e48b3d5f36cbb409709dd38046c5d.png,2
data\processed\Allaple.L\03f47064e3f72859de9d4267314cf2b9.png,3
data\processed\Swizzor.gen!E\07e2fa727d3182fc1bc330512dcc7740.png,20
data\processed\Allaple.A\016f961170518e9cde523b162cae1d13.png,2
data\processed\Allaple.A\001bd1f1019078e82c6ee528f7c882d5.png,2
data\processed\Allaple.L\016dde65bf064db99da142f7b3175257.png,3
data\processed\Autorun.K\056d6b3d95b1c1f519e7d6f640bd6fb1.png,5
data\processed\Allaple.L\04f47a927ef574bc3cdaa92c44329683.png,3
data\processed\Allaple.L\05b0edead57a31f7f81164f099206841.png,3
data\processed\Allaple.A\013178b23cf3776688920069b26969fd.png,2
data\processed\Allaple.A\056fcffad6854c9a3e44ccbf6087c2ee.png,2
data\processed\Swizzor.gen!E\0300d8a9c92a49e3f919bea622f34140.png,20
data\processed\Allaple.A\01ddb5c1ce1b035b249fc37090c19c48.png,2
data\processed\Allaple.A\012b2d0dcd12763ba67c643c4071d066.png,2
data\processed\Allaple.A\00d5b0c6f939fc32f767c5a06a0b3038.png,2
data\processed\Allaple.A\03e9e02176384f6ac95ded14c88254ce.png,2
data\processed\VB.AT\00e8370c04e118f17fcfb9256fdd1f44.png,22
data\processed\Allaple.L\043320aad4c91c3c489f51bd4c5224b2.png,3
data\processed\Yuner.A\0073f21cfa148ae211e48611119f439f.png,24
data\processed\Swizzor.gen!I\0802e1230239437d9b0a406d8477d885.png,21
data\processed\Allaple.A\0047168af27c2783423d8e6cad1490ee.png,2
data\processed\Allaple.L\01393a585b39aefac5ece3f884257387.png,3
data\processed\Allaple.A\06841b04b131e2412ac3c7d74645a37e.png,2
data\processed\Allaple.A\0123d59dc8f9ba47355d2f783a7f91ee.png,2
data\processed\Allaple.A\00954aa82303228c7a498b2ce7ec50fe.png,2
data\processed\VB.AT\04fdb794f447c68045e5297731a017eb.png,22
data\processed\VB.AT\02e6ef31410981a33145e6b87d89d594.png,22
data\processed\Allaple.L\0326faa8bd022faeb05b9788c68c6f1f.png,3
data\processed\Allaple.L\05d3a231aa6dbacbdd023f91239d4f12.png,3
data\processed\Allaple.L\04e2b6615cf969b653dcf29edc5cd9af.png,3
data\processed\Agent.FYI\00876e7b3409f18946c2988403af54dd.png,1
data\processed\Fakerean\03740252c79f12dc8e64bef8acd76a16.png,10
data\processed\Allaple.A\015c570b85f44ad6d4a2fb83c4a8b864.png,2
data\processed\Allaple.A\01a35ba4c364a1fa6fa8b850054bdcb4.png,2
data\processed\Lolyda.AA1\0031d0b83740a024f87695ec33bd7d8b.png,12
data\processed\Adialer.C\047bead96be879ed705ff8b7c0bedd82.png,0
data\processed\Wintrim.BX\00a9e9085664f5fc73e95da8d3bdad12.png,23
data\processed\Allaple.A\0525c06c7186147318720174b6f135b2.png,2
data\processed\Yuner.A\009b23609acf31a7423c50d4a021a6e6.png,24
data\processed\VB.AT\07b9f9004de79b3129d8f7913098e18f.png,22
data\processed\Instantaccess\0715b540df2e673cfe58d9e4cd641ba7.png,11
data\processed\Allaple.A\003d4ff319fc296f3a068794d38f0eb5.png,2
data\processed\Allaple.A\0148e84e855411b20a6d916352f1b350.png,2
data\processed\Yuner.A\0615a91317dadbfe886c7a816ae16609.png,24
data\processed\Allaple.A\03650c90681e19a3fef47cb83c78fa55.png,2
data\processed\Yuner.A\088f7547f59b005a24a566180ba4f8ff.png,24
data\processed\Allaple.L\007fdc1ad0c5511dc27e6157676394ae.png,3
data\processed\Allaple.A\049d1bf64c505f96bef3d35862d4563b.png,2
data\processed\Allaple.L\03bf16621efba58e035174d9efdbd1d8.png,3
data\processed\Allaple.A\019461353579dbbb5abb79f8ae9fe57d.png,2
data\processed\Allaple.A\080e7d8042f917c5f218fd528c3748a6.png,2
data\processed\Lolyda.AA1\00de2ffdc171f464ba699364198e7592.png,12
data\processed\Allaple.A\0845a74f6c4aede2317bf1ebb0bd4d9e.png,2
data\processed\Lolyda.AA3\00ae5ad69ae82fa65845979200030cef.png,14
data\processed\Allaple.L\06c983aa62882bfd08d41864edcc7860.png,3
data\processed\Yuner.A\07400b9b3af95528c6f43120604cfa19.png,24
data\processed\Allaple.A\0494dff428f8f9c70a9c4f85de4c8463.png,2
data\processed\Allaple.L\085589ab389a9f89d39abc230077f051.png,3
data\processed\Allaple.A\04bbfa57964b96a3b6795887a034fd8c.png,2
data\processed\Allaple.A\07b45f25a326c8dda36a48f954773a3a.png,2
data\processed\Rbot!gen\c66d876fcd75641aa23bb1e415f729f2.exe.png,18
data\processed\Allaple.A\0431b4bb1db24a2bfbf49554211ba80a.png,2
data\processed\Lolyda.AA1\00d603f5c37429380df5e804ac3620c5.png,12
data\processed\Allaple.A\0815749b51898f2a9aba5d9b5bd85bf3.png,2
data\processed\Allaple.A\05ad2af79064574de26d53394ddd549d.png,2
data\processed\Lolyda.AA3\00df632f4d455cebb677c74134afa2bd.png,14
data\processed\Allaple.A\00a6e2f45af41f6fc5c5e8a212473929.png,2
data\processed\Allaple.A\0021d1957e56ca82df52a45917ba1d80.png,2
data\processed\Allaple.A\0691ef9033438ee17abdc3e83e1ee148.png,2
data\processed\Allaple.L\00b0796f6542660f955d38c5c6ffa79f.png,3
data\processed\Dialplatform.B\0145e93b33c8d8eef8719e74f6cc5c53.png,8
data\processed\Autorun.K\01158999b9844bd2c24fa7f95b7a0c27.png,5
data\processed\Obfuscator.AD\0701dddd1a8e2a1a015548077435d1e1.png,17
data\processed\Yuner.A\00c3b0fb940b40bcaf37b7d96978d205.png,24
data\processed\VB.AT\0855e1d5a7dc5aafa3653f4793838fcc.png,22
data\processed\Allaple.L\05a4d877f7847a8bf2452dae6f899487.png,3
data\processed\Allaple.A\05851803cc07902f1e6d714407add046.png,2
data\processed\Yuner.A\0723593a154c2ce15af95a374bf729f8.png,24
data\processed\Yuner.A\01f943046f8e803b8c41522802a88cb0.png,24
data\processed\Instantaccess\00dc49ceb20ea645f8ccdb6677d3343c.png,11
data\processed\Allaple.A\04660877a78f768ba6c0932d9c7dcd50.png,2
data\processed\Allaple.L\03806143e2a96dd575cad17a2c4e28ed.png,3
data\processed\Lolyda.AT\03914ad1fc9408ae93c3eb9f1aec22c9.png,15
data\processed\Yuner.A\00f8ff8f1fc91aa048fa61e306135791.png,24
data\processed\Autorun.K\0522b4d1f7e95bd4710c9fda8f9150d5.png,5
data\processed\Allaple.A\05933ff97bf1658737a37bb113ae56b4.png,2
data\processed\Yuner.A\0315c3e5cb71a447f5efc2e18004db3d.png,24
data\processed\Allaple.A\0599a84c4b4d5225f12acb0a398ed475.png,2
data\processed\Lolyda.AA1\004b987b2e23cbef54b7e7409445827e.png,12
data\processed\Yuner.A\008647951dd8ec021a3e52b62f5c87e8.png,24
data\processed\Yuner.A\08845585a169053275546a5f64cae5cd.png,24
data\processed\VB.AT\0047395f35f9098ce7d74844ffcc5a31.png,22
data\processed\Instantaccess\00d44bee25e141be3b3ca0ebf9180010.png,11
data\processed\Allaple.A\033f17197764c48e527ae97f16fff458.png,2
data\processed\Lolyda.AA3\0052aa9cd42e7e0dc613d186b95ccd25.png,14
data\processed\Allaple.A\00cd74d37bc0efcea0fbaae9fcbf7a14.png,2
data\processed\Allaple.A\010214d2e8b8e28d932f294c2d5629f6.png,2
data\processed\VB.AT\0572c1f8ff915668950c100345574c02.png,22
data\processed\Allaple.L\0402af4168d16694db1c951846fbbd57.png,3
data\processed\C2LOP.P\0835db093cdc43c8421c903294efc41c.png,7
data\processed\Allaple.A\004d7e567d2d1ee72e1fe33d2bc8acff.png,2
data\processed\Allaple.L\08786460988a9099dc55099a1526f810.png,3
data\processed\Instantaccess\00632c2faf705556a68d7007ccc435a6.png,11
data\processed\C2LOP.gen!g\02d57466cad3555598d8f0c102c469e7.png,6
data\processed\Rbot!gen\e433e5035ce9eaf8619db425bc6314aa.exe.png,18
data\processed\VB.AT\084ea2adb5e1123162f8020064e7e96e.png,22
data\processed\Allaple.L\0036118ff1ecd511dd49f204729fa0e4.png,3
data\processed\Adialer.C\0142a908ea824212e0bb936a2f2d0f13.png,0
data\processed\Wintrim.BX\04564585a1b92747d1a673185c99ed9b.png,23
data\processed\Allaple.L\0030ab4e60a434000f2735c12b515d35.png,3
data\processed\Skintrim.N\000d9ca6a08dce414ac3ea0e466b489e.png,19
data\processed\VB.AT\01e98bcc0c3320ec8242d2d0362bafac.png,22
data\processed\Fakerean\0005f5bdae46ea2d6d502b04fd2d0d5f.png,10
data\processed\Rbot!gen\73516247ff215c742152d1e0c682edaf.exe.png,18
data\processed\VB.AT\0082daccc8cfc8e6fdd7b1fc72d3b436.png,22
data\processed\Allaple.A\03ac6bea3a3df3458eac1c0cc6b1cb30.png,2
data\processed\Allaple.A\0805e1e71363e4f7300d71d83c898afa.png,2
data\processed\Wintrim.BX\0012373f8a8cde2ffdfb9c5235d7b229.png,23
data\processed\Allaple.L\076bdb3a743a0a11a8b7ef760f6ae2b0.png,3
data\processed\Allaple.L\0033ce974ca5277bb04d7a515afff12a.png,3
data\processed\Allaple.A\03feeff27cb3d3b68e54f16856f75706.png,2
data\processed\Malex.gen!J\05c9c7366220889bc84ee17216b68b7c.png,16
data\processed\Allaple.A\01a026cdf9b689f29715214461eb05bd.png,2
data\processed\Allaple.A\03482c3cf6b7b3d7f1d1a936998fe87f.png,2
data\processed\Allaple.L\00a7ed7619ae9a3a09e8a8c6d7d81cff.png,3
data\processed\Allaple.L\03390984ec43d072264c5054ba969368.png,3
data\processed\Allaple.L\03049dc260b60039700800eb2e264a24.png,3
data\processed\Yuner.A\0707721d0f32d61a3a4d9fba37936b7d.png,24
data\processed\Allaple.A\03008e1cec751a2d451dc03f36079984.png,2
data\processed\Instantaccess\04771c56eca44e39d910a56553b110e3.png,11
data\processed\Allaple.A\04ab2678741a9f98a7a1453349e22a32.png,2
data\processed\Obfuscator.AD\0608474d7d9ded8b22030a291d390190.png,17
data\processed\Rbot!gen\d60242334fea5662e5db7077c2697d40.exe.png,18
data\processed\Dialplatform.B\059346db2436628b615f194be5ed9ee6.png,8
data\processed\Yuner.A\0744ac5dcaa7823a2a862ecaeea4c490.png,24
data\processed\Allaple.A\0070de0385ff9f088ab1b9c2e1a63c94.png,2
data\processed\Allaple.A\0334cd65ca1be3f7b63b8b6a023d6c02.png,2
data\processed\Fakerean\03dd890f426c22cd7701bbf93ba1059d.png,10
data\processed\Allaple.A\03a6d97b88f0ba3bab83b7399e8ac801.png,2
data\processed\Agent.FYI\05933a4eb343254cdddcf8a05da00c67.png,1
data\processed\Allaple.A\051bd6497346884fd432ff9cfa8f1e6f.png,2
data\processed\Yuner.A\00ee5da2b95d6478d3272b6fc99737cb.png,24
data\processed\Allaple.A\001eba2fccd9e31131a612e14e79099c.png,2
data\processed\Alueron.gen!J\006b3d0ebfd6925aa2cefa3f11e636b4.png,4
data\processed\Allaple.L\01332865ef3cc8d8c844502456120581.png,3
data\processed\Allaple.L\010f1ea806ab58430c03977e7e4402e8.png,3
data\processed\Allaple.A\086a6d28ce0ae12cfe6c1743cf45f858.png,2
data\processed\Yuner.A\0332c01c1066dbc43ecd86e0ae43f7f7.png,24
data\processed\Allaple.L\0747b9f7545381a705acf472cd725375.png,3
data\processed\Instantaccess\0882f43c178580de21922a99fbd3ba90.png,11
data\processed\Alueron.gen!J\00904af015d223250d805a7d0167f8a1.png,4
data\processed\Alueron.gen!J\0029104c8e261b2d5b4985ed0d02645b.png,4
data\processed\Instantaccess\0624223892c85a8a342cb74d677a4fc7.png,11
data\processed\Obfuscator.AD\0723cd7ed67f3937b387c53a9e57cb43.png,17
data\processed\Allaple.A\013637ae96191f8ed8902e4fee9212a6.png,2
data\processed\Rbot!gen\2630ff8f1c42ed536b3bcca4289f60c8.exe.png,18
data\processed\Adialer.C\08348c1a0f58f226b04c897eb119e90c.png,0
data\processed\Malex.gen!J\03fd980f7208dfa977f3893d509fb7db.png,16
data\processed\Wintrim.BX\00d2defd9b39e2fd9c35fcea11c94a7f.png,23
data\processed\Allaple.A\05762bc4c31873ebd9b57a13de3af12c.png,2
data\processed\Obfuscator.AD\04f265b6990aff96db17e0c4aada149a.png,17
data\processed\Malex.gen!J\01be715d5968f5c4f147ec66ed6db1f3.png,16
data\processed\Allaple.L\062924fae696283ddda91663eab997e5.png,3
data\processed\Obfuscator.AD\00f41ed60fa17c9317ce0d577da62b69.png,17
data\processed\VB.AT\002d8ab5df033ffc84f6ed3ed48909fd.png,22
data\processed\Instantaccess\065e127c34f9b0781574ad7e0989da8b.png,11
data\processed\Instantaccess\07a6ec732ff4b9c72db63db1b7f74fa9.png,11
data\processed\Allaple.A\044c79dcdd22b1e793259e6c701b1c31.png,2
data\processed\C2LOP.gen!g\0249cb5abc092f445d78cac031cc3f9a.png,6
data\processed\Allaple.A\07a866fc8b15f57d368e1d898445b97b.png,2
data\processed\Allaple.A\04176b6afe86ab130c70a36708961de8.png,2
data\processed\Dialplatform.B\0312ab26de6eef4a640117821e10860c.png,8
data\processed\Allaple.A\0173d4494f1ab01de32ef0c645eafdcf.png,2
data\processed\Instantaccess\0498cca1edb8c02f427e652ca8f4b336.png,11
data\processed\Yuner.A\017ba70c413e9b099fdc99495346ae45.png,24
data\processed\Lolyda.AA1\00e70e610f6ffe1e53a8fba6e875c599.png,12
data\processed\Allaple.A\0150536683a6350c78c25e477ba3c7d1.png,2
data\processed\Allaple.A\00fd4b6331ecfefa3bb54d5dca5a095a.png,2
data\processed\Yuner.A\01d3e45b7591050908171302b3483110.png,24
data\processed\VB.AT\01417dde7b1f59d5e041bb9ff9bcd8a8.png,22
data\processed\Allaple.A\049a1c005330507a32cd85b7048982bc.png,2
data\processed\Yuner.A\00f5722c9a35c581c539c50c3905a38c.png,24
data\processed\Instantaccess\056370be7a465f36123b899007d67f59.png,11
data\processed\Obfuscator.AD\061b48dab1eabd6b7258a670752bfba0.png,17
data\processed\Allaple.A\07a91885cd95ce8fe6d79f721f18f5ed.png,2
data\processed\Allaple.A\063d4849e49676c0e8a0343b7502d8ac.png,2
data\processed\Yuner.A\01c5906eec05c3406ab221c2aab3c5e0.png,24
data\processed\Adialer.C\008a92e720e896caea4a251e6a4c9934.png,0
data\processed\Alueron.gen!J\07bd2b1239310eae776fa73752c05758.png,4
data\processed\VB.AT\003c6eaa0ae5136901988b98ae9ad85a.png,22
data\processed\Fakerean\05098281a24fd53764ce1de948ad36ea.png,10
data\processed\C2LOP.gen!g\0378291444e9692747f15d736bb8701d.png,6
data\processed\Dialplatform.B\0045ce5dd4f715ad3378d0fb4a1b3ddd.png,8
data\processed\Allaple.A\00cf0e2c02d89e634e05f177fc2e38b8.png,2
data\processed\Instantaccess\0037d84cccab8ae56371b98a59778300.png,11
data\processed\Rbot!gen\18dae55f6ec32233a277318bb3af97d1.exe.png,18
data\processed\Dontovo.A\048030224076707df98b451607b10437.png,9
data\processed\Rbot!gen\7a7fd719844cc2c051b252849b14ace7.exe.png,18
data\processed\Allaple.A\03dee872feeca4a67164c41482d88586.png,2
data\processed\Allaple.A\002123ad3292956605783f6a0619a7b7.png,2
data\processed\Yuner.A\00a9de264e7748a752a581210e8ead5a.png,24
data\processed\Dontovo.A\01dc20ab1cfd1df1256b4dd9bc914150.png,9
data\processed\Yuner.A\06c26cf8b4103b59a932305d21d21971.png,24
data\processed\Wintrim.BX\00b8b74d95d90e8befd4abb17266e7bb.png,23
data\processed\Allaple.A\057553a8b21a14cbf32b5f8b8422c20c.png,2
data\processed\Instantaccess\06772af523bf6fbf2ade94091e811149.png,11
data\processed\Allaple.A\00ed7ca0bd74b5438b745b018515288e.png,2
data\processed\Allaple.A\001cb2199607c1617f352be1171877d1.png,2
data\processed\Allaple.A\064879fedf82d447f07a5966e954dd8c.png,2
data\processed\Allaple.L\03e0c1c517ff005eb449b3658f2af8b5.png,3
data\processed\Yuner.A\0082810b6d44a4c0186e0e528e81ffa2.png,24
data\processed\Dontovo.A\060884f8460d6d51b0419cd2a7b4efa4.png,9
data\processed\Agent.FYI\0045a824dc491a2569fd1564140522c6.png,1
data\processed\Allaple.L\084252cac0710ec26b9ddde5a939c948.png,3
data\processed\Allaple.A\001dd97021cbae52499d56c6eb9d3857.png,2
data\processed\Autorun.K\04344779dd1a7416ec04477ab910a1db.png,5
data\processed\Lolyda.AA1\00b47d4a2ce11dacb49ff28a90d43892.png,12
data\processed\Rbot!gen\1ca8770cd38138569a507f9b795f7148.exe.png,18
data\processed\Lolyda.AA2\003040e82cd744cddde2ba40db34be4c.png,13
data\processed\Yuner.A\04b3f0e2e3ec18525a88cc5193c50321.png,24
data\processed\Fakerean\082e0793310c2c3fe3329c1a16db0553.png,10
data\processed\Allaple.A\05e935591b058b2a9b47fbed190ce8c4.png,2
data\processed\Alueron.gen!J\044e7c0137572bb1eb8c103511643fd6.png,4
data\processed\Allaple.A\01e30586aa57c4f376587143e928644e.png,2
data\processed\Allaple.A\079588d8984e5583730c750c4368acf6.png,2
data\processed\Fakerean\0717e32525f1c84c32664e992f13e788.png,10
data\processed\Lolyda.AT\01b5d94e22899c9372bdf72dc11bb109.png,15
data\processed\Allaple.A\03e1f0a58c7382b650f138a817e02f80.png,2
data\processed\Lolyda.AA2\00c02265f5431ee51e56af7a23746161.png,13
data\processed\Allaple.A\004a75dc1ec94ffe40d9cdc6be723b62.png,2
data\processed\C2LOP.gen!g\056d739c59a5593bf02fa79d10989794.png,6
data\processed\Malex.gen!J\086c9c939b7c1af7b4bbe13bfd013242.png,16
data\processed\Allaple.L\03c1ac8cc25818266457873bf377073b.png,3
data\processed\Obfuscator.AD\030659f03b83b6ed5221ffc4614de76c.png,17
data\processed\Allaple.A\087294d68ec139d1aae060d7206ea478.png,2
data\processed\Allaple.A\009a495b12a00591f296ad0b88416a79.png,2
data\processed\VB.AT\0213b2d7ccde871a4b3abd8142c940de.png,22
data\processed\Allaple.A\0072db74721285567a94ceb0056ce2f7.png,2
data\processed\VB.AT\07ab86cc97a7781050fa14f34404ae0b.png,22
data\processed\Lolyda.AA1\00e9de811c7241c93587c856838c2920.png,12
data\processed\Yuner.A\06df7f1383c5c2f0c4139e7413a5a1a3.png,24
data\processed\Fakerean\0046d27d1c6c18c6fb0cd0ecd846ac70.png,10
data\processed\Yuner.A\00d053caa7f7afe8ae66a4a205b2323e.png,24
data\processed\Adialer.C\0441274bb0fcae858179dfe242b6d2a1.png,0
data\processed\Yuner.A\0607bbc72a4515821f738d13198ebfca.png,24
data\processed\Lolyda.AA2\004eefd06f829c31dc5c4b16d4980b6e.png,13
data\processed\Instantaccess\05143bd380e3799c41aa7cdb6309e688.png,11
data\processed\Adialer.C\089e073c1ebbfb1f3c53c51d36929003.png,0
data\processed\Yuner.A\00a2e8277b97ae250f981c81f27a614e.png,24
data\processed\Adialer.C\081ff634731b6235a4133938ebd91ee2.png,0
data\processed\Lolyda.AA2\0008dce0ead7a67f6d22d2146ea2716a.png,13
data\processed\Allaple.A\047643d1c36ce9a8b56fc5ff3c2c2c68.png,2
data\processed\Allaple.A\0459e8223308348cd88fbdfe8b552331.png,2
data\processed\Allaple.A\00f2f3f0de58bee6f88e0efdbce6c56a.png,2
data\processed\Allaple.L\03c09c06e179f4efab9b268924579197.png,3
data\processed\Dontovo.A\071d659e5f3f236890e17a8f3207e765.png,9
data\processed\Yuner.A\05cee1343694f60f9a6fe4c995940d20.png,24
data\processed\Allaple.L\03e1ec6e58ef859ac6e38ecbfc6d2720.png,3
data\processed\Dontovo.A\01e5b094b699a34c6487fc40b97a2c73.png,9
data\processed\Instantaccess\0085e14cfc603560b84637efa3db8453.png,11
data\processed\Allaple.A\055fb8ccd07592858fe5c5263aec3d09.png,2
data\processed\Allaple.A\0703afab3f98a3fefcfd384a9ff3f297.png,2
data\processed\Lolyda.AA3\0017120be191499ba3069e84545703ad.png,14
data\processed\Yuner.A\00cbd0f3c74198828cfb09a3af624c1f.png,24
data\processed\Allaple.L\01c0f97c112149cf47ff66e854e6e38c.png,3
data\processed\Allaple.L\06bf14b2f75d73fd5bcb777d251f2401.png,3
data\processed\VB.AT\041041581eea08e94e761a95adbe5b17.png,22
data\processed\Allaple.A\0007d01d9f2ccdd75854798400688c35.png,2
data\processed\Lolyda.AA3\00b1084a43db6eea65243c594ace710a.png,14
data\processed\Lolyda.AA3\00cd1ac399b8f42477ff534947f4d66b.png,14
data\processed\Fakerean\00f56fe7be58d4c9d4641e36d5ed7bb0.png,10
data\processed\Allaple.L\051926056ffa668a9c73b975cacdf989.png,3
data\processed\Obfuscator.AD\01cdc5ebe5e12acf983012e564b69375.png,17
data\processed\C2LOP.P\01e18b8d2b02e7414766ff079333e7a2.png,7
data\processed\Allaple.A\067fadf83363a385c3692cb277edf4c1.png,2
data\processed\Instantaccess\0322230c8a0546b5e4aeba7030045943.png,11
data\processed\Lolyda.AA1\04612566a540950588bf3a693755bc35.png,12
data\processed\Allaple.A\01a5b82f45d8d2d1c41521476e888abf.png,2
data\processed\Instantaccess\0115850f875aefd5987e864c64c172be.png,11
data\processed\Yuner.A\07e159e7871ee772927de7a2b48f45d1.png,24
data\processed\Skintrim.N\0065c030d0b3dde744d5950c490682f9.png,19
data\processed\Instantaccess\05ab6405a45e2a21679ab9c41d24afa2.png,11
data\processed\Allaple.A\04c994bda144a1a234ab0f61e74094b1.png,2
data\processed\Fakerean\00c319878acd29dcab4093903f0269f9.png,10
data\processed\Allaple.A\01273d1691a5578e2ab9dae6f660ba70.png,2
data\processed\Allaple.A\055780a7c8f27acdea1fb2640c811fa2.png,2
data\processed\Autorun.K\088d1644ef5d130484b55b8d59ad79f9.png,5
data\processed\Lolyda.AA2\00ce13acac8fb62e32f0e117011f5e8e.png,13
data\processed\Allaple.A\003ac06d0091edd6a7ea3cdddb8a4259.png,2
data\processed\Allaple.L\00efee7f9d5fee5255ae0b24473cdcd1.png,3
data\processed\Allaple.A\044517e577ac70563b8d2856bb1d36e0.png,2
data\processed\Alueron.gen!J\06129c6b3e9308639214c1dfe9fed326.png,4
data\processed\Dontovo.A\01f43487032fd9126fa47f374a48a8e0.png,9
data\processed\Yuner.A\04b6324dcf61e4b96da943cbffb8805f.png,24
data\processed\C2LOP.P\00b04e9379b71c46c42ddd59936c76c3.png,7
data\processed\C2LOP.gen!g\06e8267cc65d0d2ad954c77733955376.png,6
data\processed\Allaple.A\00de83dc45f6eef6b48c446db2172525.png,2
data\processed\Allaple.A\01a13c708389c274ebb0c88ff072dc85.png,2
data\processed\Allaple.A\0505cd426583f05de6894ed47b5fab31.png,2
data\processed\Allaple.A\04854ff0367e1d81a12cb60de9bfffc1.png,2
data\processed\Swizzor.gen!E\074cb785e34707eada0e91c757a73988.png,20
data\processed\Allaple.A\04a4188b27da36ff6a6b2afaf1fbdc6d.png,2
data\processed\Obfuscator.AD\032b90b507c90a4cd90d423d3530e39e.png,17
data\processed\Allaple.L\0437362024045126e661e2c762880e0b.png,3
data\processed\Allaple.A\0527a9f2cf3cebd0cf4e9c3a09557c5e.png,2
data\processed\Instantaccess\0726cd6cdf5ef3d29073c9d4ab24ab94.png,11
data\processed\Rbot!gen\b8f348600512d18761964080df278115.exe.png,18
data\processed\Allaple.L\04c422deabd83513ca6e7faf694b99a2.png,3
data\processed\Adialer.C\07d083e3ec309e9268e693552ca9839c.png,0
data\processed\Allaple.A\0867d9280eb9f3385888f2b957f39069.png,2
data\processed\Allaple.L\041bdce5784e28a5bd96da3a6779d7c7.png,3
data\processed\Fakerean\001d896815506f8dfeeed73b5f210129.png,10
data\processed\Rbot!gen\9780bd4ba081e734fcc52ab8b8655722.exe.png,18
data\processed\Allaple.L\05a76c86e24376db6eba358cb64c150d.png,3
data\processed\Allaple.L\0626889afced58c38ec5fffb9b1fb202.png,3
data\processed\Allaple.A\078031318312261a7733b4a0bd708459.png,2
data\processed\Allaple.A\0560177c45bc3810faaf3407f4ce7353.png,2
data\processed\Allaple.A\0578a247637713223a043a6fd81c9b98.png,2
data\processed\Yuner.A\06426ca8fc5c74b465e2e383ecf550cb.png,24
data\processed\Wintrim.BX\00e0106b413ce6f4feab6e3ff7b08dc4.png,23
data\processed\Allaple.A\08712ca74749e2410ea608a931abb7b8.png,2
data\processed\Malex.gen!J\00a05020315b92d79e4dda579dc4ed80.png,16
data\processed\Dontovo.A\04edc62623447bcc52dcfae1a15a3621.png,9
data\processed\Allaple.L\087fa3029a1d9618d08ac32b54b50117.png,3
data\processed\Lolyda.AA2\00a00386bdc756726890dad89372724d.png,13
data\processed\Allaple.A\0081eb5412577025183aed33920ea011.png,2
data\processed\Yuner.A\01ecd853a07820f6e3c99cc76e78e2bb.png,24
data\processed\C2LOP.gen!g\075e5bae53684fdea5ca86f2a4612957.png,6
data\processed\Lolyda.AA2\0035b12caf71358595b13836df14a0cb.png,13
data\processed\Yuner.A\00a9d38912e21aa49b2f771ec6df09ce.png,24
data\processed\Fakerean\007dccde010e8ec35ea1a598a1b8ea60.png,10
data\processed\Swizzor.gen!E\006bfcf883bc79af0d37da7b6d6662e5.png,20
data\processed\Yuner.A\070ffab80b8fea0a7307b41d38edc16a.png,24
data\processed\Allaple.A\04080c723f0707576b84005fdfe42022.png,2
data\processed\VB.AT\07642a2cce35abbeaf8484bcf3f3ffd6.png,22
data\processed\Swizzor.gen!E\0881aef75fe782534006a34497fca396.png,20
data\processed\Allaple.A\08916a66d9acd45aac93bdbda6ee41be.png,2
data\processed\Allaple.A\009107d15a06b3b65021cb659ce8e3da.png,2
data\processed\Lolyda.AT\0184e2f5334550bdcc5926fcf942fe89.png,15
data\processed\Allaple.A\0360080721760918894a8073eb321f4a.png,2
data\processed\Allaple.L\0016c9c98e95b8dda0de4255f103ab3d.png,3
data\processed\Lolyda.AT\00e4f0edc792d66eaeb4cf8f3d09e6be.png,15
data\processed\Fakerean\00cde23969f067a5f9d0f9f5be4516c8.png,10
data\processed\Malex.gen!J\058390d17eabd1d8ef0323ebccd192d1.png,16
data\processed\Rbot!gen\ebf59f12e8c6532a4ff5cf64c5408581.exe.png,18
data\processed\Instantaccess\035e14d6aacfdd57f2931194e3a07027.png,11
data\processed\Allaple.A\03c660bcbf4650ac5814375cd1b905ea.png,2
data\processed\VB.AT\088cc019f61a8c2715718c8d080bbeec.png,22
data\processed\Instantaccess\03f24604710395693417043421e81eeb.png,11
data\processed\Lolyda.AA2\00fe9ce783c5130be8cd73124caa78eb.png,13
data\processed\Allaple.A\000ff64e3af50ba03a404f7b7b6282cf.png,2
data\processed\Allaple.L\00a15f9d2e34eca0882644ef250d0fc2.png,3
data\processed\Allaple.A\04e0f39574099b654917180a23c013da.png,2
data\processed\Allaple.A\07ccd974409beba078fc792bfcadb1eb.png,2
data\processed\Yuner.A\0068e9c44305d83b020de73b8880d7d8.png,24
data\processed\Allaple.A\04f20bd254a890bb976e3b3b6e456d77.png,2
data\processed\Fakerean\037bbb3a2cb95b9e37d49eb2e80c995f.png,10
data\processed\Fakerean\04308a45c5543bc328fb31e50c4e400c.png,10
data\processed\Allaple.A\05c69d406ceb66ea5fc873e4d65bb80d.png,2
data\processed\Yuner.A\001b633c2ae4be275ae9aac69306e2f1.png,24
data\processed\Allaple.A\033723c852192cda9d147a27ee0a4073.png,2
data\processed\Yuner.A\06865ba33ae13af57aeba2d1805d44ab.png,24
data\processed\Yuner.A\009af7c989374c398309a36a67b6bf8f.png,24
data\processed\Allaple.L\05826101eb5936bcae5fbbeaddcd2a36.png,3
data\processed\Yuner.A\070228b75ab6677f356106b9ea21ec78.png,24
data\processed\Allaple.L\07bdc1a9669b71b814d62c3305a937c8.png,3
data\processed\Allaple.A\0573393a7407a42bb20973aecee1f746.png,2
data\processed\Wintrim.BX\00016b06b7623f24e52edce83f85c351.png,23
data\processed\Yuner.A\03903074af07a4903cae681be2725bfc.png,24
data\processed\Allaple.A\0049fd9bf67168f46121cc98a64692e2.png,2
data\processed\Allaple.A\082ee0450dfc7a62260bdc9ee4b06f20.png,2
data\processed\Allaple.A\05c50550ac44b0067333a925b60f27be.png,2
data\processed\Fakerean\068339e62bb75d3df45ceb4a7d9c559a.png,10
data\processed\Allaple.A\00596d5b912d826110aff4ed91d46e8e.png,2
data\processed\Malex.gen!J\07b50b7de7abb1d9b9d239d52ea26092.png,16
data\processed\Allaple.A\06b70160a0e51015dc03b6e4ab60e09d.png,2
data\processed\Yuner.A\081ec59c1ea76241c02d70d8dfb7fa4a.png,24
data\processed\Swizzor.gen!E\0307a5cf063cdeaca03b0f7903d310aa.png,20
data\processed\Allaple.A\04f1401f05105b199b0fb2ce808227d9.png,2
data\processed\Autorun.K\03572efb72ddc0cdcaf89f14216052ee.png,5
data\processed\C2LOP.P\015be2088565207b40de52c2b78234be.png,7
data\processed\VB.AT\0845a4bb65762b4246fd8d2a436fa401.png,22
data\processed\Allaple.A\01609d395da6353234e0a6db8aeb963e.png,2
data\processed\VB.AT\03e1abdf32265f1f2f6c291597f49562.png,22
data\processed\Allaple.L\07eeb0ef2b5b93515a3cce4aa92a2839.png,3
data\processed\Allaple.A\006c42d1d6ec837890b22221d4ad9084.png,2
data\processed\Swizzor.gen!I\002bf4a0e4a3da41f2400fd5094373b6.png,21
data\processed\Dontovo.A\00b6a578944b4fd2b372098e67284648.png,9
data\processed\Allaple.A\005444222e623cdb08a2fff104a5fa04.png,2
data\processed\Allaple.A\055b6d3d8463be40a839b489078398bf.png,2
data\processed\Instantaccess\0358b51df4c7182289e59d4ccdb6ecad.png,11
data\processed\Allaple.A\051c407a60b14eb313d564ac8bbb99d2.png,2
data\processed\Allaple.A\00369fb2b662dc5e58c3c9ffb68a2b43.png,2
data\processed\Yuner.A\03baa60ba5520137411fa3bde3d82ddc.png,24
data\processed\Allaple.A\073c430468ff56c7bd2631358d9d7e07.png,2
data\processed\Allaple.A\0832bbef7d0f64ac8fefd0e6d06557c0.png,2
data\processed\Instantaccess\04c945e9604cacea4abebb29d5ad183e.png,11
data\processed\VB.AT\03789e5463d4b95cf14770932b4633d7.png,22
data\processed\Lolyda.AA1\003ea860ea0a96025b9354bcc5b8a722.png,12
data\processed\Allaple.A\047ca6d221d7611eae13db1dff287239.png,2
data\processed\Allaple.A\065aeacef48ff295e0a2e1e7bb76f4e7.png,2
data\processed\Allaple.A\079faa1282be45f5dd66f335d4025689.png,2
data\processed\Fakerean\015ac5f9005501d16c4a4aebb9aa6623.png,10
data\processed\Allaple.A\03bc20be463ecdd1e0819d6d37f50f59.png,2
data\processed\Allaple.L\01b9056fa6fbd431867d5ac4fd43c8a3.png,3
data\processed\Instantaccess\034ee4f5659c89a2f7d527b852552ee1.png,11
data\processed\Lolyda.AT\07419dc89591d90283b73531bfc2a9e1.png,15
data\processed\Allaple.L\055dd36285846acbcd1f084d72a8001e.png,3
data\processed\Allaple.A\057453c8c1a6bf14348a549db3f85ec8.png,2
data\processed\Allaple.A\004b5ca45a580fb601c5f1f0498ddbcc.png,2
data\processed\Allaple.A\036f48da14f0aa248e53307ed45b25ef.png,2
data\processed\Yuner.A\04d491492b1b7ded8fa76ff92503ef83.png,24
data\processed\Allaple.A\01aa0742a34559d238e3e9a2d7ac9697.png,2
data\processed\Allaple.L\001884d7aeda0d8029c4f2665ad09fdf.png,3
data\processed\Allaple.A\080a385e634c078b7c892f552fc54422.png,2
data\processed\VB.AT\00bc7a6e8f2d8558522f1d7a4693f6d4.png,22
data\processed\Allaple.A\0010c080c778bbf6e67dc3923636d74c.png,2
data\processed\Dialplatform.B\035856c3efdc0f546122e5b28ae2db9e.png,8
data\processed\Allaple.A\036aa9327d926976fd24522306745597.png,2
data\processed\Allaple.L\0104a8e697cb9128f0087706c4910e6f.png,3
data\processed\Swizzor.gen!E\0383e8acee3c668143ffef79038c71f7.png,20
data\processed\Alueron.gen!J\00b8c4aeb8dae5b6e20be20ec4d9671f.png,4
data\processed\Allaple.L\0145628a913d3f69847cf197ec14a21a.png,3
data\processed\Fakerean\08401d02aa2b9ccb1c275d954b42989a.png,10
data\processed\Lolyda.AA2\00f82d8598bd29456122ae92b5320c8a.png,13
data\processed\Lolyda.AA3\00f2b0d9ecc4638166b693d1c3757c2e.png,14
data\processed\Swizzor.gen!I\06a7719ff99bcaf38d1a86c43334cc7b.png,21
data\processed\Allaple.A\0529f3930e4292e9202bd42804c6de2e.png,2
data\processed\Allaple.L\0042c52feee36c19f40fe783abf8507a.png,3
data\processed\Allaple.L\003f5a50f5a88f226aee981c1e33845d.png,3
data\processed\Swizzor.gen!E\05b75a552a6a9a6f4bf04f9494decf12.png,20
data\processed\Allaple.L\00298f6fcd9d6ae85cbd421ac0935aef.png,3
data\processed\Instantaccess\049f73637e4b2c19d7aa051f8de7a6b5.png,11
data\processed\Allaple.A\0058b632a94a87880a281881694fa888.png,2
data\processed\Lolyda.AA2\0086e81932b5359a5c8190e1df28cfe0.png,13
data\processed\Yuner.A\0669a315ae0801d7eb5f09ffe8c951d7.png,24
data\processed\Alueron.gen!J\00f2248f605ef505893e21d2096c7e4e.png,4
data\processed\Yuner.A\039a8b4d8cc4daa11b22cb3234219698.png,24
data\processed\Allaple.L\00bca2fff37b0ced67dadb0e149779ef.png,3
data\processed\Instantaccess\07d52586829b8ffffb29ba3bc4fdfb29.png,11
data\processed\Allaple.A\01e4548b06251002d8a0bcb60da1308d.png,2
data\processed\Allaple.L\0734cf5976147e78b8bd3d134094dbaf.png,3
data\processed\Yuner.A\03dc2810c4db08bcec210fddf0eab3bf.png,24
data\processed\Adialer.C\00bb6b6a7be5402fcfce453630bfff19.png,0
data\processed\C2LOP.P\039ec33c77a48a3cf29be47dfc95a92a.png,7
data\processed\Lolyda.AA3\00a5579558adce01b92c6a07a47774f4.png,14
data\processed\Agent.FYI\00fa85c50b6e7c0cfc05fa041fc437ef.png,1
data\processed\Allaple.A\053fa06edd2716a0129cab96bcd46550.png,2
data\processed\Fakerean\058e669d99d8728db5538180b97f57cc.png,10
data\processed\Allaple.A\07c6811691b1c0719b1cb8c883e17233.png,2
data\processed\Allaple.A\08a4ee2dc274dac647f456369ef399ef.png,2
data\processed\Allaple.A\03e838bc9c6bfd706b59931666774d20.png,2
data\processed\Allaple.A\00495def5d90321e24b1ab08aecedddd.png,2
data\processed\Yuner.A\071bff92e269865dd45d7a4766195527.png,24
data\processed\Yuner.A\03eda776d0eb68155076f43b1a1ae72f.png,24
data\processed\Yuner.A\05d65c87a67007c0ebddef03f36f9035.png,24
data\processed\C2LOP.gen!g\03ffc88918eeed461f89d4c106c0364f.png,6
data\processed\Allaple.L\007585b27979861c315be249bb4c1580.png,3
data\processed\Allaple.A\00cf5622cacf5a70521220dd062eb7de.png,2
data\processed\Lolyda.AT\00961aa2ae8c3799e835ba381fd9e47c.png,15
data\processed\Allaple.A\002ecbf29029ab478576618d66a1d27e.png,2
data\processed\Allaple.A\03a7ede8db537e808c9308184c852bc8.png,2
data\processed\Lolyda.AA2\00048694344eb0b24ff5bb0759a40a4b.png,13
data\processed\Allaple.L\0858c2726c24a3f9bfef90587da61741.png,3
data\processed\Allaple.L\032545159caab72fd46ee5cbed3b472e.png,3
data\processed\Allaple.L\07e0285cfa18e24c969e376e6ee4e5d5.png,3
data\processed\Allaple.A\00792822b29ecb6b654f4839b19b8b51.png,2
data\processed\Allaple.A\0758750cb932a56e8ed0c4e788a30d5e.png,2
data\processed\Allaple.L\00ef75e402d41c5204ee5afba5ca49d2.png,3
data\processed\Allaple.A\085553dc2fd1229dafd9e0fee69a9993.png,2
data\processed\Rbot!gen\5ed95b4dfece70ebc6ffbeb9659c9df5.exe.png,18
data\processed\Allaple.A\07a802393724388eb17976e4e191425d.png,2
data\processed\Allaple.L\05b99b7902aba435a38a0dfb2cbaec3c.png,3
data\processed\Yuner.A\03ed1edaf656bcc90bfbfc6ae6ae1b67.png,24
data\processed\Dontovo.A\069d3a33e21d1e5080384546c1a282ff.png,9
data\processed\Allaple.A\083c8a2df4b55f0a6b297970923cd3d7.png,2
data\processed\Yuner.A\0454bdcab8078a33d72342ce09fe2c61.png,24
data\processed\Lolyda.AT\086d433e05d1b4858ed04f0e93b3a531.png,15
data\processed\C2LOP.P\03bbe0bcb5f1cced2b6ea96e873ab504.png,7
data\processed\Yuner.A\06569bcc37cc43a805d4735ec476e3b5.png,24
data\processed\VB.AT\00e7d31eba054fc985d5a93103af3b30.png,22
data\processed\VB.AT\00d206783e3ddebf48d51533fa0e34ec.png,22
data\processed\Skintrim.N\009883e2d3e29158c86659a69bb89d2a.png,19
data\processed\Allaple.L\089d046eb8ad07b7e1c6198bba0c86f8.png,3
data\processed\Fakerean\006dcef30d3aefe4d87e530d0da8a417.png,10
data\processed\Lolyda.AA2\0087f66befeec01d89b107a3adf5e492.png,13
data\processed\VB.AT\07c591cb45c1c53ad0ada6164a020615.png,22
data\processed\Allaple.A\0081a54ee662ea97ec620273cdb5d30e.png,2
data\processed\Fakerean\06d5229edf3a43b9edb67d57d13c1109.png,10
data\processed\Autorun.K\0070fde0e8bb0e9abbbe1e3a54ae962a.png,5
data\processed\Adialer.C\01aa7da4d2709a0ceb69771fc837730c.png,0
data\processed\Allaple.A\01b14ae318d45ac8c90fffb7b7629c2b.png,2
data\processed\Allaple.L\034f78cd42a445b065c33ed7888856e9.png,3
data\processed\Dialplatform.B\01d1ebe308213f5ceffcb2100dc22210.png,8
data\processed\Obfuscator.AD\003457f303801000f99feb862ade3424.png,17
data\processed\Allaple.L\069db89d4a7c0487456a265450c3686e.png,3
data\processed\Lolyda.AA1\0069a769ee0cda8fe368d05bd1876ac5.png,12
data\processed\Allaple.A\0035842f34efb8edb4ddc35b284f8c8b.png,2
data\processed\Yuner.A\079d25135f7be04219971f94e85df14a.png,24
data\processed\Allaple.A\05277b1969c048cd5b3ca058362ef5ec.png,2
data\processed\Swizzor.gen!I\060e5538a1eb862eb3580c59df50ef39.png,21
data\processed\Allaple.A\069669e5fe9221e5e0a0fc436fe17d3d.png,2
data\processed\Yuner.A\006c6b15381969c4f5a62f7adbd3b02c.png,24
data\processed\VB.AT\007c5e30f7a17259de27b3b712e8b7a6.png,22
data\processed\Rbot!gen\f9e870f502e65e18cc8fa13648e4a6ec.exe.png,18
data\processed\Allaple.A\019e82ee6c71542075510bd765b6f148.png,2
data\processed\Instantaccess\0433b8172a1fe629f9380f759dcf239b.png,11
data\processed\Yuner.A\00528280d1bb8e898a568ad1e7614aaa.png,24
data\processed\Rbot!gen\cc34ad8a75225f49df8b4c1a317763d7.exe.png,18
data\processed\Lolyda.AT\00ff757f4e631fee655b6ff06e4e4737.png,15
data\processed\Fakerean\06b1694f9f03e7f3ed45be9ae79fdbef.png,10
data\processed\C2LOP.gen!g\008303aa3e5a43b821c559b0aa4f9889.png,6
data\processed\Instantaccess\06beea7ba3b211df07fa9cb169ffd58a.png,11
data\processed\Yuner.A\003f7bc85e9ea3d45acf61e1d7dee6c7.png,24
data\processed\Yuner.A\043e735a4c382c13d45564f985753e2e.png,24
data\processed\Fakerean\07a55c297100d799752d3de59cb23332.png,10
data\processed\VB.AT\0522de96d360d5a1c760aa178532fe23.png,22
data\processed\Alueron.gen!J\015345c6ebbcca2698633ec904d8be60.png,4
data\processed\Lolyda.AA3\00360976c2d2eb320521231091f42113.png,14
data\processed\Agent.FYI\00d825ef0677eb321f654d86555d5cb9.png,1
data\processed\Adialer.C\05a36389013100ff5644af10e33c1d3a.png,0
data\processed\Adialer.C\050f962b76f3b115044873d9e3a07a97.png,0
data\processed\Allaple.A\00dd2c031519ab7560e4291a9c87fcf8.png,2
data\processed\Allaple.A\07634539f08daf3c97a40bee4f837086.png,2
data\processed\Allaple.A\07c2cc0dc19ca2cc25f0aa9d8104ea35.png,2
data\processed\Allaple.L\01c216b1023dfd0ead3c5d586538886e.png,3
data\processed\Allaple.A\00fa8564d79d6507b2dc2be3b393d47f.png,2
data\processed\Allaple.L\01fb0f629af38701a1f927cc5c46d618.png,3
data\processed\Allaple.L\045ee51cab2a321aacb0a87af12239e7.png,3
data\processed\Rbot!gen\83c03430249ab1174193be02c7a031a8.exe.png,18
data\processed\Fakerean\007d7a0e5a2a82e46f364941c8695b22.png,10
data\processed\Allaple.A\01500dca9d0d0a37029188645f34877c.png,2
data\processed\Alueron.gen!J\01d921338b859aac687fd427de6b6c43.png,4
data\processed\Adialer.C\0044f0746b812f6b454ce210bc58c572.png,0
data\processed\Allaple.A\01dc831088fffa3acb716016353281ec.png,2
data\processed\Dontovo.A\03a6be98f16f88cc9796017e8447fa93.png,9
data\processed\Allaple.A\041e471d7207ac84083f379ab8890dba.png,2
data\processed\Allaple.L\00accb80c3dbb5a462b5b312feb536f1.png,3
data\processed\Instantaccess\02f6740d7a5891e47cf3dff70bf57d54.png,11
data\processed\Allaple.L\01353a571471a51bff413458ffcd1e2f.png,3
data\processed\Allaple.A\06375c6a1b95173a3c06b8301d359f85.png,2
data\processed\Allaple.A\089f082bfa666ae3d235903b79a36828.png,2
data\processed\Obfuscator.AD\009483b16e5fab498cda9cd7ae90df46.png,17
data\processed\Lolyda.AA1\008a68bae061d84bdf155bb11f36bf2a.png,12
data\processed\Allaple.A\06e6380dbe3bc317716c31b5f18c616c.png,2
data\processed\Allaple.A\01ce2c83d3e8f2820fa3f174805b2900.png,2
data\processed\Allaple.A\00a44d8d31808d6e055c4f5531aea8c0.png,2
data\processed\Allaple.A\008ebe34074cfaa815bb6acfe82704a2.png,2
data\processed\Allaple.A\058255836ad87cd3eefc109f33405467.png,2
data\processed\Allaple.A\00420a75f0bed93eacafaaa284cd3cdb.png,2
data\processed\Allaple.A\01c696c364965abcd43b75c46965098d.png,2
data\processed\Yuner.A\00a16ffc62110a10a1c17066d274d5bb.png,24
data\processed\Allaple.L\049bb0a07bb645de50e3d67acbee2a2a.png,3
data\processed\Allaple.A\07b5f2f03e039bdbd6e345f2c5c966bb.png,2
data\processed\Yuner.A\05cd00fcd1a420945097ce8e7e204b62.png,24
data\processed\Allaple.A\05027d22660fd6864b72707081be23c6.png,2
data\processed\Fakerean\01e0e6c842525d595c1ace2e5a7442fa.png,10
data\processed\Allaple.A\05b58239c29944ad1fd85389e5ce275c.png,2
data\processed\Allaple.L\0701fd9147ec121dde5267704323cba7.png,3
data\processed\C2LOP.P\08a5b2bc33b41d2877884d1df56efb2d.png,7
data\processed\Skintrim.N\002df897a473cde62caa1672c5cff23e.png,19
data\processed\Allaple.A\0519c69f17fcef807b4bb09cb5189a3e.png,2
data\processed\C2LOP.gen!g\00c6c5052467576bf54e0d7d1eeb04d6.png,6
data\processed\VB.AT\084d27f2854dd1072c48502cdd3a23ac.png,22
data\processed\Allaple.A\0420a82d5928830f4251ae09e1564e0a.png,2
data\processed\Rbot!gen\1b4b3e9b902988bab6598833b588761b.exe.png,18
data\processed\Swizzor.gen!E\00231bd15cd714c3604d0ab60c3f0ec3.png,20
data\processed\Allaple.A\030a42c740668399344a04cd3af11c3e.png,2
data\processed\Fakerean\07671c6d0d1598a2b9dfbf0df653ccf8.png,10
data\processed\Allaple.A\06a9717cef781fb7e7f927b27ad37ae0.png,2
data\processed\Allaple.A\059544845803b0eeab2ef796ebc6370a.png,2
data\processed\Autorun.K\08929ed3da14d2699afc4b9aed2b12f4.png,5
data\processed\Allaple.A\00828d887523d33294a26b7901d6172b.png,2
data\processed\Allaple.A\002bc6e81d13c7464f9e780376a2f937.png,2
data\processed\Allaple.L\03890e0e4ec99d92b7bcbbbd5462636e.png,3
data\processed\Allaple.A\07ecc650a06ed2404c01c94b4fbefb5c.png,2
data\processed\Lolyda.AA3\00847f194a96ace79eedd3a1737c070b.png,14
data\processed\Allaple.A\065a849200a7b1dc5f5474a187f41779.png,2
data\processed\Allaple.A\06db182c43d50c028aad3f05a53dfd0f.png,2
data\processed\Skintrim.N\0001ee0359bbe0c9887902309598f955.png,19
data\processed\Allaple.A\04c310bc202ee31858b9d8b067e1f37a.png,2
data\processed\Allaple.A\065383d72985d9e695bea80cf5943881.png,2
data\processed\Swizzor.gen!E\000b4ab050878e4a38258617471196e5.png,20
data\processed\Allaple.L\08667da0ed935cfa04a9bc39c805f441.png,3
data\processed\Allaple.A\078b44ca2585410f453eafc9248552c4.png,2
data\processed\Allaple.A\00f420eb5aac67df50db0634c7c88e2f.png,2
data\processed\Swizzor.gen!E\0784d9f14ab329e096f96bdf82b28a69.png,20
data\processed\Allaple.L\038f3e0f6776c19ab93a606706227837.png,3
data\processed\Allaple.A\04f78eb5f836e643441c81f77488b859.png,2
data\processed\Rbot!gen\a6c431327247b1dfeaf82ceec98b0284.exe.png,18
data\processed\C2LOP.gen!g\00fa8a6aeffe0f4c62239d77a311406e.png,6
data\processed\Allaple.A\00e841053dc53d09e259d5593b4405c1.png,2
data\processed\Lolyda.AT\000dce1e85c83c4d776b2e6c2dc3ab3b.png,15
data\processed\Rbot!gen\b5451c6b4c8615b5dc9083b6545dc0a6.exe.png,18
data\processed\Swizzor.gen!I\03d72c8f838b4b3b743b21a8edf2e2b8.png,21
data\processed\Lolyda.AT\0715a31087ec1a9f5beb3705c6308097.png,15
data\processed\Lolyda.AA3\005e607b952e6e92994f9a3d30aa7155.png,14
data\processed\Allaple.A\01946f0411aecd6ba37032b3ca007dc3.png,2
data\processed\Allaple.A\005b1e3493f865b4d55beb2fbdb07661.png,2
data\processed\Allaple.L\0455dda9c3ea491cd65cfcc656b3dc5a.png,3
data\processed\Allaple.A\008a1f28d7f4b0e3df7ff29d6679f85d.png,2
data\processed\Malex.gen!J\0740f7ec6b771c1356259ab36d7ad499.png,16
data\processed\Malex.gen!J\057a2e5082173057650d408aa796a2bf.png,16
data\processed\Allaple.A\0039e46dd50d6004dca307ee00816081.png,2
data\processed\Autorun.K\04b39edad8b38254057b3901395f169f.png,5
data\processed\Yuner.A\00523825ca9a80a5c85efefb30ec22c2.png,24
data\processed\Adialer.C\071ceaec8d2815b0705c23a9c235e64a.png,0
data\processed\Rbot!gen\3d7a2593741870abd1d72ddb3af95bb6.exe.png,18
data\processed\Lolyda.AA1\00850e6a4de992c3cbf547c322cb5511.png,12
data\processed\Lolyda.AA1\00706147ccc17111ccaf361796935cf7.png,12
data\processed\Autorun.K\0465b68456d9496feea0e633b43ddb4d.png,5
data\processed\Swizzor.gen!I\0192c2bd1d8a7b713ab7bb7eb279e1e7.png,21
data\processed\Allaple.L\081a25dd1e8f24d675331b054278bc01.png,3
data\processed\Allaple.A\0310632faf1f5b4e31808d966c4485fa.png,2
data\processed\Allaple.A\008799138dd73771d6495f0ca76e9cfc.png,2
data\processed\Allaple.A\04bcac61e5d415d742cc58210720d161.png,2
data\processed\Yuner.A\07d96b4312bc7a8ac86bc16d2c36f362.png,24
data\processed\Allaple.L\042e07eda091e4d833b33fb84e22d7dc.png,3
data\processed\Allaple.A\00021bd0bd3c007677f6aa11f2aba690.png,2
data\processed\Allaple.L\03844ea64337c3ba91b6bdfedf8a0392.png,3
data\processed\Malex.gen!J\015c31201ca212a5fae727ee5a6305ba.png,16
data\processed\Dontovo.A\07c964c217e92b9920255df4fd4fc716.png,9
data\processed\Alueron.gen!J\070fda8ae1eb3ec2a73eae340a08c0c3.png,4
data\processed\Fakerean\08926598a1a4bad85c1793f9cae99655.png,10
data\processed\Allaple.A\06ee6faff90a9f5d7ef74c84b5d6bc7e.png,2
data\processed\VB.AT\0048a24b2c78dd604d70f0eae6f74545.png,22
data\processed\Yuner.A\0001ce4611469f4b9f5e9498c712e01a.png,24
data\processed\C2LOP.P\04c3f4a3ef87f5cc21ef95c2bb919eb5.png,7
data\processed\Allaple.A\019991e99ec451a8c0703954a4465656.png,2
data\processed\Alueron.gen!J\086b6a321a8fa4de367f37f9c387c207.png,4
data\processed\Allaple.A\050088be747e02e2c1d351fee93633d8.png,2
data\processed\Allaple.A\01d606185cf8bde89cb5c83fb0402a33.png,2
data\processed\Dialplatform.B\000dde1be80ba152f4a21cafe4c732df.png,8
data\processed\Allaple.A\03a4ac32db3470629c54d0a9472ec111.png,2
data\processed\Allaple.A\062bb4f49d622d112bfca8fdacd479ce.png,2
data\processed\Skintrim.N\00aebaaec0bd60db657961f7d1a97aa2.png,19
data\processed\Wintrim.BX\0023ec3fb700f5150df1bf41ad0fd68a.png,23
data\processed\Allaple.L\076dddcbf8931e9c2235b1a251e8c169.png,3
data\processed\Instantaccess\0639d2451d5a4e333535cb51df8e1604.png,11
data\processed\C2LOP.P\0886dc3c2382cd717c637ce0b3cec498.png,7
data\processed\Allaple.A\06790a8cbab225042656bb1432e27b4a.png,2
data\processed\Lolyda.AT\00079520833ea8ef25d68e552c00b2b2.png,15
data\processed\Obfuscator.AD\033cde93d2b3c25020743afc67641850.png,17
data\processed\Lolyda.AA2\0075b8c27a43a06a8f9b9aebd5ec7236.png,13
data\processed\Allaple.L\058aee7b24181a28532ac332a133d6be.png,3
data\processed\C2LOP.gen!g\001ed5b440e467fc248bb41899db918d.png,6
data\processed\Autorun.K\053c59fc876a2f7e68f88f90e1aea844.png,5
data\processed\Allaple.A\008868ad3974b7cf4200bdcb0abd5e07.png,2
data\processed\C2LOP.gen!g\054989820520fbe3d5326ce470eecacd.png,6
data\processed\Allaple.L\018909913b54d0332771cfd4ee907bb0.png,3
data\processed\Allaple.A\0517afe4b24246f1a6abf97d7d2b20e6.png,2
data\processed\Allaple.A\048c832da5a0077c75613f7cc1ca1b66.png,2
data\processed\Allaple.A\0552ed18cc36c5d71ab18b613d02c008.png,2
data\processed\Allaple.A\03f6fcf9d2cf49f59fedb947c4985087.png,2
data\processed\Instantaccess\00100a368de8677b2b71015108828b8f.png,11
data\processed\Allaple.L\004621335d1caf9aec58ddba08dfb755.png,3
data\processed\Allaple.A\04ca861d41661c7d4043766578cc47d5.png,2
data\processed\Fakerean\061357e6459f8af9a5fd07f2ad05cbf4.png,10
data\processed\Yuner.A\03c0b84a49be3abbc8a5fbf50e26a481.png,24
data\processed\Lolyda.AA1\003295721c2dac92ce6782e5b4fbfd95.png,12
data\processed\Dontovo.A\04182c864e3d98dec9dc111807f10c5f.png,9
data\processed\Fakerean\04ccaa4ebda27ec914aa17819883cc37.png,10
data\processed\Instantaccess\04b61e11f5cbd6ba874716afbb6a498f.png,11
data\processed\Yuner.A\05d817f460c3f49859a3b94ce926a8d0.png,24
data\processed\Allaple.A\080f34005f69ece0139141a91f3e2f2b.png,2
data\processed\Allaple.A\01fba5de2bca48d3579c18db12238ee2.png,2
data\processed\Allaple.A\08b4052191da8fac002767a966f2d30e.png,2
data\processed\Instantaccess\03a967c92ba9506ea52b064fc2293eff.png,11
data\processed\Allaple.L\03c7d8f38cdacec9386f51fe4888ce5a.png,3
data\processed\Obfuscator.AD\041fbdd9eea3adfb59748082dde3e4b7.png,17
data\processed\Allaple.A\082e94df3d2a5afc561368d77319b486.png,2
data\processed\Allaple.A\0860ae17493eac51367c6ff4865bb97e.png,2
data\processed\Allaple.A\07a1cd928f8dd54254bd1d0b2c73ed5f.png,2
data\processed\Dontovo.A\00ade293ddb065c3bdda9af08906fbb3.png,9
data\processed\Yuner.A\03617246547147d5216434d4e488be4c.png,24
data\processed\Allaple.A\03f7a262c6236d51ae67c638b19d27f0.png,2
data\processed\Allaple.L\06a46b1501c84f181f9d5984f71901ea.png,3
data\processed\Autorun.K\01ac0af7c4c3ccd27e3a25d1a69afd9b.png,5
data\processed\Lolyda.AA1\009f2942254d35fee0fbd835a9b45069.png,12
data\processed\Allaple.L\08a5c48960d69fbadf0289175cc03a97.png,3
data\processed\Allaple.A\00f0dbb4649328ab1ba6c4fac3f8bcb4.png,2
data\processed\Allaple.A\077f9a237c8b6bb22e48d3bf3219d97e.png,2
data\processed\VB.AT\01dee7374a0b9f3c0f2309837f87b0b5.png,22
data\processed\VB.AT\0062638e82439048ab08128b1ba8370e.png,22
data\processed\Alueron.gen!J\004854e3277fbad5b64877c584f0fa2b.png,4
data\processed\Allaple.A\0428c0bcf6239b7fd500c2290998b5ae.png,2
data\processed\C2LOP.gen!g\077f77e731ff65728ddee4fa6227d639.png,6
data\processed\Agent.FYI\0691dbe03fbb31ae8dc308b0b81604b6.png,1
data\processed\Allaple.A\04a4aeb804f6c0bfe7fb4b1625e2247f.png,2
data\processed\Allaple.A\089135c110ea7a71118aad26de4788a3.png,2
data\processed\Instantaccess\03e784726794f913d28cda5fbba486fe.png,11
data\processed\Allaple.L\0800c42bd4a4da36de9569f4af4b6203.png,3
data\processed\Lolyda.AA1\000f0b30041741e18199a8c8a08a40af.png,12
data\processed\Allaple.A\055a9da224feead7edcdb1bf66da627f.png,2
data\processed\Allaple.A\008e278d5d83c23d2cf85aa5adee61d5.png,2
data\processed\Alueron.gen!J\00556067fdf05ecb8d35a0a9a18a92a6.png,4
data\processed\Yuner.A\04317301319fb5e8f21476214d7a1a74.png,24
data\processed\Allaple.L\008d5e9e285d438df480bd699a97a95a.png,3
data\processed\Allaple.A\001fa3abaf24a18d6e9b2a66393bb3f7.png,2
data\processed\Allaple.L\06782f10c5baec31aaa49109420e7778.png,3
data\processed\Swizzor.gen!E\077c6c6da9e056a1c88e7fcccedf8813.png,20
data\processed\Yuner.A\04e1f4de8cb994713a44784663e148a3.png,24
data\processed\Rbot!gen\da66a7e27fb8426f2a829a35692f1418.exe.png,18
data\processed\Allaple.L\0366528e108b46ab2ee27ad4fe674fb1.png,3
data\processed\Lolyda.AA1\00c5a590a6e342893dba5fb888527c19.png,12
data\processed\Allaple.L\00e89be77c5d90aed32d56bdf7c9731e.png,3
data\processed\Autorun.K\06e6fb0fe6daa9f1d407e3871731c9fe.png,5
data\processed\VB.AT\015134a68c273b24af74aa142e70225b.png,22
data\processed\Allaple.A\044b77a19c15a43eaa584da99543a91e.png,2
data\processed\Allaple.A\07b04b6bc3ece52107b75bf20fe9743a.png,2
data\processed\Allaple.A\040aa644be4adb3fa94c8752cb7beee5.png,2
data\processed\Dialplatform.B\073850aed053f20ed63833a4b4f3b204.png,8
data\processed\Yuner.A\068944a68e6d36219a3bc8c04faffab6.png,24
data\processed\Allaple.A\005ba44cfd84dfaf6039752c756f90a7.png,2
data\processed\Allaple.A\083d85c7ec309fda17b882e1976ebb9d.png,2
data\processed\Allaple.A\06a3527e809d816b0afa7f9e2578641f.png,2
data\processed\Allaple.L\03479a3b8cad800bc8358c855be83387.png,3
data\processed\Swizzor.gen!I\0120b9c2758cc2f6b4414c258267ec34.png,21
data\processed\Allaple.L\011a8a209e6591aeabd87ec3b4d7c513.png,3
data\processed\Allaple.A\059b9b060386cf79e5238b7161a0e300.png,2
data\processed\Allaple.A\0005efa76c988aedccb97cbccbce4bd5.png,2
data\processed\Yuner.A\005affd6b413d945bfdd9bf03d1c7673.png,24
data\processed\C2LOP.P\063c0dca57dd2a4d2806902629c9212d.png,7
data\processed\Lolyda.AA2\00380ac5e8e97cf5de8ef84fca14baf9.png,13
data\processed\Wintrim.BX\00ec26fd891c67817a13d9c85a1ee443.png,23
data\processed\Allaple.A\06bf1185b1be1b5f2e9de164a8a67da7.png,2
data\processed\Lolyda.AA1\001fdf3cf5249e82c3682b79d87ebf33.png,12
data\processed\Dialplatform.B\001808b5698d49d78a0efe0a8b31104e.png,8
data\processed\Allaple.L\07dc5e84c6f1fde02692b9e282cce946.png,3
data\processed\Allaple.A\062af40d0a3a00e0cf05d73d6b5d7b1c.png,2
data\processed\Allaple.A\00276a19085489c1b92adf18c0bd8aeb.png,2
data\processed\Lolyda.AT\00f50c09d8d3637b5e5b5c8430e77f7b.png,15
data\processed\Allaple.L\00b34e5fcd31a617953fe32c92d2f625.png,3
data\processed\Allaple.A\04a26e737adeba0e9262c25eaf532bfb.png,2
data\processed\Allaple.L\00e4f0ed60d15844887028644a087acb.png,3
data\processed\Allaple.A\04029d332b432bebc83826e5617ce3df.png,2
data\processed\Allaple.A\0152ea455b322518264c54463bbd90d7.png,2
data\processed\C2LOP.gen!g\001956b292557284fdf2d7e68f311947.png,6
data\processed\Allaple.L\0766822168fe442339fdc6fbb9353abf.png,3
data\processed\Wintrim.BX\0099f2831f41ae498e22dadf6ccc42f8.png,23
data\processed\Allaple.A\0775da7738b96ce15afec637cd8ee38b.png,2
data\processed\Allaple.L\01864b23780ed1e13198c34c511729e5.png,3
data\processed\Allaple.L\0096e205bb5c58acaf710825d2458e06.png,3
data\processed\Lolyda.AT\0416150e99501c7ecd68aa60cdf5d156.png,15
data\processed\Lolyda.AA2\0095e681499a14f1fc6bac33264a569d.png,13
data\processed\Instantaccess\01cf79e3d40dc1b1896c6b2be178f70c.png,11
data\processed\Yuner.A\059770e00a4c7ccf96ced81fae671eea.png,24
data\processed\C2LOP.gen!g\039c181ae3b85528aa28a6c5f9f1b23c.png,6
data\processed\Allaple.A\036edc918386980646a2eb60064f9f14.png,2
data\processed\Allaple.L\00eae675efd78123e38bdd8aa30de46c.png,3
data\processed\Instantaccess\00429081a572f7c33c262723360c9cf0.png,11
data\processed\Allaple.A\059a63696f601463e097e4c5766bec71.png,2
data\processed\Instantaccess\04c28c6b97059e27487cbafcc66a5322.png,11
data\processed\Allaple.A\00e1f09e7fd3c10160a0769784ea2a5c.png,2
data\processed\Dialplatform.B\061ee88b6eb6c422991619dc43f654ed.png,8
data\processed\Allaple.L\064a4bbf64c820e666c56d8e865e6f84.png,3
data\processed\Dialplatform.B\009088d0af358e6ea2ece91803d20110.png,8
data\processed\Swizzor.gen!I\061af5fffd753afa69b0ac01c4d85435.png,21
data\processed\Allaple.L\052344ea1e07067a98f7ad973cc9533a.png,3
data\processed\Yuner.A\004f843bb32f0a052ba0b50ee266355f.png,24
data\processed\Dontovo.A\07c9fec9039f312586c9243f8d92650e.png,9
data\processed\VB.AT\052c5a694d5346532704a00783ed672b.png,22
data\processed\Allaple.L\003eeba94558bcd661f98a5011032416.png,3
data\processed\Alueron.gen!J\033ff30de8bf002a629600024c70cb2f.png,4
data\processed\Allaple.A\07643cb17d4414d5bf64fb0d428e997b.png,2
data\processed\Allaple.L\05d678e01c6dcf94748dff7468976f08.png,3
data\processed\Lolyda.AA2\00ec9818653182359757fbe087119efc.png,13
data\processed\Dialplatform.B\0330777b391535b199523cfef768aa42.png,8
data\processed\Autorun.K\052c7c63f5a325d693f50eec49b14fb6.png,5
data\processed\Instantaccess\032868a3d3a430d0312b5954c4056d4d.png,11
data\processed\Lolyda.AA2\00bfba56026892a20c3e5e1113d9a5d9.png,13
data\processed\Allaple.A\05462de239e3c6f09474b4642ec6de28.png,2
data\processed\Lolyda.AT\0109331ceba84c14d7de37620caa1b17.png,15
data\processed\Allaple.A\04cc8c7273126ebaf0d3027519455c50.png,2
data\processed\Allaple.A\0654310a9f63a1940d9dbce8849f2c81.png,2
data\processed\Alueron.gen!J\0705af6f80e9f3bf50a12195c33bb2be.png,4
data\processed\Fakerean\02de6a6bd70d5a9bbec89319bddeb97f.png,10
data\processed\Lolyda.AA2\00d8b023202ea884071c7cd46a8bfc3e.png,13
data\processed\Allaple.A\007178c4edaa157d821edd4d7b4223b2.png,2
data\processed\Allaple.L\01fb74a6a388f138a1581291f9eeb7a8.png,3
data\processed\Allaple.A\07689c3e8ff06d76ff157883a24ab591.png,2
data\processed\Yuner.A\005ad5a28d5d595a9748e11155be0c2c.png,24
data\processed\Allaple.A\086c4aebff498d424a25471f0b368fda.png,2
data\processed\Autorun.K\08aa64509615f4de8586f574f35e7ed9.png,5
data\processed\Allaple.A\01ae37fc3f2b1ea591ac14712fa5f455.png,2
data\processed\Yuner.A\007c56c0e981c6ebabadf9ef2e988e1b.png,24
data\processed\Yuner.A\0436bf80667b27962afb783dd83c4e98.png,24
data\processed\Allaple.A\040895b2c1fcea1f48d108a3434de618.png,2
data\processed\Allaple.L\00c9cb6c5fd2f6fbce59002170660310.png,3
data\processed\Yuner.A\0597703ea51f9f72d3355c46371eb0d6.png,24
data\processed\Malex.gen!J\016e929e88b9470755d5b07eae697fae.png,16
data\processed\Allaple.A\041768436e3621eb03a9c38c2b62ae17.png,2
data\processed\Allaple.A\052951e1f2a9fb7639e5112a4c7daaa7.png,2
data\processed\Allaple.A\0506ae5fa92ccf3375f6500da08b53fe.png,2
data\processed\Allaple.A\010a9e6398c02a43a901db45931c3ba7.png,2
data\processed\Dialplatform.B\0845af9f385b58ffe27e53705a1ce955.png,8
data\processed\Fakerean\02f747d9c4e5ec8c0d23d1a1b5a4c78b.png,10
data\processed\Yuner.A\06d3517ad310cc5d8c6e556c03189e02.png,24
data\processed\Instantaccess\00be9eb076afc7c2988ce76841c70788.png,11
data\processed\Allaple.A\07a047aa89ec2530dc76568f3c6e227e.png,2
data\processed\Allaple.L\05a8d7ef63712b6715a480fdb968783e.png,3
data\processed\Allaple.L\0111ac7191ca625b5045b7d716a926b6.png,3
data\processed\Dialplatform.B\08a3d3c713a27d5082504e7589a9ba33.png,8
data\processed\Agent.FYI\066c9f91a8c179a23e4e579a9333e095.png,1
data\processed\Autorun.K\043a533ce7422297d750244d4da6bfc3.png,5
data\processed\Allaple.L\031fecac3acdf985ca46682d5162b89d.png,3
data\processed\Allaple.L\03cdf66a4c6ac4cbce4a0185cf568d69.png,3
data\processed\Dontovo.A\06240f088a993e73bcefecd060189516.png,9
data\processed\Allaple.L\07930e24e5cc7ceca6c32553d1bdb778.png,3
data\processed\C2LOP.P\03f17735ef1a46bcff2a58592dcb25ec.png,7
data\processed\Yuner.A\0143f6982e250c0cb8f5f919b1bda325.png,24
data\processed\Allaple.L\0854ed94d808667b85c5926273af5cf8.png,3
data\processed\C2LOP.gen!g\00b61db15c784180de3668532ec746ec.png,6
data\processed\VB.AT\03cf1864b9b1a762f61732582a04ef35.png,22
data\processed\Yuner.A\06ae953759d8ecd8ac33908ab82eb192.png,24
data\processed\Yuner.A\07ee03f4608b32554db404a7f9f6f1ab.png,24
data\processed\Allaple.A\059e8c56f04245fe1631e55a9ea81c48.png,2
data\processed\Allaple.L\0423aaff2ecd7c2b606126aadfd26227.png,3
data\processed\Malex.gen!J\083e23cc36b95a8d619196e9264b3644.png,16
data\processed\Autorun.K\05ac93555f9aa76092438b24427ccdfd.png,5
data\processed\Allaple.L\054626c18471ff463117156519aed4b9.png,3
data\processed\Yuner.A\00a26ab4b55ab6aa03e0fa5d39f8ef72.png,24
data\processed\Fakerean\06669ea9ff1d0f2a61a3d8d958b9ec5a.png,10
data\processed\Allaple.A\06b3003a892ee8df5b4ebe7e834da284.png,2
data\processed\Allaple.L\00302bf77224e4db0bba9e87732dd21e.png,3
data\processed\Allaple.L\046a896723f141545a0396295df4e3d9.png,3
data\processed\Yuner.A\07bf8b2cfd36c36e50fb46be9d81dc7b.png,24
data\processed\Allaple.A\03d50bd5f879af975d4887db39f822ce.png,2
data\processed\Swizzor.gen!I\03773eb4858c7aba90eaed98b90c5382.png,21
data\processed\Allaple.L\054b29667d4835e8ffd1e5d8f72a21d9.png,3
data\processed\Fakerean\00ce6d8e9b891da8eb565159849bca7c.png,10
data\processed\Malex.gen!J\075f6c9e6058454b1c45e0988381bfe1.png,16
data\processed\Yuner.A\018fdcec24507ea562768947fb1ccd2e.png,24
data\processed\VB.AT\015f9b71a5671e95cac84a2a79d7a93c.png,22
data\processed\Allaple.A\036d011a80cdcc1e19f6349142d4003a.png,2
data\processed\Allaple.L\064960cbb0f6c97d8cecd45af87a4228.png,3
data\processed\Fakerean\0075ceb266cd5d6a4ce9f4828d3c659c.png,10
data\processed\Fakerean\029a71442f31c92c18cea2807b86c7fa.png,10
data\processed\Malex.gen!J\00a0d9f90ee74ad7f903306bdb492d34.png,16
data\processed\Allaple.A\0406b864c020701e86d0581ef71ec9f1.png,2
data\processed\Allaple.L\078b05592ccb7d63b08e69a7f53ce8e1.png,3
data\processed\Allaple.L\042d6a989178d0c0b849d74c0a4647a6.png,3
data\processed\Allaple.A\00b46563176f234fb17ae003c20df881.png,2
data\processed\VB.AT\03eb55c1c468cfee992ef2c53b5d52a0.png,22
data\processed\Instantaccess\02dcdb099c9bc4161f770cb2f203cff3.png,11
data\processed\Yuner.A\059a28f3d96d805e2f20ba7758b60839.png,24
data\processed\Allaple.L\05682c7806d3bde79462f8f6ca925828.png,3
data\processed\Allaple.A\066b3949df8947302f1c7c954195f181.png,2
data\processed\Swizzor.gen!E\008f4aa97451513770c6ce4ae46c6853.png,20
data\processed\Allaple.L\08ab7b5daf4919ee7e568f762a1e3d5f.png,3
data\processed\Allaple.A\038075e7204d82554a5044210264725a.png,2
data\processed\Fakerean\019396f812ff7418d74aa7fae397a0a1.png,10
data\processed\Allaple.A\016252c0b75d417193ff0ce9ebbb7e42.png,2
data\processed\Allaple.L\0339962ee409130062088ed9b6bbbb42.png,3
data\processed\Allaple.L\066e7d0b49633ae335178178f344634a.png,3
data\processed\Allaple.A\069b72ad5cb039b7a1dfa04e06e721fb.png,2
data\processed\Dialplatform.B\04438c9dc0697eb73d40a7a64e891a00.png,8
data\processed\C2LOP.gen!g\0785f9cf441993f040bf9bb57304ca0a.png,6
data\processed\Allaple.A\06d03c3816fd556dd51c47949d290d5f.png,2
data\processed\Instantaccess\07ec9ccae0fef17b3acca601b229bdf3.png,11
data\processed\Allaple.A\047bcc4935bfb928a5683b94a965aae4.png,2
data\processed\Allaple.A\013444ddbd3fc4ea0e77c82502df9a82.png,2
data\processed\Allaple.L\00289340d190cfd92cc2d3d81fdb9eae.png,3
data\processed\Allaple.A\078c7b100fa7803269a90f2884b3a1bc.png,2
data\processed\Allaple.A\085e7ed069573e6bd8166c08bff850c7.png,2
data\processed\Allaple.L\008f967bcb14549c189148431ae3a74b.png,3
data\processed\Yuner.A\03426f6a8706a579bc2ed18c198f9de3.png,24
data\processed\Fakerean\06a5e1139d8ee15b54a8af2b2b7020a6.png,10
data\processed\Fakerean\0434cf1a03f0271c4d5f298474005926.png,10
data\processed\Allaple.A\0400c932696d0064b890fc1d10e6d1ad.png,2
data\processed\Allaple.A\007cf44c23154f5aa92b5dad8f2007d0.png,2
data\processed\VB.AT\02403898024b7a8813365ff2263efc9c.png,22
data\processed\Lolyda.AT\08a50e0ffab8da6fc732ee35babf98d1.png,15
data\processed\Allaple.L\077d57e9975c6096b08efabb56492e15.png,3
data\processed\C2LOP.gen!g\075ae12631c7b1e396245df6427f2d06.png,6
data\processed\Allaple.A\002434f1a7c0a1d938f8513a6a5aa498.png,2
data\processed\Allaple.A\0761fb9423ad70ee7d3d5ad61f5c414d.png,2
data\processed\Autorun.K\01b5f80efac797e80aa35510bd09964a.png,5
data\processed\Instantaccess\004a6e741281d47a97d28db58778451f.png,11
data\processed\Allaple.L\00e693f761d82c806626f297d81b2d95.png,3
data\processed\Allaple.A\0808eb336e2413f29ab800fefa3bbd2a.png,2
data\processed\Allaple.A\00a15234762b34ac96f3dc7e9f90b523.png,2
data\processed\Yuner.A\0377168691d2f7957adee4ff4d96a406.png,24
data\processed\Allaple.L\00aa0cdc42e5b58c62f4164bd7a73d94.png,3
data\processed\Dialplatform.B\05bbe758055ce3837fc5fe98c57870d2.png,8
data\processed\Allaple.A\01cbdb541fffb8df013fa73d873bbbaf.png,2
data\processed\Skintrim.N\0030e458f08bb8966a17d084e6f38b1f.png,19
data\processed\Allaple.A\04f8d58b2b1c4f51198851c1b4e18c2b.png,2
data\processed\Yuner.A\0028a913f3bc7cefff8129dbe01f10fe.png,24
data\processed\Fakerean\0191378acb8ed0e48f741dd48377fe44.png,10
data\processed\Allaple.L\00b80f06b3f71f62f6ffb3a49fa77564.png,3
data\processed\Allaple.L\0484edeeaac910da09dd8b10f140f421.png,3
data\processed\Lolyda.AA3\005402433f609ef9615c1ffc4c43d63b.png,14
data\processed\Fakerean\033939ae45d067f7b82ec67d40bed7f1.png,10
data\processed\Allaple.A\0329871e1bf807b0b5c34e345a36cd69.png,2
data\processed\Allaple.A\00694377aa4744646dce09cf30e5b326.png,2
data\processed\Yuner.A\04cb3985125a8091a40dd6f28bc7919e.png,24
data\processed\Obfuscator.AD\086a9574640d80659b927805ff8bb3f7.png,17
data\processed\Allaple.A\0836b2efdee46978394341abbf381835.png,2
data\processed\Allaple.A\07abad350ee2a4d7e8c28b5b6d757b8b.png,2
data\processed\Allaple.L\00dcb4c6eb4671204fce015c84dd6b90.png,3
data\processed\VB.AT\0639d87f8df6ad1836e239606523a7d7.png,22
data\processed\Allaple.A\0894a9154c1ef8fd9a35f8a6dc4c83e2.png,2
data\processed\Yuner.A\0089c1c69992fc03a2d5bb2b96c4680e.png,24
data\processed\Allaple.A\003a71a0ee32ab1490fb76f16164c939.png,2
data\processed\Allaple.A\008317ce20ab32c83678440f06a121a1.png,2
data\processed\Yuner.A\06d736138f5c04842822ff2e75b487c2.png,24
data\processed\Allaple.A\01bc1f1fbe2d83824632727bf3ccbb4b.png,2
data\processed\Malex.gen!J\050ffecfa65230e2b58fa28b5299fed9.png,16
data\processed\Allaple.L\062769818864982e4fb1c2a32918817e.png,3
data\processed\Allaple.L\069e776a4b30a7c98b3480d548e527e0.png,3
data\processed\Lolyda.AA1\00c84387fe4a9b63e13913eb5a977b78.png,12
data\processed\Allaple.A\066692165637e1ce253b1ee840c489a0.png,2
data\processed\Rbot!gen\7a40f3bd23a50f3c1b359212513a3de5.exe.png,18
data\processed\Lolyda.AT\02d37f8876a1395e5d2271fafd20edc1.png,15
data\processed\Skintrim.N\0017bcef83e5a2a920dd6473957791a9.png,19
data\processed\Allaple.A\0022832584ae2821b1a3a650192c462c.png,2
data\processed\Fakerean\0340af09a166a4ac9329f05109444b4f.png,10
data\processed\Swizzor.gen!E\0536a3bcc8db09a2fbb302fe8bcb790a.png,20
data\processed\Allaple.A\044aca3a355ed9caa7ff0acb84de30b4.png,2
data\processed\Yuner.A\08a9e75728b42c9b54a51f6619d8a174.png,24
data\processed\Obfuscator.AD\059ef3a29927dd652cbbc38abee78c4f.png,17
data\processed\Allaple.L\04527b74cb42d84ff552257add1cdbed.png,3
data\processed\Allaple.A\03cb9dde6afe3d22c85a3566fbbe5d59.png,2
data\processed\Allaple.A\07079320313ed30294671ff2e64b5113.png,2
data\processed\Dontovo.A\06b446ed67477328a6a4f131b89728db.png,9
data\processed\Allaple.A\01ab064e757f66393a64329fc7954f07.png,2
data\processed\Allaple.A\0605499084d55164b1baa96798280ef4.png,2
data\processed\Allaple.L\077c2f20045b404b81ad6669510fc5ec.png,3
data\processed\Alueron.gen!J\0770b71ade5f85b0fa6478dc40cb7296.png,4
data\processed\Adialer.C\009a2962fe18980a12e5b2d6208dc478.png,0
data\processed\Allaple.L\01fd774e9eed96ff32f07890c38169c6.png,3
data\processed\Yuner.A\06231ad14d1d8bb1efcd71b56ad1bdbc.png,24
data\processed\Allaple.A\04ee741f42e256d0251b1ababe4a87b8.png,2
data\processed\Allaple.A\00e2836407a2b18d5892213909232571.png,2
data\processed\Allaple.A\0498bbfede4c4ae81d40269428b87c88.png,2
data\processed\Instantaccess\06ce5d746b2f59771232850866996e01.png,11
data\processed\Autorun.K\0605fe41b967cc179bd19bdabb6db6e9.png,5
data\processed\Autorun.K\01970db7def7cfb19878fd2876ed6310.png,5
data\processed\Dontovo.A\00a215fe6758bff7fa085903a4d36d78.png,9
data\processed\Lolyda.AA1\00f022484ec09cfcde0a1d808717005d.png,12
data\processed\Allaple.A\03cb979af0ff5559f10b1ba714aa3743.png,2
data\processed\VB.AT\08920374abf8d7d139c8c52fae987ae9.png,22
data\processed\Allaple.A\0439016827a04a4e1fe6fb04b6c76692.png,2
data\processed\Lolyda.AA1\00e9a151a7878a3698920088cb609b64.png,12
data\processed\Allaple.A\00f886ae45d95b4494566266240cedb3.png,2
data\processed\Allaple.A\046a4706eb4a3b687f86fe421ea08a56.png,2
data\processed\Allaple.A\070ef86d54e14a56938456cf81421a1b.png,2
data\processed\Malex.gen!J\03165c5c3111ac940f4b61a6287c2a1c.png,16
data\processed\Fakerean\088f530401cfc5ed22760d2359d3330f.png,10
data\processed\Allaple.L\04a86bf4eb6c30924853861f797b888f.png,3
data\processed\C2LOP.P\0435a1477cedf4be81d63f98a07f26a1.png,7
data\processed\Swizzor.gen!I\08428779914b2b3446c310b0a3bdc8bb.png,21
data\processed\Allaple.A\0803b6fe3099d83bbc52a0aa3469b98e.png,2
data\processed\Allaple.L\059380ff7a60ed45cb1d5f6f82aac54a.png,3
data\processed\Yuner.A\0095f0fe6c842135d4946371fd3f7eab.png,24
data\processed\Fakerean\020324ecbf08d27fa08d3b228c800527.png,10
data\processed\Allaple.A\03e630793a841f5566ae89597b5fd32a.png,2
data\processed\VB.AT\06b048be0c00a233de2326286a8b682d.png,22
data\processed\Yuner.A\0850d8e9556083d789d7fb52e3791acd.png,24
data\processed\Dontovo.A\0669520d758b4d3bd702ae840b974996.png,9
data\processed\Fakerean\02dd7a8c40ea636ec4aa9570ed9ac8f0.png,10
data\processed\Allaple.L\018f898e53d2848cd13265f3746ae2eb.png,3
data\processed\Allaple.L\056d315447356f091b02671e597686d0.png,3
data\processed\Dontovo.A\03cb3315b58fb0a816ea4128d04f9666.png,9
data\processed\C2LOP.P\0797ab4c0e035422a68107857f67d6f4.png,7
data\processed\Allaple.L\04a2728f1817aed162d09e9d25270c23.png,3
data\processed\C2LOP.gen!g\003d5a2a4f048115034ae16b346fcd30.png,6
data\processed\Allaple.L\051642c940d2e0f6b5be2ded9b1867a3.png,3
data\processed\Allaple.A\0317707bc0191a0946340e780c2cdb90.png,2
data\processed\Autorun.K\01bcb721c113348c948870683d39c407.png,5
data\processed\Allaple.A\04c28d459c2b1afbdba2bb9d9a8ba2e4.png,2
data\processed\Allaple.L\0872055129921653c4e5445eee46f8b6.png,3
data\processed\Allaple.L\0531ce6f60cf4cf24af099d984c01c3e.png,3
data\processed\Lolyda.AA1\00b6b2c0971d4455ade732441c891557.png,12
data\processed\Obfuscator.AD\03bde46b87b985ba6b65a83cc8381836.png,17
data\processed\Yuner.A\01314799d72d7fea1577e0348d58a8e9.png,24
data\processed\Alueron.gen!J\00168abfa0a2ea2bcc00f45a00093658.png,4
data\processed\Instantaccess\0805059b21dcb803232442568e00230e.png,11
data\processed\Allaple.A\0542ceb5b4145690d27bf339fa50f411.png,2
data\processed\Allaple.L\06511170d67676cc78cd75535551eff7.png,3
data\processed\Allaple.A\04865e81d46d6cb4c1120f98ad2b506c.png,2
data\processed\Allaple.A\07b2822f9d9af75f52c2829e73bc3365.png,2
data\processed\Allaple.A\04952d8156fdd26452c02e2d05ead9de.png,2
data\processed\Instantaccess\030a3ffc7f6453c9b63a2ce85d64b46c.png,11
data\processed\Allaple.A\0786393efef6bbc3e83ae11fc9205060.png,2
data\processed\Allaple.L\014823db5655a141c2e7290ed9795b03.png,3
data\processed\VB.AT\00dc0f07eb0cd4b5c66efbf65ba76912.png,22
data\processed\Instantaccess\01546c7e2a22479b438b4e019d99aba7.png,11
data\processed\Allaple.A\00c3fbe6ed6096b553362cdb71d1e2c3.png,2
data\processed\Allaple.A\00ca5715ed68194b5dca1b0eb844f0c9.png,2
data\processed\Fakerean\00f662d334e5121ffc50335c681d6d5b.png,10
data\processed\Obfuscator.AD\0667b6f3056189853a3dba22cd75c8c7.png,17
data\processed\Allaple.A\0175686820aa39f4d79e0ceb80b7eb23.png,2
data\processed\Allaple.L\002b441a8cadf6b16661bb50309f0d67.png,3
data\processed\VB.AT\081f8e3d62431ac099568230b3151b27.png,22
data\processed\Lolyda.AA1\0099f0c44a23b343f6927830df11bd81.png,12
data\processed\Allaple.L\00b4c959bcda0416c849f8384fd9907c.png,3
data\processed\Instantaccess\0503eb87c55b64d54273bfccde70574b.png,11
data\processed\Allaple.L\01b6aa9e6df46decdc1889ad35bef9b7.png,3
data\processed\Allaple.A\030e7401d12d8b081740ed821ec9d269.png,2
data\processed\Allaple.A\03f47cdee3da886ca65fcae01f35bb9d.png,2
data\processed\Yuner.A\0044283923586feb866679696f2fcfa3.png,24
data\processed\Allaple.A\06135a9af5dec58df770220bf8ca0041.png,2
data\processed\Allaple.A\079c78fa76a7a631a4793a79d3dd81dd.png,2
data\processed\Allaple.A\051d90eed7d515b30401ee3081b81a95.png,2
data\processed\Allaple.L\048006a53e03d9e23589b536fcef1c74.png,3
data\processed\Allaple.A\064ce64721fa52504273b6d30b23f53b.png,2
data\processed\Lolyda.AA1\004ad1aa70ce198d22dc7a742d5ce13a.png,12
data\processed\Allaple.A\07ba987ce1228e40586a6d5f6b3f6cc3.png,2
data\processed\Allaple.A\08197ec353213d57925d47b4718e9be4.png,2
data\processed\VB.AT\041107d39aed2c8e3238ead67082d1c0.png,22
data\processed\Yuner.A\07482f649afa486e55ba0785720971dd.png,24
data\processed\Allaple.A\034f958b9eba35a868f25c1c9b0b46c7.png,2
data\processed\Allaple.L\06de7a46f6e2939908e19723b341de95.png,3
data\processed\Allaple.L\0637f30a1c8e4b9d28357d0a8a848971.png,3
data\processed\Lolyda.AA3\008fcc7b827160762cd7fce7808cf8cb.png,14
data\processed\Allaple.A\03fd50b18ca767d5d351f94976763608.png,2
data\processed\VB.AT\07cd982125972ac1eb331cf42f9ae5cc.png,22
data\processed\Swizzor.gen!I\01e7e4c89e08acea71ce8ee93bcbf8f3.png,21
data\processed\Wintrim.BX\00766dd234865f26313da76608187032.png,23
data\processed\Dontovo.A\0897142d91a8d9540b53332a4a20d2c4.png,9
data\processed\Allaple.A\08105504bcfdfad7125055843dd629e7.png,2
data\processed\Allaple.A\04a55c42093425977cd5468d8a2a7cf0.png,2
data\processed\Adialer.C\04a98981751c2b0057cf38a4ee3e8f60.png,0
data\processed\VB.AT\02e496ae5a88104b4d6d2cc42ecb60a1.png,22
data\processed\Allaple.L\05a31c9853991ccdab46fddc906ace15.png,3
data\processed\Allaple.L\0439266ce05121b0ec5865a3d6891f0d.png,3
data\processed\Allaple.A\0388fb4875165414e8b4a8cddbe22de7.png,2
data\processed\Instantaccess\03b01bcdae500eee990eb1694f593e51.png,11
data\processed\Allaple.A\0303afb01775e574bce6cfb19d5a9f63.png,2
data\processed\Allaple.L\047cd6743c3958d6f179e1e828e18e9b.png,3
data\processed\Allaple.A\0018ee217dedb22c77266a2189ffd0a4.png,2
data\processed\Allaple.L\0595e2829997f8ac42cc46bc057b0840.png,3
data\processed\Instantaccess\05bd743d61a3235c3632d4d3f06cf76d.png,11
data\processed\Lolyda.AA3\00ec5e0f66ede731998c16b9dd21f400.png,14
data\processed\Allaple.A\03448e980d31a91c6f9d983c1a11dae5.png,2
data\processed\Allaple.A\063967cf49a1e1bd13bc79b1b6d17c56.png,2
data\processed\Allaple.L\007c953488d1269ae41be3b29bbd83e7.png,3
data\processed\Allaple.A\0369d9723dd2aee5229c7dd1d8b5ebf4.png,2
data\processed\Allaple.A\03abcddb7f7047c9d40694df7b954970.png,2
data\processed\Fakerean\06dd25321ef61c7b5b1f8c915a9c015e.png,10
data\processed\Allaple.L\00d3f323ddfefb4eeaf2e3afef13b82c.png,3
data\processed\Allaple.A\033367ffae2715f6d8179e9316e7f849.png,2
data\processed\Dialplatform.B\0225cc7044066dfe0e4a5ea577a833ee.png,8
data\processed\Allaple.A\07ea198402e5b8ad1ef4a92634d07fa7.png,2
data\processed\Allaple.A\00a47f96f5def900ee3eecc3ad63bd61.png,2
data\processed\VB.AT\0217e35f69c0f4bac04e56cec99417bb.png,22
data\processed\Allaple.A\071ec59ba747121213cfae1ae11f58db.png,2
data\processed\Allaple.L\03c42aa7e3a867f44d96845a2db9a969.png,3
data\processed\Allaple.A\0639bab71fbcec55a095abdeb90afdb1.png,2
data\processed\Fakerean\03a9800b69f81e3e4bfe798eb032bbc1.png,10
data\processed\C2LOP.gen!g\05d8c3523a7c2fbe590534e0048dd9b1.png,6
data\processed\Allaple.A\00d8d180a5e940c1bf66ef1792b28119.png,2
data\processed\Lolyda.AA2\00d01d77dfed780df0bae5a13c695f42.png,13
data\processed\Fakerean\047ae7c67c6d53b60893c0393757a640.png,10
data\processed\Allaple.L\05db2841ceee9c129825758ee042330b.png,3
data\processed\Instantaccess\002d108f011a1086b61fea9f8d6bbf5b.png,11
data\processed\Allaple.A\036722502d5b38a8682306c2f9f4a65d.png,2
data\processed\VB.AT\002049dcaf9e101c0e25d5fb297b7f06.png,22
data\processed\Allaple.L\0895f852b89de72cd983ad668e55903e.png,3
data\processed\Allaple.A\01bbf562e8a204d72e19e01cf675fca6.png,2
data\processed\Dialplatform.B\009bfe416dded6ee8fc8bc533dfeeaa5.png,8
data\processed\Allaple.L\043623ebbee199d9fe219229e708bbfd.png,3
data\processed\Lolyda.AA2\0019a179e375ee4d2da65b5e0da9ea28.png,13
data\processed\Allaple.L\00bc76a1766c7cf50e3589ad071eb3a4.png,3
data\processed\Allaple.L\005c2ff59d20f2f55cb49f347fb61821.png,3
data\processed\Lolyda.AA1\00a929ac974bd136ec32618a9abcac98.png,12
data\processed\Allaple.A\061ab5b0010374f10aa55adf68e07a61.png,2
data\processed\Allaple.L\0490ecc5e9de4f92602ae1de4e9811e0.png,3
data\processed\Wintrim.BX\00146911cdffd8064cfb97fc78a7bc07.png,23
data\processed\Fakerean\022e43ad42c94bf61857602349e67560.png,10
data\processed\Allaple.A\08756257335a520ef376929fadeaea75.png,2
data\processed\Lolyda.AA1\005e7e0b7c23a786b073fb727b6721c3.png,12
data\processed\Malex.gen!J\0896acdd58e499e6d1281329d63ae7c7.png,16
data\processed\C2LOP.P\01bebc3a7e10f045b06930ad5c4e0d47.png,7
data\processed\Allaple.A\082404f82852eed20c659851ce8538ea.png,2
data\processed\Allaple.L\00fcc8624a304f8ddc7bd53d214d6341.png,3
data\processed\Allaple.A\0628a42d0f65ca7c4398aa705a8a661c.png,2
data\processed\VB.AT\08724b28f89a077aa27f33396959b1d4.png,22
data\processed\Allaple.L\03004716fe1d05e56c3d6b32e02f2d3b.png,3
data\processed\Swizzor.gen!I\00b6429d203f50585b952cc0cbcc6986.png,21
data\processed\Adialer.C\040de1461007899f01b66771cbb1729e.png,0
data\processed\Allaple.L\00512098ec7248a52d524ebdb8c6a8fb.png,3
data\processed\Allaple.A\00afba4f09d52edee24d1bc06bea6d34.png,2
data\processed\Allaple.A\00472fc8d1ebcfe3f4b3cd1e0108cd77.png,2
data\processed\Yuner.A\06170a46c4a1b4f80a0fae991a499429.png,24
data\processed\Allaple.A\06aaef482f230ead6a09733dfe9d5a33.png,2
data\processed\Allaple.A\00e7bc939ce3e519b094442fa490a6c2.png,2
data\processed\Allaple.A\00fbd1c5086981b0ca7436a3e4c6c886.png,2
data\processed\Allaple.A\033599f3189c2548ff6a596fbe5451e3.png,2
data\processed\Allaple.A\083f067c5b3238c1653dbb76ddc8fce2.png,2
data\processed\Autorun.K\017ddf67021a357908d693545b92a68b.png,5
data\processed\Autorun.K\07ea2f66036eac974eae8f21d3933704.png,5
data\processed\Allaple.L\056fa18211d9c7c5130f1f66b31a2b5e.png,3
data\processed\Yuner.A\0470512124423230dbb2c1fd19d3fd1c.png,24
data\processed\Instantaccess\067d5a127b2a5811dbf7b5bb7f41f3dd.png,11
data\processed\C2LOP.gen!g\00039706dd96f4646a12c815846a9d0d.png,6
data\processed\Allaple.L\054165c205791adae97373972e70b48b.png,3
data\processed\Yuner.A\0033e57b67bed355acb4e7cb96be9eea.png,24
data\processed\Allaple.L\00a93a16b5fa32af68a11d7f1ae4115e.png,3
data\processed\Adialer.C\0496f696afe1998cc2275805d5e48063.png,0
data\processed\Fakerean\01b574ddecafdce96f2e5789c236242b.png,10
data\processed\Fakerean\03e33b6957f0f182b5d22494db99fc20.png,10
data\processed\Dialplatform.B\0395d7bda8bec39f77b414febca19a22.png,8
data\processed\Wintrim.BX\00ed23a45f7854b33cea5b0880d67e56.png,23
data\processed\Yuner.A\0828ed38cf49624f96fedc6a5b6cead8.png,24
data\processed\Instantaccess\00d82dcac4646fd47c00f43df2412eeb.png,11
data\processed\Allaple.A\06e46066142b825d089c1613bfa8099f.png,2
data\processed\Lolyda.AA1\009f36446027591daba0adea09558a44.png,12
data\processed\Yuner.A\008dadeba0d828a1d95ce3b2514abb7c.png,24
data\processed\Allaple.A\0831889bfa5d49acab19eab92a816726.png,2
data\processed\Allaple.A\01f6d55cc5195ec9c5fc4552fc01be8b.png,2
data\processed\Allaple.A\00c0cc3765b2fb2fd95695bb4224e621.png,2
data\processed\Allaple.A\0450c61ad181769b23570cad4bc4e5e9.png,2
data\processed\Fakerean\05591f82149f961db756e9d82e2f9e2d.png,10
data\processed\Allaple.A\053050da067a73a8bc2a8c31fe22ddb3.png,2
data\processed\Allaple.A\049844fff41055a14e1a608fbaa2ca06.png,2
data\processed\Yuner.A\01062753dbe98ea439d49c3663014ffd.png,24
data\processed\Instantaccess\00d775f917bcbc24ef3a5762a6f34237.png,11
data\processed\Fakerean\01f97b278c4788d209b7261ecf423154.png,10
data\processed\Allaple.A\065364a1c4943a9963a14e0b4dcf3e6e.png,2
data\processed\Allaple.A\0879f8de4bf3e28ef525e46ad900cd15.png,2
data\processed\Yuner.A\013c173c7886b1184bac515903375d54.png,24
data\processed\Alueron.gen!J\00067d12fcabc07550c3c78e51c30d0d.png,4
data\processed\Fakerean\050d7c451f8b4cac54d5fe28c17fc8ae.png,10
data\processed\Fakerean\0077247f199fe042433d455fa196121d.png,10
data\processed\Instantaccess\053a5cbdf230a2eab8a276ecd38dbf8c.png,11
data\processed\Yuner.A\038018e2fcb0e9bf9d22dc55ddbe3e9c.png,24
data\processed\Lolyda.AA1\00f08b34940fc4c76b6fa3ddbcac9ff0.png,12
data\processed\Obfuscator.AD\06a4ba4788e79b1307145201fbd50823.png,17
data\processed\Swizzor.gen!I\07b103b69f31df41818cc7b45ce31ddb.png,21
data\processed\Allaple.L\003b96223bb7a52c00c776825bc803ce.png,3
data\processed\Dialplatform.B\05a3af81cb70d8b16256d411542f8ad4.png,8
data\processed\Rbot!gen\e872a9fb24ba23ff118e441dd4a0b356.exe.png,18
data\processed\Dialplatform.B\04a7b946f2bacf69f6f05e46d11adcd1.png,8
data\processed\Instantaccess\02ed2471b419239a1073734f7551fa4f.png,11
data\processed\Malex.gen!J\07a735e610dad3224f19b3c48114caa1.png,16
data\processed\Rbot!gen\0a121ff94845770cea8135795ea19114.exe.png,18
data\processed\Autorun.K\053b187edc8c89cfc7136ed5f62e9217.png,5
data\processed\Allaple.A\0180dc29a935285e07820a0360b4743f.png,2
data\processed\Allaple.A\03e8b1e3191b8911eb929d02d51b01c3.png,2
data\processed\C2LOP.gen!g\0752a3bd5fb771f80050139af7bd9b43.png,6
data\processed\Wintrim.BX\015fce300e9439099f65ad055116f064.png,23
data\processed\Allaple.A\063ed0b51bd3568b4da8102283cac533.png,2
data\processed\Instantaccess\0092cca7715dd3c077683f60bd484bd7.png,11
data\processed\VB.AT\08af2c7d7244ceb06dd00930c649e474.png,22
data\processed\Dialplatform.B\018ac62be69aeea91f5628b86bb14aac.png,8
data\processed\C2LOP.gen!g\0824270cb3cb5cc5aa5998a2d79528f5.png,6
data\processed\Swizzor.gen!I\00fdec29e4f91e2a4106e987d0457911.png,21
data\processed\Lolyda.AA1\00493f41927347cc8a1c9f465e3b2b3a.png,12
data\processed\Swizzor.gen!E\036a17c77bbf14eb0fc8c2d39e7c06ed.png,20
data\processed\Rbot!gen\1c886124b0875b9efec1ce1887e3b87d.exe.png,18
data\processed\Allaple.A\01c6678a982a96ac963c21d2d654a1a3.png,2
data\processed\Allaple.L\00f34c53e9bdc7049251d1de057cef84.png,3
data\processed\Fakerean\047ed1dd505835e8d3cfcbc31db48b0d.png,10
data\processed\VB.AT\05711f240a56d21bbd235a2c39c8c4e3.png,22
data\processed\Lolyda.AA2\008a969e2b6d9278017df3ae4c82337a.png,13
data\processed\Allaple.L\0766e581ae0aeabbef7fd07b89dc0c14.png,3
data\processed\C2LOP.P\00f2f382bed43b045d8773eb72efc3e1.png,7
data\processed\Allaple.A\033675c8d4bd1bf04ad62c02f2fcee30.png,2
data\processed\Allaple.A\00afae3c4bcd5ba91296b412f2eb9d23.png,2
data\processed\Instantaccess\00894c991f22c7079144810d54fd41a3.png,11
data\processed\Allaple.L\041c58602b2cad40eefb9958060fa20e.png,3
data\processed\Allaple.A\084452509fd9f1d02c091fb04cbf8422.png,2
data\processed\Lolyda.AA3\00af7e9bf6b3c68be9327f48f67961da.png,14
data\processed\Yuner.A\063c53d996d19ac65375bea975f23e6b.png,24
data\processed\Allaple.L\06bc1c6451ab160d6194665ef9bdbe55.png,3
data\processed\Allaple.A\03b1cadbe608e210aba2ff584889e5ad.png,2
data\processed\Adialer.C\089f4461a36937ec378b32f2b0b5b0c6.png,0
data\processed\Yuner.A\045f56ca1862f2224fb76cee5a3f7034.png,24
data\processed\Allaple.A\04d2f3ce2b6316de288d2c345c28a44b.png,2
data\processed\Lolyda.AT\0517fd70e4610b9f0fc806f1488aca94.png,15
data\processed\VB.AT\01d5456bdf2ab76adb3b6b98532af87b.png,22
data\processed\VB.AT\004f285b69518369e630c40b86e0791c.png,22
data\processed\Allaple.L\00422230f31dd286c0464f563bbbc5c8.png,3
data\processed\Swizzor.gen!I\00d2b8618eae05e0d3d3b2f936ad3e1b.png,21
data\processed\Lolyda.AA3\00b8820de8950b41a75a1b2a964bd132.png,14
data\processed\Allaple.A\01a46bff4b36e127a980649bd9a45e5c.png,2
data\processed\Dialplatform.B\06883ac2d0a34ae584519da6a74f74af.png,8
data\processed\Instantaccess\061d6c14f0a6e8c381b6d581e5677c5e.png,11
data\processed\Allaple.A\011d3ac8ccf41feb78e36419ed0e0eca.png,2
data\processed\Allaple.L\03261ce8c861ef6221383d5b6e895611.png,3
data\processed\Allaple.A\0846fcaf26da488d02917801aaa5c345.png,2
data\processed\Dialplatform.B\07889dd8eae0408780c60514089b7ea7.png,8
data\processed\Yuner.A\0478fbbb590b39a9619df5bcd27fe283.png,24
data\processed\Instantaccess\0742df6e1052d61537e0ce763fac4017.png,11
data\processed\Allaple.L\07cb3f1b6520251315443eeb8f14ded9.png,3
data\processed\Instantaccess\04224bf93ff78a168df4fe41d0de7aa0.png,11
data\processed\Allaple.A\01e2e80e44050a4e8ee3399b3f7f8541.png,2
data\processed\Allaple.A\03a362990637ceb4ce0516bef65e26fb.png,2
data\processed\C2LOP.P\032b752f7edc334c4f170c105df205e8.png,7
data\processed\Allaple.A\05afc6c5d1d5cbff193ac9fb9dba366f.png,2
data\processed\Allaple.A\084c7d156553ad84eb18e7abe5aae69e.png,2
data\processed\VB.AT\02b0ff391f442c98f984fe4d27a2b799.png,22
data\processed\Allaple.L\03c64f9a1bab4ad757f9a404a0719ab3.png,3
data\processed\Lolyda.AT\0418e8342b06ce695a3f9f7c994e4b9c.png,15
data\processed\Allaple.A\0080d0fc4bb6a636942e9c83d9a4753a.png,2
data\processed\Allaple.A\01fdfdf86a6e40e1d0d5ba0a473a9521.png,2
data\processed\Fakerean\07ed62cc96e0599edd9f168f99734e49.png,10
data\processed\Allaple.A\068db6d5db2784b9c0cb49bf053d8d7d.png,2
data\processed\Yuner.A\05aa86b76b037984288b2100d6811ba4.png,24
data\processed\Malex.gen!J\06ccc98f1742a236137f83ed1f9f4e92.png,16
data\processed\Wintrim.BX\00071212d51d124c44530e4cff44806e.png,23
data\processed\Allaple.A\01ed037f7c731106335f66969e856809.png,2
data\processed\Instantaccess\03aedf7f6b538f804b8df92086fab110.png,11
data\processed\Allaple.A\046faee7a50e5b724989afd16e3c9463.png,2
data\processed\Allaple.A\051355b77aca873e72f17472504b1279.png,2
data\processed\Instantaccess\0111053d972a18b48702611edee75b1f.png,11
data\processed\Allaple.A\002f938b47b5b0c5394ff66173d84044.png,2
data\processed\Adialer.C\036847a65ac3418b63aaefa36fe86bb8.png,0
data\processed\Allaple.A\04c4f1d825c907f278af64deef04805e.png,2
data\processed\Yuner.A\0044c601d288c432961366e54d8ac56f.png,24
data\processed\Dontovo.A\00f89162aba550a6f44baf843a312891.png,9
data\processed\Instantaccess\01137881812f796cfc1639092efa34bc.png,11
data\processed\Allaple.A\0075f5c3cd9a7dee3eef3d8e8cb70db0.png,2
data\processed\Allaple.A\00a02ddccf9f3fe2093a5da533f3bbe6.png,2
data\processed\Allaple.L\010a8ff443ff19a19f49a48a488a69c8.png,3
data\processed\Lolyda.AT\0467683e36ccff4e928dbfb2a1fd843b.png,15
data\processed\Obfuscator.AD\04946f8fd17dc3f53bb01b79eb6b3b48.png,17
data\processed\Instantaccess\01c6bd7dd06d65e63205057a50756977.png,11
data\processed\Allaple.L\04bce9c82799c3f6d3e1e8dfc2021d8f.png,3
data\processed\Lolyda.AA3\00e59571a2b251d366355ab55657c621.png,14
data\processed\Wintrim.BX\04d1a70bccd674ffff1cfe7a0bdcf205.png,23
data\processed\Instantaccess\0495d1785a19890f40751b30d973b4f0.png,11
data\processed\Dontovo.A\05a81090651569fc39ac557fcf99d9c0.png,9
data\processed\Swizzor.gen!I\000beddf5e7f49a1718bfd5586e93665.png,21
data\processed\Allaple.A\07b32e62f1e792e70d62eb8f4a6486c3.png,2
data\processed\Lolyda.AT\01c4ff8acb385ed4ab85ea09a14565a1.png,15
data\processed\Allaple.A\00497288e21cac98ee2205e0f26c03a5.png,2
data\processed\Lolyda.AA3\00b8ca5ab154feace87272fad674a621.png,14
data\processed\Lolyda.AT\016f334b53d43d5b70c8c2fee9dfad32.png,15
data\processed\Allaple.A\008aba76da3da774a244220fe059b059.png,2
data\processed\Allaple.A\00b3d8788dbae3419b010fec1ddde5ab.png,2
data\processed\Yuner.A\034aa28be997951d662ef68156ceb0f4.png,24
data\processed\Allaple.L\0054f3ff03602ddf530f290e9a4e0cce.png,3
data\processed\Yuner.A\071f93cffe7bd51f6677a849cab2d262.png,24
data\processed\Instantaccess\031cb90397b4e6cb1d51a7023a190cf4.png,11
data\processed\Fakerean\0823ce06addca289ec3a64b485e4126c.png,10
data\processed\Allaple.L\042de1a93d4dbbfbf339ac6d39e51c87.png,3
data\processed\Agent.FYI\0086e58fbad1a882624ffefd025dee1e.png,1
data\processed\Fakerean\062b77048bb5cb1bd0dedc851e9d4f3b.png,10
data\processed\Allaple.L\00d8984d2c4ef7ba296f0b6e6acf01e5.png,3
data\processed\Allaple.A\00b75f3f5616816174658865d4d8949c.png,2
data\processed\Lolyda.AA2\00257457414f490d532e588294fe4049.png,13
data\processed\Allaple.L\087cfdd3db2437c1b4635355968f2277.png,3
data\processed\VB.AT\00f7efb54b75066f4722302ade6d7b38.png,22
data\processed\C2LOP.P\039ead24f816d015778c20fa33d738a2.png,7
data\processed\Alueron.gen!J\038bb4c53c9108798a2aadef886da3b7.png,4
data\processed\Allaple.A\012076de9cb70b6a216a34c83178df0a.png,2
data\processed\Allaple.A\07c7bcbcb115b056bcf25863fb9d4ba6.png,2
data\processed\Obfuscator.AD\0177926d5ca43ba7669c3cc8d1bcdd51.png,17
data\processed\Instantaccess\02d95561c634325c3d6c0bfdf16fff2d.png,11
data\processed\Allaple.A\086e0cf7f49784a6227cfeb19dfb31ac.png,2
data\processed\Allaple.A\01badd2a7e213cf91f7396b833631474.png,2
data\processed\Lolyda.AA1\006ca63db906921dc3a03246c41059bc.png,12
data\processed\Allaple.A\04335ef3d0ae310b98a6bee47fb615ab.png,2
data\processed\Fakerean\0309eb1bfdcd9c9a4b5ec11aea7a8a78.png,10
data\processed\Allaple.L\00489fdf7a8e36e4119ef466540a6166.png,3
data\processed\Agent.FYI\02a15bdb518cf94b5f02c3b977bda0ec.png,1
data\processed\Allaple.L\0844af74b338fc0b9ffd9f19b29a2518.png,3
data\processed\Malex.gen!J\059109271e5fcfb62d24611d7b2eff95.png,16
data\processed\Allaple.A\052c8017fed56973a810c93524e6e8c4.png,2
data\processed\Dialplatform.B\07e4b5fe9c15491c06e79e9c5d794ec6.png,8
data\processed\Allaple.A\034496c7a9d392bfe1a4319f332789ea.png,2
data\processed\Yuner.A\004b3931752dea6f51ea8dc76bf75f14.png,24
data\processed\Allaple.A\008f4402021c25f89d826cc0496cdc9d.png,2
data\processed\Malex.gen!J\0688ac0aa54dfcf4a8f2e43f772d7f3f.png,16
data\processed\Lolyda.AT\04875f5c3ef597814375661bec53d19e.png,15
data\processed\Rbot!gen\22b64ad5b302f1dca555e9f6a10231fe.exe.png,18
data\processed\Allaple.A\06405e726b5a5ef5d2711a8565b8887b.png,2
data\processed\Allaple.L\0171996287aafe3d21eb79621a0f1427.png,3
data\processed\Allaple.L\041e925ca26f70c9c14278dff8ca3b2b.png,3
data\processed\Yuner.A\068351572acd2cdab39e0b0a945f6385.png,24
data\processed\Allaple.L\0862a3ca429f853efb9480107e9bf7c4.png,3
data\processed\Swizzor.gen!E\0169adeb023c7cdd015cf92487373a84.png,20
data\processed\Allaple.L\07ad189c853e8aa78cbb49cbdc22b42a.png,3
data\processed\Fakerean\0332759fd071b6eec42246ec86bdd09f.png,10
data\processed\C2LOP.gen!g\06ba5c06f8a6b13ae0eccc12a19f0ec4.png,6
data\processed\Allaple.L\057746e1b7986dadca5921c08550af1f.png,3
data\processed\Instantaccess\01eb34ac08e8cfee95be903c00436393.png,11
data\processed\Allaple.A\04381015866cdffcacb92187fb2f9503.png,2
data\processed\VB.AT\035f43a82a737222bc0a401b6f0536c2.png,22
data\processed\Rbot!gen\11de3a6394005bb198a6ac31853c19e8.exe.png,18
data\processed\Alueron.gen!J\065a3c64c2339e50e1a468b51aa76dce.png,4
data\processed\Wintrim.BX\00e1fa056fa245bd1264999d699f9533.png,23
data\processed\Swizzor.gen!E\0120f02b4e638c88a495b2e100400476.png,20
data\processed\Allaple.A\009a206f206835ef601dd8cc75a0252b.png,2
data\processed\Allaple.A\03097d45eb752c3f8b6508ee39222cc1.png,2
data\processed\C2LOP.gen!g\06d61b155419ea0901f94e71864642b7.png,6
data\processed\Allaple.A\01905076ec5cb729bd233c69f994fc02.png,2
data\processed\Allaple.L\00b086f390ea06773680d3de14cfbfc3.png,3
data\processed\Allaple.A\01ac04607806a61056a1467d1f1129d5.png,2
data\processed\Instantaccess\00768d5c543fda14d1834c6aac8f78a3.png,11
data\processed\Allaple.L\00e871b7e3eabbe602afcf9048725ca9.png,3
data\processed\Allaple.A\057daf9ec1d21059a483aa93e97756f2.png,2
data\processed\Fakerean\015ce3e1420fe533a339339030518ef0.png,10
data\processed\Yuner.A\048c761d06b806038fc107b27ac43c6f.png,24
data\processed\Yuner.A\0050dbb85a02086ccd2ff67d022107e2.png,24
data\processed\Allaple.L\05ed9c70c4b6e4b8138a48d0ecfec479.png,3
data\processed\Allaple.A\044fec8fe9e0b81684436041101a4500.png,2
data\processed\Allaple.A\069dd912683dae6f5254aee0823ef753.png,2
data\processed\Malex.gen!J\00109d8814f1b6e890ed2426be4b7818.png,16
data\processed\Swizzor.gen!I\002e4bb646573129cca2107dacecbe0e.png,21
data\processed\Autorun.K\0771278172c09f745961c8501dbf79b1.png,5
data\processed\Yuner.A\08978944d6a07e94fbebe5d4f799088b.png,24
data\processed\Allaple.A\086080beb4ae0346b79ba367a0f1bc3f.png,2
data\processed\VB.AT\00574985d23c1a187b5fc5553981bc4d.png,22
data\processed\Instantaccess\0394d89f896780628902b2fce377ad6b.png,11
data\processed\Allaple.L\08b091b3a29090b5012ce479d253eb62.png,3
data\processed\Rbot!gen\1f97225f58b4a8e5745fa32128129706.exe.png,18
data\processed\Allaple.A\00885252db8a0c0c05cfa555429847b6.png,2
data\processed\Allaple.A\00839b393632338144c01280f58ed651.png,2
data\processed\Yuner.A\06baf98acce8792cb241dd69b6aeb5ab.png,24
data\processed\Allaple.A\0685d936a3c72fa057e5cc47bfb877d6.png,2
data\processed\Allaple.L\034a368fd16e60276f6b4299be5f71c5.png,3
data\processed\Allaple.A\0812a9a58595c03b0fa53b4284c83228.png,2
data\processed\Swizzor.gen!E\00cf171191daac1ed15e150adbbea32d.png,20
data\processed\VB.AT\06b98862a38ded91ca2493ababa76b8a.png,22
data\processed\VB.AT\034089d10ffb8fe6acea8fe8d0033fa2.png,22
data\processed\Instantaccess\00f6284ed425393f31ff0a38a1755f4b.png,11
data\processed\Dontovo.A\04a00bdccdfa145178306427d22cacd3.png,9
data\processed\Yuner.A\075b304ee67d9b027f24449e61b64cef.png,24
data\processed\Obfuscator.AD\0807c38e2e6ff230993e4e2cfbd80bf3.png,17
data\processed\Allaple.A\06d9c2ef2b7586f5b8daf09bc6e9f54d.png,2
data\processed\Yuner.A\07df93176f9eb61f1cb7a885d8829fbb.png,24
data\processed\Allaple.A\072b38f6ef1d1acbe1967f8d40e50e54.png,2
data\processed\Lolyda.AA3\0091c7d8bfe58846904de051c71439ae.png,14
data\processed\Yuner.A\03449380525782602fc688169e81d267.png,24
data\processed\C2LOP.gen!g\02123bdb1fc17676f794ccc15f72a627.png,6
data\processed\Allaple.A\06ad18d3e987689f4e8610d76d6144ef.png,2
data\processed\Rbot!gen\3b3b6c6cc254f167ed82c0d83563677b.exe.png,18
data\processed\Instantaccess\0156a0f9e030594a878e30d1bf42a0d0.png,11
data\processed\Allaple.A\03b5f2da498442190c17130efaadc66a.png,2
data\processed\Allaple.L\062b671d1e162e98a2a11bc46203fb1c.png,3
data\processed\Allaple.L\0378d63d472f7e0df2e9cc4ccbb2f384.png,3
data\processed\Allaple.A\058b8d5a60a11bf18212f0fb403f183a.png,2
data\processed\Lolyda.AA3\00754f9aed46f7993cefde3d0549e111.png,14
data\processed\Lolyda.AA2\00fc4139152d219cb1eae67830028e20.png,13
data\processed\Allaple.L\00d733acd6441e21f62449b3d808ba1b.png,3
data\processed\Allaple.L\00dfcdb38a42cf4c18f1e0a59ed0c84f.png,3
data\processed\Allaple.L\03761fe4143ec69a1d5b0e98693c826a.png,3
data\processed\Malex.gen!J\04e9b8c70696b208e0c201787942afb4.png,16
data\processed\Alueron.gen!J\00d177f4adfa8938abaa4067ca8e2eee.png,4
data\processed\Allaple.L\0410d77796c4dba771c1da290de73c03.png,3
data\processed\Lolyda.AA2\008b4a84f328b25fd08428f0c2d10d92.png,13
data\processed\Fakerean\04b1ef3aa9655f6c42ee1230e676aae1.png,10
data\processed\VB.AT\00c278b596b45f5b2efb73b591c21866.png,22
data\processed\Allaple.L\03085a8905c6f9444ce80099b164fa45.png,3
data\processed\Allaple.A\01ad126cf1a42555d56d9aa679051236.png,2
data\processed\Skintrim.N\001ab795a96ba649dfd3a22c72d9b400.png,19
data\processed\Allaple.A\08701f4aafb72d15738eabb038b31474.png,2
data\processed\Instantaccess\08342bc472e6880bd236861c60c42d20.png,11
data\processed\Fakerean\00a6163bad908d7f396e3c13a989bfd4.png,10
data\processed\Allaple.L\00bb168557cb0eb9c246f213136d1a14.png,3
data\processed\Allaple.L\0497f17341f5dd7e11ec633035cad83e.png,3
data\processed\Allaple.A\0315ca06d8a13a1cd020d7694a9de6ff.png,2
data\processed\C2LOP.P\01a7d7c580a9fb7beaa7a118fa55566a.png,7
data\processed\Skintrim.N\003a1a77ffeacb084774927c27be440d.png,19
data\processed\Allaple.A\03f2961277acdaf331b29f93f430cfdf.png,2
data\processed\Allaple.A\019d666cfb56262931f6a82a010d9cec.png,2
data\processed\Agent.FYI\083423a50ddb6dad208b70820eaa9aae.png,1
data\processed\Allaple.A\036e1e40d688544ab92a7d0e150900ef.png,2
data\processed\Allaple.A\0412107af2bd83cd32ce51f257da42b4.png,2
data\processed\Allaple.A\0199fdda15eb40215aa552d0f8801154.png,2
data\processed\Allaple.L\04c2529c6c24278d39454e4f1035a376.png,3
data\processed\Fakerean\034f7205f242eefea33b9b4db0560c44.png,10
data\processed\Rbot!gen\19df706976c626a4ba5d7acdb35a422b.exe.png,18
data\processed\Allaple.A\07b381f9f0ae702b0219f583413cd6b1.png,2
data\processed\Lolyda.AA3\00029d5e88b8ae1e36f1bb8e9611a0a4.png,14
data\processed\Allaple.A\088bcd4c12173e9e9cc0ac3a21a598bf.png,2
data\processed\VB.AT\000386761524b7b36f065fdb69365dca.png,22
data\processed\C2LOP.P\082d25a4a70a6941d3372364ecc09be7.png,7
data\processed\C2LOP.P\00621c63a1061e24841f84b91520a199.png,7
data\processed\Alueron.gen!J\01bd8ac04969aad47788a0a10d8481bc.png,4
data\processed\Allaple.A\00be1e0827187dc5cd44f9f949c80376.png,2
data\processed\Allaple.A\07b6744d509ccfc90761693637eb0551.png,2
data\processed\Obfuscator.AD\06ee96f0f3b7fc8855a861d643b7a777.png,17
data\processed\Dontovo.A\038d5ee2e815bc21d6b2abaf6efc8697.png,9
data\processed\Allaple.L\001f25c592572780da60089e9e5f44b0.png,3
data\processed\VB.AT\0713d7fecf68b67b84a141e99867bf9d.png,22
data\processed\Allaple.A\00411e42a85df7db1c282a5389faad9e.png,2
data\processed\Rbot!gen\47eac5dd70c5d4a2ce9883083a38844d.exe.png,18
data\processed\Allaple.A\06d9c4386628c7532e315abe5a1506ec.png,2
data\processed\Allaple.L\06c3e1cb99e0a94e73d2d7b57231ab3c.png,3
data\processed\Allaple.A\004cb8b36d89d4807fe97db70c03c443.png,2
data\processed\Instantaccess\02fa3af51b46b13ac161f6353b7a8c5d.png,11
data\processed\Allaple.L\06898128700696e48fb1354c4ef9e67c.png,3
data\processed\Allaple.A\05e94eef82b828f187bc3fe06434e2a5.png,2
data\processed\Lolyda.AA2\00b44e1af7054825b5f7685c60d0ecd8.png,13
data\processed\Yuner.A\0021e4ccfae071576eb4334ec5996dad.png,24
data\processed\Agent.FYI\00679e84b63d3dc1ba3327fbb6f0dfac.png,1
data\processed\Allaple.L\070663ed8b6a5cf6f297610be2cbc60d.png,3
data\processed\Fakerean\02b749b856ad6d9ca0648b7948385875.png,10
data\processed\Allaple.A\00f1596c9ce36f78b3f5cd420366c329.png,2
data\processed\Agent.FYI\07e549eae0812fc67eac21204b0bf60a.png,1
data\processed\Allaple.L\064d4219fde7838d439eb19cfa023f29.png,3
data\processed\Lolyda.AA2\00863d2b06e4be0d99be8c06e202ca24.png,13
data\processed\Instantaccess\017affeca51de8914e57b555a1857c5d.png,11
data\processed\Rbot!gen\a205a78d967f8b9f45c4dad6834bf75a.exe.png,18
data\processed\Obfuscator.AD\066df9a8f1b9417d8bbab1bdc232feaa.png,17
data\processed\Allaple.A\00855fece8f48cda6e68375407d84553.png,2
data\processed\Instantaccess\0606a07d304f5f2041bed1a565a8fe14.png,11
data\processed\Lolyda.AA1\00c58b25e1965f70b775c5cdd360fef4.png,12
data\processed\Allaple.A\044c2bc81a0f71efaab6eb937dd4e30f.png,2
data\processed\Dontovo.A\01d974603b3b47e5d8aa23c377aec384.png,9
data\processed\Yuner.A\04bebf52294ae5255eaeb814a4d37700.png,24
data\processed\Allaple.A\010727c3900eda100ec6aba98b9fa6db.png,2
data\processed\Dontovo.A\00bfa27cb69608b8df2cab76c7be3bb6.png,9
data\processed\Swizzor.gen!I\01a7b5f72bcd6105a21b451439472ede.png,21
data\processed\Dialplatform.B\07b4d622a9f4e9b54a68ff04e0001a9d.png,8
data\processed\Allaple.A\04e4c1bb070f8faeb1c81a3f6eec6e57.png,2
data\processed\Instantaccess\0635a13435ac70008c620eb9eacf16ad.png,11
data\processed\Allaple.L\043bebf326cc9183912a036e96f08f26.png,3
data\processed\Allaple.L\04be10857ee1454a3c315ef90c06a1bf.png,3
data\processed\Allaple.A\00f9089eae36e62f371f8c2040d52e1e.png,2
data\processed\Lolyda.AA2\009664c0f463f2748a31bd1b479f4709.png,13
data\processed\Allaple.A\03ef2867afd1c252147c0e3efb89d0a5.png,2
data\processed\Wintrim.BX\00f1b15bb60b62513716af3b22bd5fb8.png,23
data\processed\Allaple.A\08035812c07d3fe0ce449570e71a151d.png,2
data\processed\Allaple.A\088d1ca2a55b33aafc48d19a31ee3c90.png,2
data\processed\Allaple.A\001025dca375b80c3a77ea1d2426d868.png,2
data\processed\Adialer.C\0761d0912ed52feeb146b96494334968.png,0
data\processed\VB.AT\00642acc33736fe82bdd54a39ee1353f.png,22
data\processed\Allaple.L\06352e8aa9cfdc82f52173a77fe84ca6.png,3
data\processed\Allaple.A\00ccb4209f0a9ca652bfce2e7718315d.png,2
data\processed\Allaple.L\053f3045b58b14455b04e23f6c3bc86d.png,3
data\processed\Allaple.L\0801961ad96d19836a7572554d5a08c0.png,3
data\processed\Malex.gen!J\05260f904cdd2e23cf3630ca3afded08.png,16
data\processed\Lolyda.AA1\00821eb4e0f36bc8e484a1053b8e2538.png,12
data\processed\Allaple.L\046c05984e33b5d3832d5330b3c5eead.png,3
data\processed\Allaple.A\006b6493ad044f97eb138a83da662c91.png,2
data\processed\VB.AT\0696522b65c8c501fea3050651002fd1.png,22
data\processed\Allaple.L\08248bdb6738469b5f1766a393ea3a95.png,3
data\processed\Allaple.A\040f7b14677449409addfee337b633e7.png,2
data\processed\Instantaccess\019b1b826017fee9b62923119a42e511.png,11
data\processed\Swizzor.gen!I\00c47bcb148cb6de9a5b1aee11128733.png,21
data\processed\Fakerean\0598f96d19f5860cc4c1af922a123e83.png,10
data\processed\Wintrim.BX\005abc6b02d80089449894f2e5310a1f.png,23
data\processed\Allaple.L\034d8c597bfcb2232c480ecbacfdaf98.png,3
data\processed\Instantaccess\0475a9f2d4d501620f77688107f6689e.png,11
data\processed\Agent.FYI\00e48bafce20c60339c96b59ae254bf6.png,1
data\processed\Allaple.A\0897cccf68a1d34a0053f315c6225393.png,2
data\processed\Agent.FYI\05b46e88a0ed476f5951613f8f0095f7.png,1
data\processed\Lolyda.AT\003609f30214543c1097121386bbd5de.png,15
data\processed\Dialplatform.B\03014ead48afed58fae06cc106c54b6f.png,8
data\processed\Allaple.A\04a51cd19e84b1598e640a1861916209.png,2
data\processed\Allaple.L\01a99e137bc0f0df4e5a8d8cf3886b65.png,3
data\processed\Fakerean\00953ff26e0472828923de5c57ca86a9.png,10
data\processed\Wintrim.BX\004f9127c0db4e1609462f32bc638afb.png,23
data\processed\VB.AT\08ae64208cfd7257ca7a013d59a5c066.png,22
data\processed\Autorun.K\05b6cac7124323a76a200bbf4d926dd9.png,5
data\processed\Instantaccess\011933861c9a593f4e2cb2bc1a0afb82.png,11
data\processed\VB.AT\00b073351df4351acb03aed8c31794b4.png,22
data\processed\Allaple.L\057778af3a07b4b38c9a210130b58ffa.png,3
data\processed\Lolyda.AA1\00b0e054e84fcb118c6e9c3da67ef7a6.png,12
data\processed\Allaple.A\0841b6697f9398de37daf2b2c50a248d.png,2
data\processed\Instantaccess\00946ece0ea60a84dff3955ce6aa70eb.png,11
data\processed\Instantaccess\051ac294bc6736bff1d38133d7c316fb.png,11
data\processed\C2LOP.gen!g\00d028936f578ad2e49bcf68c69516be.png,6
data\processed\Agent.FYI\004a05b0bada6203e6db3a9ee1215fca.png,1
data\processed\Allaple.L\038fe71dfa31aa2ae54e61e7a24f9971.png,3
data\processed\Allaple.A\01df7a90dc82974d798f77d3f8dfdc67.png,2
data\processed\Malex.gen!J\003b0b71bc2a10909291f93e07e39399.png,16
data\processed\Alueron.gen!J\063f8536b5dbd8f594c9621a121f8f76.png,4
data\processed\Yuner.A\0021eae849b5c0a4ced14d3daf34b102.png,24
data\processed\Allaple.L\043d6a877c241ec08b33990c0f23cf5f.png,3
data\processed\Allaple.A\075d860e2348c5e993714e06c993fe19.png,2
data\processed\Swizzor.gen!E\017fd0d4362e62a3f75ea8068720ce72.png,20
data\processed\Allaple.A\015288b99893a593cfd5bcbd61799fc5.png,2
data\processed\Yuner.A\043250a3c3eec94a099d797affc5c739.png,24
data\processed\Fakerean\019319a7f1ad50811a2bf7f9ebc66d66.png,10
data\processed\Yuner.A\0593eb2b34c3696ee734567380aa6611.png,24
data\processed\C2LOP.gen!g\06d18861a4ecede1da059d6caaf82a61.png,6
data\processed\VB.AT\0115806f2738e59e7f0d68c3bcbcd35f.png,22
data\processed\Yuner.A\0611692de68bc620fac6e305ccffa0b2.png,24
data\processed\Allaple.L\06642c147f5f48b6b995a0c3d1808a78.png,3
data\processed\Allaple.A\0522d6b97744ed6fba666e59656f7ff8.png,2
data\processed\Yuner.A\05b7830ea73fec805eb7d77e10e4bc28.png,24
data\processed\Swizzor.gen!I\00cbc8a9aceed969ee62801be4b2c4ee.png,21
data\processed\Swizzor.gen!E\06a33c66c8fb1cf0eff1e868b7c29cf7.png,20
data\processed\Allaple.L\00dd1932e15eb5fb9629b68e917f0fbd.png,3
data\processed\Allaple.A\00247819d455a8b44388d25767375476.png,2
data\processed\Lolyda.AA1\00812dde94f5049b0ad7561b004031f9.png,12
data\processed\Allaple.L\004b5effbb31e339de40ce951374f60a.png,3
data\processed\Allaple.L\0495a292b3bda1d46bb06d8da0fa30a5.png,3
data\processed\Allaple.A\01e80f31a232e2bff89bcae2cc5f6580.png,2
data\processed\Adialer.C\05042268ee4fa6959f49e1d99d30fd71.png,0
data\processed\Allaple.L\00e00a13abe80e3acb2bbb1ec12a6193.png,3
data\processed\VB.AT\018de2d658817d8f6f261a601f70fb00.png,22
data\processed\Allaple.A\06076e903a4a6bf3eea44ede24612e82.png,2
data\processed\Allaple.A\0068b354892fceba79d398bb4312939a.png,2
data\processed\Allaple.A\037bac73d413c119f2c1dc61c61c08f4.png,2
data\processed\Allaple.L\04ba581f5f18133b38fdb147cd99bb96.png,3
data\processed\Allaple.A\08b5a6cceae5d941ab29a1188757b513.png,2
data\processed\Allaple.A\072bea0003d60c969771308ee135371e.png,2
data\processed\Lolyda.AA2\00e374de95c1b864b2c79cee35a6ea19.png,13
data\processed\Allaple.A\0518e69e961d1680d7e23567773ffd87.png,2
data\processed\Allaple.A\062abca72f51769eeef7673246a0e502.png,2
data\processed\Allaple.A\03401cb5a934ce52ffd34972b2632394.png,2
data\processed\Dialplatform.B\00c0aa4a6e07888b6d1054b7cefd827a.png,8
data\processed\Allaple.L\0878c308a59734b9447d7a5fd6c2e0f0.png,3
data\processed\Allaple.L\056810fa05b3202f199e3f10cab2ac0a.png,3
data\processed\Lolyda.AA2\000fcb4ad902ba561cd0e7884831decb.png,13
data\processed\Lolyda.AA1\0031722a4a021547b523ae78be086125.png,12
data\processed\Allaple.L\034b4d02b718b293c6c57b48ad58b1db.png,3
data\processed\Allaple.A\051e434ebd0a7346bc0a13aded849225.png,2
data\processed\Allaple.A\055268d08c257111160e3eea9faf6d54.png,2
data\processed\Instantaccess\007e721033d01275fa08e78abc36398f.png,11
data\processed\Allaple.A\016bc3c7370eca7e7e5334ed1839250f.png,2
data\processed\Allaple.A\03c6c36e7d8589ae5d28e08fabfdbd80.png,2
data\processed\C2LOP.gen!g\057178a8e8a91ada6d435b6785db4cf0.png,6
data\processed\Malex.gen!J\05df3b57489aefd8246fa66e864b10b7.png,16
data\processed\Alueron.gen!J\00cf3cec39a19139d6c4416afe7d9c8a.png,4
data\processed\Allaple.A\01d03c9e0932553176de2809fcb67fca.png,2
data\processed\VB.AT\0763e6ce0fefb0ada2c735cf2f2bfea9.png,22
data\processed\Allaple.L\06e7bf778f2d34ad4a7cde0e9b0940b5.png,3
data\processed\Allaple.A\0691a449e90b51e4fe7627d8dd6ba534.png,2
data\processed\Allaple.A\089fbd014143a671691a5605d3fec7d0.png,2
data\processed\Dontovo.A\06956950ff416b70238535d9e67e5ec0.png,9
data\processed\Fakerean\008ea31b04d8e8691d8c9774ea1321a9.png,10
data\processed\Alueron.gen!J\036da0a4e22a93787cfd35da147ec437.png,4
data\processed\Rbot!gen\33bc44ce23c92bb16f24a39cbbd22691.exe.png,18
data\processed\Allaple.L\0624680ef2f6f480cf012c3ad661668e.png,3
data\processed\Allaple.A\01041ab2948bfa593764c5c855947dda.png,2
data\processed\Instantaccess\085b9fe9d9ec3d49059d84d37bf1f382.png,11
data\processed\Instantaccess\075082278f67fd4c48aa07f8f2688c2c.png,11
data\processed\Allaple.A\037aa24bdb90cfee1dc260ea84991a4b.png,2
data\processed\Allaple.L\01bc2b5b5783e536b37c997d33f5e617.png,3
data\processed\Lolyda.AA3\00710d289d0cab823bc6b6d3cc5b2c24.png,14
data\processed\Rbot!gen\e5850410d65502d515eb8e38f0a5f524.exe.png,18
data\processed\Allaple.A\0029a6d2e3fdbfc945ada07681084c76.png,2
data\processed\Allaple.A\07074a5e2e7ef9d5d9c32a40de79287a.png,2
data\processed\Allaple.A\06791eaf5537613d33a464825318f7e6.png,2
data\processed\Adialer.C\06c681357abb38ad5b7f6a66e483797f.png,0
data\processed\Allaple.A\071a472d42377abb24b60dcbead10cf6.png,2
data\processed\Allaple.A\01f69a15ec52c2501addaa11cbaea26b.png,2
data\processed\C2LOP.gen!g\0210963631076cbc9234c6a2ec5d65cb.png,6
data\processed\Lolyda.AA1\00d02a83027486bf23f371b74a7625d4.png,12
data\processed\Lolyda.AA1\00f748de7a0d84861d8ac72e3317e7da.png,12
data\processed\Agent.FYI\069569bee259a61f6628be917f77913f.png,1
data\processed\Allaple.A\01e10ea9499c32902ea2070046731194.png,2
data\processed\Instantaccess\00093cabaeca093193fe09e9e1b6b197.png,11
data\processed\Lolyda.AA3\00078d870e6827c11adf57cf5353e4b9.png,14
data\processed\Allaple.A\0511e4635f9bf17e8e8f35df5fee0a75.png,2
data\processed\Instantaccess\0885cc25e2011a6df96d249116361819.png,11
data\processed\Instantaccess\055af44648bf8f13041d981653758bf2.png,11
data\processed\Allaple.A\0165aa05ad68fcb0b47dbe20e16a83e2.png,2
data\processed\Allaple.A\01daf6f95a73a772796f195852d55754.png,2
data\processed\Lolyda.AA2\003440738ece6b9e67606c4e3b260773.png,13
data\processed\Swizzor.gen!E\053f57fcd49413ce390eb8c109ac3a18.png,20
data\processed\Allaple.L\05d10938a724995d09f5bd13ab72577a.png,3
data\processed\Allaple.A\0058111fb2b1865cdf4ca74e7b2bec89.png,2
data\processed\Yuner.A\00e1843302df858c6c6a3a5126789172.png,24
data\processed\Fakerean\04c58976b0bef0bc6070784042f877d2.png,10
data\processed\Skintrim.N\0004b01795a4b56c3fb29fe60d8ac476.png,19
data\processed\Malex.gen!J\08a776be4116d36e1cb65bb1d0fa00b1.png,16
data\processed\Yuner.A\04e61541f05ae45147f5547218e7d2a9.png,24
data\processed\Swizzor.gen!E\07230bfbfa5f1011a2d97b796d0c891d.png,20
data\processed\Allaple.A\0045e86781630eb6f8fe093c9dedc643.png,2
data\processed\Dontovo.A\0100d166776ab60a1f1423af7a267d4d.png,9
data\processed\VB.AT\00387a9b3cdaee096ea33c020583b1a7.png,22
data\processed\Instantaccess\065410138e0f083efbe0e3af4de61c54.png,11
data\processed\Swizzor.gen!I\083f8cc0d27441b87d097e27766e3550.png,21
data\processed\Allaple.L\004649e2eb8e1bf0a05ffa3f9a697317.png,3
data\processed\Allaple.A\00413aa7603fd8b0c39222a5cbc65c3b.png,2
data\processed\VB.AT\02b9dc1384dda8c47e636d9e59daf5e4.png,22
data\processed\Allaple.A\08a2d1d03db50f6ef92462f4038fde2b.png,2
data\processed\Allaple.L\009242f2a02e2b30c11b34ef1f31b113.png,3
data\processed\Allaple.A\0115562c59d6a59d99ff443cce89cab1.png,2
data\processed\Fakerean\004283f80e44937d4d593929f1c60683.png,10
data\processed\Allaple.A\04485adabb086e3fbad88bc48932ef08.png,2
data\processed\Yuner.A\019366db7703fb9d774c3c2eba8dc395.png,24
data\processed\C2LOP.P\005e89a822d0835ef980a867d59a6eed.png,7
data\processed\VB.AT\00e8e732cbc255bb576c5ae890cd51c8.png,22
data\processed\Autorun.K\0545e8afce3d8f22c08fdcffaa8fa425.png,5
data\processed\Lolyda.AA2\00b84829af152e4e98e4723faa8d38ad.png,13
data\processed\Instantaccess\0488a18df3fa6d214c721c599c2c52f4.png,11
data\processed\Allaple.L\03d8f9e50908c87f8c8c10e279cfcf78.png,3
data\processed\Allaple.A\05a1691ac2cc92bf0dbba609461fa930.png,2
data\processed\Yuner.A\04132ac078fa26a73b3ca0bc12205eb8.png,24
data\processed\C2LOP.P\0510cd627800d1d631d965744c10278f.png,7
data\processed\Allaple.A\0039856077b3baea49ffebb20eec4b9a.png,2
data\processed\VB.AT\00271aee17fb83f3036b3987f9806c72.png,22
data\processed\Allaple.A\00e42569d21e838977cde38efa945ca8.png,2
data\processed\Alueron.gen!J\00ee08fb0c273e054a7fe75dac1947d0.png,4
data\processed\Allaple.L\081b445ca8c6771c70c579e22d858f2c.png,3
data\processed\Rbot!gen\11a052205c579a784a565e363b2b7e71.exe.png,18
data\processed\Alueron.gen!J\0312b32472ce0e9404b78301c3cd7ac6.png,4
data\processed\C2LOP.gen!g\0764f57acad206fda98e50687b391d52.png,6
data\processed\Yuner.A\0535af2c406d0624756ed3bcabca761d.png,24
data\processed\Rbot!gen\8df5a7c3a4e2be1e4469262e75480647.exe.png,18
data\processed\Yuner.A\0068732aa59128e1fd5ea7abe98e3df2.png,24
data\processed\Allaple.L\06c0ffa9d180363b5b05fa7d79893c33.png,3
data\processed\Lolyda.AT\00bbe9b41b366222dec28facad51d2f9.png,15
data\processed\Adialer.C\00c547ba11531d9357488cf1034fee3b.png,0
data\processed\Alueron.gen!J\071aa235f2f37ac28a7a68b1118bfdd5.png,4
data\processed\Allaple.L\05b4a6f1ed5be0b97384051d9d97ecbe.png,3
data\processed\Allaple.L\070580c16160140b634718b6dc949fba.png,3
data\processed\Allaple.L\07457ee7b3ffce798f4daadc346849ed.png,3
data\processed\Allaple.L\0673e5edfcc25343943173c134a58817.png,3
data\processed\Allaple.L\00644a855e7b03507c3186398c463a76.png,3
data\processed\Rbot!gen\57a7a61ae4e760e80141c622d73334fb.exe.png,18
data\processed\Fakerean\04de4a76cba6ae58c2630b499d4bb06f.png,10
data\processed\Instantaccess\029b10e0aee5b51efe1a0051931f22c6.png,11
data\processed\Allaple.A\0457ec93ca1267e7c655f8dcfe36e497.png,2
data\processed\Yuner.A\00cb237ce943b8dbc20fb73ab14f9d4b.png,24
data\processed\C2LOP.gen!g\063c01312ad558ba8ab653ce924ecc1f.png,6
data\processed\Allaple.L\079b7447c4d9749b48499ccbf29c7131.png,3
data\processed\Fakerean\003538bbbd49a53dc81f079588fc30c5.png,10
data\processed\Allaple.L\03f6111d750dee4561a149fc2e3febcc.png,3
data\processed\Allaple.A\04bb721b2df1de898bbd90beb202afff.png,2
data\processed\Allaple.A\06b22d12c04c68a0d85a2d818ce34a76.png,2
data\processed\Instantaccess\059a9431307dd1fb39bc3ec91d8cb73f.png,11
data\processed\Allaple.L\05aa6c4dc002ec4fb7195190d5ece40d.png,3
data\processed\Instantaccess\07be94707dc63b62027e24c3400c557c.png,11
data\processed\Allaple.A\04fb7d1d2190d9002c8c25efa6904356.png,2
data\processed\C2LOP.gen!g\0577eae30302f35531cd18ab76cb6df0.png,6
data\processed\Fakerean\02facc1896794f0684c3494dee954a4c.png,10
data\processed\Allaple.A\0090a05ef001e46adbf1554cfa845e21.png,2
data\processed\Lolyda.AA3\00f117bb982e2f6f4117dff2d25170be.png,14
data\processed\Allaple.A\0531a3b875d2e83ff82dc7a7e743d75d.png,2
data\processed\Skintrim.N\00d0129581c902f9b74c7199cbdeb6d7.png,19
data\processed\Swizzor.gen!I\0069a33a35c575248b1713c1c0d2b71e.png,21
data\processed\Fakerean\080c79b6338cd5b2c8fe37fefe60c084.png,10
data\processed\Adialer.C\0508626e758f9864b6001731bace699f.png,0
data\processed\Allaple.A\005be227b45ee05626101e7d1179c687.png,2
data\processed\Alueron.gen!J\05813370b2382299cd4298fff816f791.png,4
data\processed\Allaple.A\0832f6bcbdf8b4848722a31d2cdf0e64.png,2
data\processed\Skintrim.N\0014020b12c3e2459f2883f26c2373ac.png,19
data\processed\Dialplatform.B\04043bc8e41e06b5e4e1c8ceb84759fe.png,8
data\processed\Instantaccess\00b6ea60cb0dc05f3b6be3f7000f7acf.png,11
data\processed\Obfuscator.AD\05513e1b427733e2ceb7f843804ad825.png,17
data\processed\Allaple.A\0152bc0aec15af7081bbdfe297055689.png,2
data\processed\Allaple.L\0481a91509d5a30dc69770bed3f3c950.png,3
data\processed\Allaple.L\03d3b99bd1cd5439224a7b5412472358.png,3
data\processed\VB.AT\019365760e6ce30ded502957502c502a.png,22
data\processed\Alueron.gen!J\00e823281d04c5f6bdacedec28d98d1d.png,4
data\processed\Fakerean\07e7c8e8b4e26cb11e2e6a5416b57e77.png,10
data\processed\Rbot!gen\7bbfaa63b747c26aed793cc7c13860c3.exe.png,18
data\processed\Allaple.A\00d1400377c6b36f8fc70e500e8c5cf5.png,2
data\processed\Yuner.A\04bd304986c5accb28c6e74974c17f59.png,24
data\processed\Dontovo.A\0359f055545c068bf2bbfc686a87fca8.png,9
data\processed\Adialer.C\059b99c10125f66e2260c15b90c5c5d5.png,0
data\processed\Allaple.L\0069cca6b0787d25e494c5d511d7fdf1.png,3
data\processed\Allaple.A\03f0349bb33cc43a65376c2c0d9710fd.png,2
data\processed\Alueron.gen!J\00f07af82e59f9824f77c03e6c204de5.png,4
data\processed\Yuner.A\04a606fd81c623bae36b4494d1bed0e7.png,24
data\processed\Wintrim.BX\0019b63efcae8941420268f086f76350.png,23
data\processed\Adialer.C\05c1a8d78ab2ffd674b1edce0e51a0b3.png,0
data\processed\Allaple.A\046f50176010f7a9589f0bf33fe97af8.png,2
data\processed\Allaple.L\015ac163ed8debfa620091bb8841edd8.png,3
data\processed\Wintrim.BX\0009e6db1b9505d85950d112a0b7acc4.png,23
data\processed\Allaple.A\041cb44725f491f60ad2023aadab5ed2.png,2
data\processed\Dontovo.A\00becafb024f804a5e69f4c2baf57205.png,9
data\processed\Allaple.A\0832263f837a6723138d4f691bdc4712.png,2
data\processed\Allaple.A\03721a40b0113532ee9d1188ca3c7935.png,2
data\processed\Allaple.A\06212df7d28f6767e51ec05f11351b95.png,2
data\processed\Allaple.A\056fe17d20cd73eeef84ef8857ac1aa5.png,2
data\processed\Allaple.A\00509c12cfe2ad7a6fcbc9c5411d6c5d.png,2
data\processed\Rbot!gen\c6bcc838eb96bf874219349811d74aa0.exe.png,18
data\processed\Allaple.L\066cbc54c18143d490e411e696297759.png,3
data\processed\Dontovo.A\00dcbca2279fb4c6d367ac9d593f000d.png,9
data\processed\Allaple.A\01d14bed2ea0acc205f3dd6c63381689.png,2
data\processed\Allaple.L\03c5f03abb28cef3423d2a2a10b87ccf.png,3
data\processed\Allaple.A\062f547aaa742eb34316845bc8534666.png,2
data\processed\Allaple.A\08459a21439883fa5f81d2116f77d857.png,2
data\processed\Fakerean\079176d947d5f73191de5c85c15d5c26.png,10
data\processed\Skintrim.N\0026dca0edc7f3be3122bfe9ef767352.png,19
data\processed\Allaple.L\056884aa89de54a0713ca50f26647aa7.png,3
data\processed\Swizzor.gen!I\051aca4afb65ae4ba03bb4db1ca85616.png,21
data\processed\Allaple.L\08a3589a1598ff8de7631ce92e0b9f09.png,3
data\processed\Yuner.A\0693cbec335cac56d332cfe251689f32.png,24
data\processed\Lolyda.AA1\00543267ca558b214aa6a462af3081af.png,12
data\processed\Allaple.A\00e24b52423ea41b2d391ae29ce3eb22.png,2
data\processed\Allaple.A\07ab51d728c7c2b23687a0b259e5967b.png,2
data\processed\VB.AT\0293ece68715fe6eb29ac24e4910ada6.png,22
data\processed\Allaple.L\0342f57808bb416b3b6125fc4738ee29.png,3
data\processed\Rbot!gen\594d28f470b01a2cd3e4eaa8de5694e4.exe.png,18
data\processed\Yuner.A\051e7831cf5062b92eec60ba2caf4ba0.png,24
data\processed\VB.AT\03337fd5f2acb3c59cce414f15661401.png,22
data\processed\Alueron.gen!J\008d398c9a5dc8535143557d03206d7a.png,4
data\processed\Allaple.L\018202cf855f758114ba84e1981ceba0.png,3
data\processed\Allaple.A\03d8687f5161e02ab712472c22ccb562.png,2
data\processed\Allaple.A\047f1c692085890d8fc2b2957984f15b.png,2
data\processed\Allaple.A\01d10e95ab09f01c6f15001c8b381601.png,2
data\processed\Allaple.A\031c1e9939e4495908281b7d8a3cdef1.png,2
data\processed\Allaple.A\03e968c5572ad68bb200aa59cc787211.png,2
data\processed\Allaple.A\0625376b733897b8b22a810f4dc5cf01.png,2
data\processed\Allaple.A\013860d95a0677e94becf4873284a4d9.png,2
data\processed\Malex.gen!J\0339fd41ffa2decdd24d1aa1c21ebf74.png,16
data\processed\Lolyda.AA1\0051d16b76d809670c9ac53af1ea9173.png,12
data\processed\Skintrim.N\0029ea15a8b6285fb29bc473d17676be.png,19
data\processed\Allaple.A\01746584ac3a468c59f9400cafc15691.png,2
data\processed\Malex.gen!J\069f545bf989ff5d38c27b2b063933ed.png,16
data\processed\Allaple.L\00e21a2fd063399d571ba29fbc6f6913.png,3
data\processed\Yuner.A\07003a1bbf9ce76391783af9c137b1b1.png,24
data\processed\Rbot!gen\332c84a41fdd53614639025827328671.exe.png,18
data\processed\Allaple.L\045a301fae59407d8ffe3f9c10c45182.png,3
data\processed\Allaple.A\0464d31e7a19210729502af8e336c2c0.png,2
data\processed\Lolyda.AA1\000151955f18550a59fcc81a94170aa5.png,12
data\processed\Alueron.gen!J\01a4978d6e87a068165e30ab82fb41b8.png,4
data\processed\Lolyda.AA2\00a50796e3a950c9e0e8d90034ab8983.png,13
data\processed\Allaple.L\071e158149db11d90a199ff75ac04559.png,3
data\processed\Allaple.L\050ada76dea2500e716205af3ff4195b.png,3
data\processed\Allaple.A\045ee5534d757d6b3b3c416e23522b49.png,2
data\processed\Allaple.A\0147f80806172c65745e7609cd224340.png,2
data\processed\Allaple.L\03d4d25070de42766edb120e757a3e60.png,3
data\processed\Lolyda.AA1\005d8a09e1bc0a45798b599bad63865c.png,12
data\processed\Allaple.L\059dd10532110f4b695424b25e66862d.png,3
data\processed\Swizzor.gen!E\00b1b70183fb0a10d36e0461983f95a2.png,20
data\processed\Allaple.A\032f3dadb3e3769688124c5bb7754efb.png,2
data\processed\Agent.FYI\00a560f18377259842e32bd1fefa55ea.png,1
data\processed\Dialplatform.B\03858d6ebc32663f53e0c081895c213f.png,8
data\processed\VB.AT\04271f6ea38538fb06c602272318e2bd.png,22
data\processed\Yuner.A\00431faea46b97d4b1b7e2fc44b2d798.png,24
data\processed\Allaple.A\037c995a038e6a608ae2cc84e038bf17.png,2
data\processed\Dialplatform.B\044200eb0c9418bc6dbdbd41d649cd29.png,8
data\processed\Allaple.L\069cd07c720c4962f0b3e775a44c76a6.png,3
data\processed\Allaple.A\07a28ad3652f70fa3a29bf85dd64cdab.png,2
data\processed\Yuner.A\017db702bf375e56d4e574ee09185fa7.png,24
data\processed\Yuner.A\037578cae7b9143f5e64906f8d558d33.png,24
data\processed\Yuner.A\0004fde5ce1a0a97df5551e7fa9de308.png,24
data\processed\Allaple.L\06db1a7d626efc8f302205537fd1f791.png,3
data\processed\VB.AT\03b40bc72b57ce7561adf48884734026.png,22
data\processed\Alueron.gen!J\07a5e5c1bf3176f38256c92faad41519.png,4
data\processed\Allaple.L\07a55a1267ebe2cbe21b38825b376e61.png,3
data\processed\Dialplatform.B\001e6cba868bc11b87a0da9ff5b753c2.png,8
data\processed\Agent.FYI\03066049300cfaa40fc5342990193931.png,1
data\processed\C2LOP.gen!g\022fcfb205088865a271891142392e47.png,6
data\processed\Allaple.A\014c19eb6eae589a81b40e1ac29f8c26.png,2
data\processed\Allaple.A\0163124d96cb70b811bed3a4f61a3d98.png,2
data\processed\Adialer.C\0700c2d46e83b53b4826284801517dc5.png,0
data\processed\Obfuscator.AD\034694f04c659ed36fd66eba095e8d6b.png,17
data\processed\C2LOP.gen!g\0027fcef4985926097e74d878358cf5a.png,6
data\processed\Allaple.L\0397dc1f0141f959713d73c3e8b1d17a.png,3
data\processed\Fakerean\002abd710f5299afd411167b0d3ba4e7.png,10
data\processed\Lolyda.AA3\00f708b76b34e121285962d4c15a705d.png,14
data\processed\Allaple.A\044f9bc0d5480d0cb795eb85fcf43405.png,2
data\processed\Allaple.L\01876123ed6164d43f94187d4a3a7656.png,3
data\processed\Allaple.A\0722d40218e1c2f0c91e17d7bdcb1ef7.png,2
data\processed\Yuner.A\00f51b71ca3c5ceba68de005e8ab613a.png,24
data\processed\Allaple.L\0783371c07326c02d2c92cd08b927ce4.png,3
data\processed\Agent.FYI\00c3e82db0235e88b1501755201a845c.png,1
data\processed\Yuner.A\002d4e3f9d012fda5136aab409ad28c9.png,24
data\processed\Allaple.A\073598a53e94320952896abdbf609742.png,2
data\processed\Dontovo.A\0116dce0fdb4aa7f4f9725817eac4d59.png,9
data\processed\Allaple.L\04db81b6f016a4c85d21b5367cb5cd72.png,3
data\processed\C2LOP.P\00864b9b323546be36d99ed14e69232d.png,7
data\processed\Allaple.A\065cd4a56dd8cb24c23414a13513aee6.png,2
data\processed\Lolyda.AA2\005e282102c48e6c695e6497d58cc901.png,13
data\processed\Allaple.L\07bb9624cade7dc074ef0ab0ba0357d1.png,3
data\processed\C2LOP.P\0689ab716473297438d1fb9744787ef2.png,7
data\processed\Allaple.A\0621bd51f909836b40f034e86769c521.png,2
data\processed\Allaple.L\01938702053b76feb7c80aecdd8e40b2.png,3
data\processed\Allaple.A\003330ed8a1b88e519099bd881bd13a2.png,2
data\processed\Obfuscator.AD\06a8907f744ba6392ad715582ca10da7.png,17
data\processed\Yuner.A\04f2c30a79aa34d90110cd80232ef58c.png,24
data\processed\Allaple.A\018d9cb68a4ba8a13b098ecdfdadccd7.png,2
data\processed\Allaple.L\011b67467307618d675efaa580533e62.png,3
data\processed\Instantaccess\03b5584aa65d58d6afc4888b16b7b217.png,11
data\processed\VB.AT\06a3ceca37a920d15134bca8ab04672a.png,22
data\processed\Instantaccess\074522d8287260ee10b51d52a74465d4.png,11
data\processed\Swizzor.gen!I\002f777700e2ab996b9a53585f1e7a50.png,21
data\processed\Lolyda.AA3\00ea1e902143e53680ca31cbcd6e4a62.png,14
data\processed\Allaple.A\0320eaf85fdb9b17d3f122ba08bffee8.png,2
data\processed\Adialer.C\04a0abd1be10e5d4d5a4f2c62ebaea8d.png,0
data\processed\Allaple.A\017e79602d3ddbffb48dcf0a0d8e87f8.png,2
data\processed\Obfuscator.AD\018281c0e689e14047679d458f97813f.png,17
data\processed\Allaple.L\0458d4b9a3b0c762dc773033d7710645.png,3
data\processed\Adialer.C\0860399916ef026825ecc631f305d96e.png,0
data\processed\Allaple.A\049af9f06127c941e6cdcbea44161790.png,2
data\processed\Dontovo.A\071e4058c4ff83fdce5300715f70f595.png,9
data\processed\Alueron.gen!J\006cdea20c89c15e042b04f95e092305.png,4
data\processed\Allaple.A\053786672934f941247977e017864a6a.png,2
data\processed\Allaple.A\0557b75b1fa7455d5ad9a01ca1ffe331.png,2
data\processed\Allaple.L\041aa9369070e22d0b1a87332abdc502.png,3
data\processed\Fakerean\07686753aa7ff0a869b5f80f296e8aea.png,10
data\processed\Yuner.A\009df1c0bea1d10b25f50e0766a4a220.png,24
data\processed\Allaple.A\01082019176a8e6e7628b617e2a04925.png,2
data\processed\Allaple.L\00df8daca39231d4afbb9640b0a160a9.png,3
data\processed\Allaple.L\0008ffbb81bcfc5bbe608778490fa973.png,3
data\processed\Allaple.A\036ea3356d54981c0e434ebe3d6392a5.png,2
data\processed\Yuner.A\003adbfa86d69e5b0af7cf6873ac6606.png,24
data\processed\Skintrim.N\002187d5500b2da0f80e5aa4b3193ae4.png,19
data\processed\Skintrim.N\0006a4c1926641f068d00d8f2f62f7d3.png,19
data\processed\Yuner.A\042826957555d7cec8f1698ecf42f613.png,24
data\processed\Allaple.A\05d1716c05db7bca5f9b0bf4ecdb03c8.png,2
data\processed\Allaple.A\009902c47f1c6923231798cf1164432c.png,2
data\processed\Allaple.L\07ab87634936a480f04d97ed19625236.png,3
data\processed\Instantaccess\00b5cd6cac551e8661dfb83a03dfddbe.png,11
data\processed\C2LOP.gen!g\01625be9c14039d272ca3da93e2ee18e.png,6
data\processed\Allaple.L\064dfc9dee0724c2b1b70b6f7da72ea2.png,3
data\processed\Lolyda.AA3\00537c5affcabe5d1aa6313a55c87b77.png,14
data\processed\Allaple.A\039cbd0dd33190b740913bf4fb341b8a.png,2
data\processed\Instantaccess\00b13ff4b8439c260e20b34971de0c49.png,11
data\processed\Allaple.A\07ddb98c980fa30dbaf8d2f0848c3ee8.png,2
data\processed\Allaple.A\0866ba15f298e330f669c4e9b5a8ab42.png,2
data\processed\Allaple.L\00e899ecec6ca7f918453e15771e0eb1.png,3
data\processed\Allaple.A\06d9dc3d21f48f0356fb6c95454ce79b.png,2
data\processed\Allaple.A\087903fc5828c5e877aedce4db801172.png,2
data\processed\Allaple.A\0567b1d812c6b64044bf409a70690ab2.png,2
data\processed\Yuner.A\061a1771cad497f8cab6a73c5ec7367c.png,24
data\processed\Allaple.L\01e8e8b9155408b6bb1c39efdcc87a68.png,3
data\processed\Allaple.L\00824b5b278d8a13041aa557a490152a.png,3
data\processed\Allaple.L\0425898a4c7e16d5a55d2264fb33204b.png,3
data\processed\Rbot!gen\ae75ce8f67158f761dcf8cdf25349005.exe.png,18
data\processed\Dontovo.A\0710e03d490c7310a53908978f7ab14d.png,9
data\processed\Allaple.L\0865dfb0f360ae19169c7760f9d219d8.png,3
data\processed\Instantaccess\041201878cdf2dbf30a816b3cbed7fef.png,11
data\processed\Lolyda.AA3\001fb62249f20f9694f2355de8e346de.png,14
data\processed\Allaple.L\01da9dd4a594228776872233504e77ae.png,3
data\processed\Allaple.L\01e1b387624abfadc230f3c4aaec9f83.png,3
data\processed\Allaple.L\032a4795675f9935a3297ff708b06cb1.png,3
data\processed\Allaple.A\054639b0007e629bfea31bd04a1b6742.png,2
data\processed\Allaple.L\0562cef5291c76d60799446a85f0f4d1.png,3
data\processed\Allaple.A\044006e0ea18565aa8cab3d2fd860ea7.png,2
data\processed\Yuner.A\08412cc91ef5c13675be721a61238b5e.png,24
data\processed\Allaple.A\07cd668dcf3356d5111d3c8191557b68.png,2
data\processed\Allaple.A\03e44bd625ac6e6da1347d4ae633e7c5.png,2
data\processed\Allaple.A\0057559d39d777ca0958278d68d0df70.png,2
data\processed\Allaple.A\0044085b9d9e829557f5146554636d3d.png,2
data\processed\Lolyda.AA2\006d22fa899b984c931321c5fdd37d39.png,13
data\processed\Malex.gen!J\06597cff08d0acc9c7c32b8ae4833f18.png,16
data\processed\Allaple.A\068f3e160e4a97319a0ad819c992f6b9.png,2
data\processed\Allaple.A\037756a1848010b5b1b74450d019ee9c.png,2
data\processed\VB.AT\019f3defeab0db389a4bacbaa2c47789.png,22
data\processed\Yuner.A\04b398f3d60fac660fe8ad461c6c9616.png,24
data\processed\Lolyda.AA1\00b24196a8830b741dd734d731eaa37d.png,12
data\processed\Alueron.gen!J\0745a9007d10991e6cdd421bee8c5f6b.png,4
data\processed\Wintrim.BX\00f3a351d7122bfd5ab56567314bf2b5.png,23
data\processed\Yuner.A\00259ff9a2c89326894f48d626a43274.png,24
data\processed\Allaple.A\01bfe5d474f2b100c24625e8c9b527d1.png,2
data\processed\Obfuscator.AD\07a6541bece47858eb1cb93538c690fc.png,17
data\processed\Allaple.A\03fae53f0eecc3b1c407e7a63429a60c.png,2
data\processed\Allaple.L\03c479350f7273c0ac3351f4f266e72d.png,3
data\processed\Fakerean\072b63b7c03df29c92371ecf63d0f2c3.png,10
data\processed\Allaple.A\0013d8413e9d3c61601fc8ad1d17865c.png,2
data\processed\Wintrim.BX\00164380267d3bb405804fb5fadac388.png,23
data\processed\Allaple.A\016c4433039f89076d595ec48f02d326.png,2
data\processed\Rbot!gen\030d0261a82f6b5149908fc5a9e62b41.exe.png,18
data\processed\Allaple.L\054ad732267973bf838c54afe0b251b3.png,3
data\processed\Allaple.L\0368f7f44be6e08b5efc12dc939baa04.png,3
data\processed\Fakerean\00b7bd7f2cfbfcfe2e291a95b40e4398.png,10
data\processed\Allaple.A\03918727862050a770e1a91f22b7782e.png,2
data\processed\Allaple.A\059bcecdc034cd85c2439f310c86f493.png,2
data\processed\VB.AT\0349ac19a6b05606d41b229091edf9c0.png,22
data\processed\Allaple.L\0434555979668d6192a9779b965dbf9b.png,3
data\processed\Allaple.L\08680186461f7f58f3727462aa897de6.png,3
data\processed\Allaple.L\00df3c9f840ef0f1fe212969c8a87082.png,3
data\processed\Allaple.A\009eb698e69ce96f11e5dae4f14aadb4.png,2
data\processed\C2LOP.P\07857f5557e53441baf3ed67a92da77b.png,7
data\processed\Obfuscator.AD\03fe3a16e9af7e163ce5322a2d34b86f.png,17
data\processed\Allaple.A\08707263a272df5e62580c3645ad4404.png,2
data\processed\Allaple.L\073d3d7fa573243c11c7d125af6b42bb.png,3
data\processed\Allaple.A\00b5fb9b372401341c4500b39568775b.png,2
data\processed\Obfuscator.AD\04c1ceaae7383b2e4289e812d47337cc.png,17
data\processed\Allaple.A\089fd3335739fc657ae67d9c65512aae.png,2
data\processed\Allaple.L\045d88110e40dec91d3334443a0cf3b8.png,3
data\processed\Yuner.A\0870aff2e89d5e9770ae53d0662d239a.png,24
data\processed\Yuner.A\007560c1038ef3ee67ee130877013772.png,24
data\processed\Allaple.A\0317654a61ae9507289298e59d9e2d5d.png,2
data\processed\Allaple.A\0061ea3a4a294a701ebf1fd510104672.png,2
data\processed\Alueron.gen!J\01287bb50299686d54624b65d23ceece.png,4
data\processed\Allaple.A\06a31c22d454b5f096d485cef86948fd.png,2
data\processed\Allaple.A\0304f1dab2c761e0c1a33f821989fdb8.png,2
data\processed\Rbot!gen\e9b0e270eaaf75851dfc2e45c7b37b43.exe.png,18
data\processed\Yuner.A\08acb94708c0dbb3ba53f6766d681453.png,24
data\processed\Allaple.A\00cb95e8e21519c46f794a741409c11e.png,2
data\processed\Allaple.L\05851d6bd563c266d26386488f72d45b.png,3
data\processed\Swizzor.gen!E\076992c7b037869df161602977fef058.png,20
data\processed\Alueron.gen!J\044707062722999755812466351afbe2.png,4
data\processed\Yuner.A\06a9cc731bb994941b8e58c18bd42d79.png,24
data\processed\Yuner.A\0025f4fce65fe087ef18b52963337caa.png,24
data\processed\Alueron.gen!J\059bf0c120fa78d736cc4fa2b1347e54.png,4
data\processed\Instantaccess\0322919186fa34d22da98db186d68b02.png,11
data\processed\Allaple.A\0637a4e7b9ce20b3e429bc0068744b15.png,2
data\processed\Allaple.A\07317266b6b9dff9c7af5cbda414ab9d.png,2
data\processed\Yuner.A\069bea43a1c86cb1b5fb3dd7485827eb.png,24
data\processed\C2LOP.P\04048fe2b401e07fb0ae1b5b8423fdbf.png,7
data\processed\Allaple.L\05411432175b8ec15c5dc58c52767d3d.png,3
data\processed\Yuner.A\08705fda714f21bc89b7b20d29afaa0f.png,24
data\processed\Allaple.A\03fb83e57b5681d7c01c1d810a7355a9.png,2
data\processed\Allaple.A\00614c9701630f429fd2c051e3d0bff5.png,2
data\processed\Allaple.L\00d55d1268ae37d407f14ab60fa1c19e.png,3
data\processed\Allaple.A\009ddc0eefcee866d83968a18cbb5cbc.png,2
data\processed\Alueron.gen!J\00c52a4bdc198ce4c5b7b2dc2c87f72d.png,4
data\processed\VB.AT\02f0ea91e7114faba35acc68b40dc774.png,22
data\processed\Adialer.C\01bd1a6d7306614a1e0f1476d177bff5.png,0
data\processed\Allaple.A\07590563d1c29fd9421966fb7fce38a0.png,2
data\processed\Autorun.K\0516a02eaca930cdf6fa22ea705ae246.png,5
data\processed\Autorun.K\073bca61dc83d8c6a02a440b46527fe5.png,5
data\processed\Allaple.A\010b412fb4cb26a912d449d6951de15c.png,2
data\processed\Alueron.gen!J\03301205d79a41596f4d1017d1e4cf09.png,4
data\processed\Allaple.A\000dbc71ff2b77081f1756dcf429ab71.png,2
data\processed\Allaple.A\0647af7051835992ba21f79c43649a1b.png,2
data\processed\Malex.gen!J\03608f45d09bc817a99fb9c0ed29c58c.png,16
data\processed\Allaple.L\00084b0786ef98e22acf62f4ac70dd30.png,3
data\processed\Alueron.gen!J\054584fa4dde1cc0c25c82e908144347.png,4
data\processed\Allaple.A\009d27fa46ba1cef6a723dcc2341c367.png,2
data\processed\Lolyda.AA1\00cca09308f334c7a9d4ef6edaa4cd6b.png,12
data\processed\Allaple.L\008d5f2959436bcb7d5f862a61b49746.png,3
data\processed\Fakerean\074a77ce8c3f29ca45e968b2d6be78ea.png,10
data\processed\Allaple.A\05d8b48ba73c0473891f04a5916a2829.png,2
data\processed\Allaple.L\01ca30772cb6e5a4cae09382e51f6069.png,3
data\processed\Lolyda.AA2\009faf25d75bad87937a7bfb02c31f46.png,13
data\processed\Allaple.A\0176ef5eaa0f5766bb79591288e18ed8.png,2
data\processed\Lolyda.AA1\009b062490490101b812208a563a4560.png,12
data\processed\Swizzor.gen!I\039383ad5ae0a4c56ee12ac8a2941b24.png,21
data\processed\Allaple.A\08609c4da1fba4c6b050e07e68362a0b.png,2
data\processed\Alueron.gen!J\06c1b8368e0cc48750d3d80e062d4f2b.png,4
data\processed\Allaple.A\000d34fbbecb432d0065c260c535965c.png,2
data\processed\Allaple.A\08a353e7f626bac7586a6509cd04ab4e.png,2
data\processed\Malex.gen!J\00726d3929bd7bc0cead562efdf258eb.png,16
data\processed\Allaple.A\039706fa36ed2d4ae7e9d20cf1ec8e74.png,2
data\processed\Dialplatform.B\03b2a4de410bfe1914d0adb96c407b31.png,8
data\processed\C2LOP.P\00bac869d1a5cfc70026f00bf7174463.png,7
data\processed\Allaple.L\010a15c7fa0d2683bb783dc32f86cc23.png,3
data\processed\Dontovo.A\01d42f2127991b67b61942b605d4b8f5.png,9
data\processed\Lolyda.AA1\000619a5882679b3cf6da2ce34507b8d.png,12
data\processed\Allaple.L\0853bae7bd65eddf918ff7193b21a5ed.png,3
data\processed\Swizzor.gen!I\00708d463aa47b127f8f52d0e8373f00.png,21
data\processed\VB.AT\001bd99e9e352213a929a0a0906f675f.png,22
data\processed\Allaple.L\03dd5425619039b93b55fe46a64511cb.png,3
data\processed\Allaple.A\06ad8c5cfb26f3cf89a87acbe950f169.png,2
data\processed\Allaple.A\07cdbd05240e25efb088c9bca232b2bd.png,2
data\processed\Lolyda.AA1\008971de563ea0feb7e9e2e4d7390bf8.png,12
data\processed\Obfuscator.AD\0522c13b646b6e441ad50e119e07ebc7.png,17
data\processed\VB.AT\005e762b68433d27b217e1d95cd90601.png,22
data\processed\Instantaccess\003fc51a3728b9c1dda9926398605568.png,11
data\processed\Obfuscator.AD\0061468de6177552b2dde2eab18225a2.png,17
data\processed\Allaple.A\0633e99fe16af5b6bfbd561a194c04bf.png,2
data\processed\C2LOP.P\07a8e8e2eba31565f6909183bbab4bb1.png,7
data\processed\Allaple.A\011e5a4d3bda148c73d8071859744c74.png,2
data\processed\Allaple.L\04f5505a0ec15434df0fc9da5aeed116.png,3
data\processed\Lolyda.AA2\00181d599a8ef53032c66e258c22112c.png,13
data\processed\Allaple.L\057703c693fa6d68159c176e12641541.png,3
data\processed\Allaple.A\01578c51ae10610e006e2c4a8b1d8f19.png,2
data\processed\Fakerean\08aacfe5df14c42221596432b62ff4b0.png,10
data\processed\Lolyda.AA1\003d8e4b08629e33c38bd90441baa05c.png,12
data\processed\Allaple.A\085d2389812cb509810c9095a45a73b9.png,2
data\processed\Allaple.L\069086deecdd2357b3ce9366e7fe7fae.png,3
data\processed\Yuner.A\003bb919efb77c26dee4e2187d642fdd.png,24
data\processed\Yuner.A\04c93fdfc55438b44a77642740d79759.png,24
data\processed\Allaple.L\03a4a09cc6929ce01877a6719eb2a7d0.png,3
data\processed\Allaple.A\08338d338d1cd29c8fc9900cee2f8406.png,2
data\processed\Instantaccess\00b36384ef6f1f079737532546792ec3.png,11
data\processed\Dialplatform.B\00e1b7e4b3e6b8065b6ff45e3ab0db52.png,8
data\processed\Allaple.A\00950040f5797b29f31753091189f449.png,2
data\processed\Allaple.A\001a3455cbca3d5cb240693b783a3a4a.png,2
data\processed\Allaple.A\05a9b984e26ccc0ddcaa6cefb5c62eb3.png,2
data\processed\VB.AT\001af05cafe597cd850941f5d30d9a63.png,22
data\processed\Lolyda.AA3\00ea391ebd6c7afb6c7da67c2851970f.png,14
data\processed\VB.AT\0156b8a85f15673fec4240e257926b37.png,22
data\processed\Allaple.A\0307f6b49eae05aa5dbe5ebe337d144d.png,2
data\processed\Instantaccess\00387a69298fbc0f8b062b20bd09eba9.png,11
data\processed\Yuner.A\00bdccce8654d1d6474f055e161acbbe.png,24
data\processed\Allaple.A\06dc13b566b3c66c52cb4a0857518626.png,2
data\processed\Allaple.L\074816fe471671f21e61921adbde2895.png,3
data\processed\Lolyda.AA2\003fd7f1abcb3c12598770f445b4cff7.png,13
data\processed\Autorun.K\03f9e27d921becc346f1a2da7a9ac317.png,5
data\processed\Allaple.L\069ccdd2580230fd0895ec8f4114e885.png,3
data\processed\Instantaccess\015347810d309d318d52030a067f6b4d.png,11
data\processed\VB.AT\009c0b14e1375852a711018326ff3d8a.png,22
data\processed\Malex.gen!J\03b93c16f4b0d3307a449f931a7458ea.png,16
data\processed\Allaple.A\03333abd546e98ebc90ebd100b538c75.png,2
data\processed\Allaple.A\03b71f44b14292b499b86a3752d51703.png,2
data\processed\Allaple.A\07d40318d47496065f13ca82e39e1fee.png,2
data\processed\Wintrim.BX\002e3fa25826af1d7214bc08883c25ce.png,23
data\processed\Allaple.L\008bd2d7b7e7dab29c59868b3b48ab4b.png,3
data\processed\Swizzor.gen!I\04efad9c74f24e6001e078ccbbef344a.png,21
data\processed\Allaple.A\083a4e4483aa2c7baedd52113e476adf.png,2
data\processed\Fakerean\03dcdfe6fa6b38e762d3493989efbd34.png,10
data\processed\Allaple.A\07c5345962e968477cd150ec1b206254.png,2
data\processed\Alueron.gen!J\0120dde34951f6cafcfd5331365279bb.png,4
data\processed\Allaple.L\00ecc653918e7d3a9f40ea1208850990.png,3
data\processed\Fakerean\0355bb5efb8865cc24c3ddc056fe40f1.png,10
data\processed\Lolyda.AA1\009298c2aecc445563935dba97f9ffab.png,12
data\processed\Allaple.L\006188aefd168d27cbbffed7eadafc1a.png,3
data\processed\Wintrim.BX\0002b4977d10f2e5252ff839533aa55c.png,23
data\processed\Instantaccess\0015ed29065c163bc94bea4924e179ec.png,11
data\processed\Allaple.A\05dd56edbf6510138446bb1413dd7bea.png,2
data\processed\Allaple.A\015dfcafbae00c4b4807209f9c346e13.png,2
data\processed\Malex.gen!J\0879fffc105d679cde28d045b64354a5.png,16
data\processed\Allaple.L\078dada85e82ee4448acf1c30f46304e.png,3
data\processed\Allaple.A\0770285b9ff1c9c70d810008c7ba88b3.png,2
data\processed\Dontovo.A\009eef54bed810315b56c399c7e0becc.png,9
data\processed\C2LOP.gen!g\0787eb31a7cbe101c78b65258c583149.png,6
data\processed\Allaple.L\06b1ed358d4e50e07a4fc0dad7b1ca7c.png,3
data\processed\Allaple.A\0443b5023e928cf9aa0c9a4dd1ebc801.png,2
data\processed\Instantaccess\01d578b3763bf1bcde6a44dce74f3f3e.png,11
data\processed\Lolyda.AA1\00bf90bbc607eb1c461e1c7d7338f18a.png,12
data\processed\Obfuscator.AD\06bc4ab4872b0b71cc6eb4c8397aaf03.png,17
data\processed\Allaple.L\03e90571b48e3c54df121399936322c5.png,3
data\processed\Allaple.L\011a7f03dfcb8c471aa2a2b1384b3bbd.png,3
data\processed\Allaple.L\0876e17a22e1f6076f3e5b5333281685.png,3
data\processed\Allaple.A\00718458e8f0dba52f6ae9ff93f83720.png,2
data\processed\VB.AT\0678b086a7b442a2ba6c89cc1c78d98f.png,22
data\processed\Wintrim.BX\007f3fdceb9ed58379494cfb77ea0a96.png,23
data\processed\Allaple.A\04b2fd3af5579d49ac2d73a9be936fdc.png,2
data\processed\Yuner.A\04bb53aaf0c6de7b197c0426e416be75.png,24
data\processed\Allaple.A\08821d54c55f0b067c3827b5be07944a.png,2
data\processed\Lolyda.AA2\009728c1b38cf70199b6262da0d97929.png,13
data\processed\Allaple.L\01a525dce85537ce63138988427c3642.png,3
data\processed\Lolyda.AA1\000f34661cf3b76a354ba6fecde8167d.png,12
data\processed\Allaple.A\0125652b5446993f412546eee833690e.png,2
data\processed\Yuner.A\05cbb31f16996a813782b1a9f51bc671.png,24
data\processed\Allaple.L\010c509916621bcc68fd36f116479f30.png,3
data\processed\Allaple.L\05ce9b60078cceb15e92dfccf5eef990.png,3
data\processed\Allaple.A\03e9fbfb7fea11708771364bd9c92f3f.png,2
data\processed\Allaple.A\0108a92717a196bab13adc9a3506a7b4.png,2
data\processed\Allaple.L\0177db125a473c29f89ace153c2d7e38.png,3
data\processed\Allaple.L\01d1bca1ad182fc296feb7599b198070.png,3
data\processed\Allaple.L\07be15ad3e9cadba0fda6884ac29ebcb.png,3
data\processed\Allaple.A\05a55c1a320dfc04baf01a6a5e5669bc.png,2
data\processed\Allaple.A\07888df660501bb07ee99ca69d9ab54c.png,2
data\processed\C2LOP.gen!g\02de8936e29d19f555da0225d6f65465.png,6
data\processed\Allaple.L\00f13cd50aabfa96f829796c80037d12.png,3
data\processed\Fakerean\002cda63051e77bf3b394d97f0d468e9.png,10
data\processed\Allaple.A\070edf41abf5194b47305667d3128894.png,2
data\processed\Allaple.A\0737497969b40f0561ad8e180c040131.png,2
data\processed\Allaple.L\00e6f6be900b5cf7f6d5f12ccf014930.png,3
data\processed\Allaple.L\06d16b3c8267a856bfb4d68e83e04e06.png,3
data\processed\Allaple.A\0376cdfc944b0b939e624c5b99094232.png,2
data\processed\Allaple.A\00383a0fb7b10d662f3279df4438a8c1.png,2
data\processed\Allaple.A\086c9a2a8be52f7d2e687e659b192b71.png,2
data\processed\Lolyda.AA3\00e1e7804975da1a6558309c5b834caa.png,14
data\processed\C2LOP.gen!g\0503b57c774013bc3702d223647af138.png,6
data\processed\Allaple.A\03ebee52df09d2392261679ce1e360a4.png,2
data\processed\Allaple.A\00b34d25e83e355f872cec71c4586997.png,2
data\processed\Allaple.L\006d6a34a94479f4ee9ee243ff6b9012.png,3
